account,externalReferenceId
86100034,CI76A4373F4A444A2FAC
97730287,CI4955544A931B471683
97662981,CI0B4CF8C4EABA418FB8
97730354,CIC97A084C77384BB69F
86100008,CI1E5B5990BB7A477E9B
97730615,CIA9FD449A3E514CF681
97730112,CIDDAE50F0C469452A90
97728629,CI282C1A85DFFA4C579C
97730238,CIDAE9ABA190134DB4A1
97730460,CIE400F8490B244314A3
86100025,CID2534ADF0B114E91AC
97730336,CICF0E76740C0D4C7AAF
97730002,CI418BDBDA4CCA456B91
97730243,CIA0866ABD9EF0459CB5
86100026,CI26A8C60BA5054F2F94
97730005,CID0CBE466B80044A4AE
97730246,CI109F47BB124E4F099C
86100027,CICCA2D297DFE845EE99
97730125,CIEBF6350E5DFA4D5993
97730667,CI156755BF936642A0A7
97730022,CI106ABFE4EB7C45E9B1
97730125,CI1F2621D2F9B84D98B9
97730030,CIC46036E35D07452C8A
97730343,CIFC710916A4914BE9B5
97730670,CI4A02D6B6D1D140799F
97730466,CID4EA9B8DD5734FF2B3
97730463,CI6D6673F5082742CDAE
86100030,CI6EC4304782CC415BB2
97730129,CI1F957C93C2FF4E9D94
97730344,CIB20790E839274597A4
86100001,CI5111C54802AC4130B0
97730057,CI2C5615038F524C8F9F
97730271,CIEABC51EDAFCA48D09F
97730468,CI5F6FE6C8E4D049C3AD
86100031,CIAC6D9E08888A48B289
86100028,CI6619E8132C3E409EAD
97730054,CI6660EEC78A9A499AB3
86100002,CI3CA9D64A38AC4E1BAD
97730143,CI687A790BCFFD4C5BB2
97730058,CI1E3E7C67E2C64D3798
97730274,CIAFE98FF918AD4A20A5
97730470,CIBFC09A1268BB4EC6BE
86100032,CI40B124122F124408AB
97730151,CI6D6173487E61433E94
97730059,CI01C53259B944423886
97730475,CI3EBD55983BB8433BB9
97730342,CI7E9CF07248F741308E
97730347,CIF9DE9110366040ACAF
86100004,CIC154C828948F425E8A
97730345,CI7013AD5F8FAF4C2F8D
97730060,CIA30499B96BAA49E9BB
86100034,CIA85EEF4DAEA844EC8F
97730158,CIFE4CD6FEB5D1407E9B
97730348,CICE0F75D69CC841008A
86100005,CI0A7F4107787A4AC49A
97730285,CIE4A7590F1FA24E1987
97730063,CI21C9B8828CD8414989
97730286,CID7D1D34CC1FE4DA6AE
86100033,CI77DB99218A4346FE96
97730481,CI235DC7D28D354051AA
97730337,CI777B410281D54B5CBA
86100036,CI28F0122DBA964512A0
97730353,CIF98C2BFB1383420D8E
97730461,CI78BB87E24FF34D0FB8
97730246,CI78F298022E544A53A8
86100007,CIE4AB27F4284440D39C
97730064,CID5F6186B746041EAA3
97730062,CI79AFC5788EA3400CBD
97730482,CI2F9AC47CA34B4C208F
97730354,CI0766CC56EDC443DF84
97662981,CI5D9894C6C74A4088BB
86100008,CID3841D970A7E486DB5
97730067,CI44A4BF63A54749C9AA
97643309,CI53BBDD75C2D845AD98
97730172,CI358A004AAA804961AF
97730294,CI7EA6E6BC5DA94DE38D
97730174,CI6F31355C683C466DA7
86100009,CI7FD6F36C42DE453AA6
97730379,CI5008D29EC97C4C1EA8
86100010,CI24386B838BCB472CAD
97730071,CI4E02D5AF08DF498DAA
97745795,CIFC8BFF2A7F9644AC87
97730176,CIF0C8773DA03847309D
86100011,CIF349E2ED8E0D445289
97730295,CI6DE1FC29CF074EE6A0
97730570,CI74AB2408CB36460D92
97730170,CI78CB19C933554D368F
38832157,CIB47947E1BF4E4D3BBB
97730177,CI77A32CBC89394C8ABD
97730076,CIAE1E082C42F8464E94
97730114,CI1D422AEBD6054F8199
97730616,CICA730B4EC2474A6C9B
97730243,CIFDBC565E17514BB189
97730461,CI4AE66A6B744E45C4A9
86100026,CICB3EB76107B7400291
97730124,CID6685901527C4F6AA6
97730337,CID5104B1893AD4494B8
97730619,CIF1B9967AC47245AE90
97730246,CIE23DF9552876411C8D
97730462,CI12EF059242B3477BAC
86100027,CI1A1FC844FA044E65B7
97730125,CI33C76B5A7D9E4C35A5
97730339,CI34D06A01BC9645AE8E
97730667,CI351BA246A5E54E3DAA
86100028,CIA56443CF0D1D487492
97730126,CIB72B1ADF49CF46A5A8
97730342,CI260BEF2940F9440E90
97730030,CID03AF4BF4C73480499
97730668,CI40B4D798EB4F44EE97
97730266,CI07D6B9C29EB14D00A7
97730466,CI0289B1A288E94B7E83
86100029,CI00DCC92158504F4AAA
97730022,CI55EAADCAF7F5450CBE
97730343,CI51EDFA9DF3954CCA88
97730054,CI53634BBA30D4450E80
97730268,CI55186EAD1DF848DDB2
97730467,CI2F53D002770B4A5494
97730670,CI6CDDFC9081FA403B91
86100030,CI4EDA802182994F3ABE
97730344,CIB0562FBFEF274084A2
86100001,CI2A9A09262151425591
97730057,CI57B0AA8EDCEA438FBA
97730271,CI36A1D6950E4E4B419C
97730129,CI6D0848E59612441CA2
97730143,CIC5F25268F2AE4024B8
97730345,CI187DCBF0CA9B4A60BC
86100002,CIAF067ACAAAD84D1C90
97730274,CIC36F05BA9CA6498EB1
86100032,CI4AC4AAEE0A2B4EAB88
86100003,CIEDA309255D294918BF
97730463,CI7AB3F8689A5F4CA382
97730059,CI245D8D22F5DE4A2583
97730277,CIA9E1912B21794BAF84
97730475,CI36780AA267D34530A7
86100033,CI68468E2F3584401684
97730127,CI7E8E35137878406480
97730158,CI62371E5BA17B4CB0B8
97730477,CI1AC9C662180B4C0B93
86100035,CI3AAD250C479144E4B6
97730162,CI0CFE4F9710974F64A9
97730350,CI3980CA07F0B741E49E
86100006,CID601B18B06194B929C
97730286,CI22774530F00B4532AD
86100036,CIA94C19D9933447CEA4
97730167,CI3FCDCE2DDFEF4D53A2
86100007,CI63D8EDCF295146C6B9
97730064,CI335F0A66D8C24C10A5
97730287,CI7E9B076FECA0489194
97730482,CI179B6B97EED5442797
97662981,CI468D92B08A614E2BA5
97730354,CID4984A2E96F6459C88
86100008,CI3305A94AE40D4C12A9
97730285,CI788D0324B4184B51A5
97730067,CI316EB20B17424387B6
97730290,CI3AD293481BDD452984
97730484,CI19DD870CA0CD449B9E
97643309,CIF8A4271F8B5948D49F
86100010,CIEEB3C0B49F4E42478E
97730069,CIB661CBA0299249BBB0
97730356,CI6C5AF9FD9633448E8A
97732048,CI5F220EF66D7048F69E
97730174,CI4E6907EE36BB4D38A7
97730379,CI414AEF1B3A4940C095
86100010,CIA0087B32AB2347E5BD
97730295,CI339B678E4EE7443E98
97730488,CIE024B12AFA9F401DA0
97730396,CI01C5E686BA9B4EB598
86100011,CI19DE4A74D45C430BAC
97730296,CI55E79DEFCAA641FEB4
97730570,CIBF6DCE70286548CC8B
97730177,CI52A5CEDB1FDD4E90B0
97730402,CIB59BE703C3C44F2895
97730076,CI317428E4758840E983
97730301,CI5CF2E1D4906A4E2AAF
97730578,CICEEF27D4764C489ABB
97717286,CI2F947A738035475CA1
97730179,CIB90104953ECD41D3A4
97730402,CIA7A5A91E7F0B401595
86100013,CIBBCD08219DA04A169B
97730078,CIC05D748AFBDD4CEE92
97730124,CIC5CBABED74534387BB
97730005,CIA5C55072E4DC47CBBC
97730619,CI28519DAC11A64CCF9E
97730246,CI4A84D84B4AA14576AB
97730337,CI0CFBD23D6DD24D8C92
97730462,CIF588A68D4C87430985
97730125,CI6548E78A512B46FBA2
97730339,CIA702456857E04C2393
97730022,CIB0179904D7C148D08F
97730251,CI28A2E666EDD24E3399
97730463,CID3172C6F2C0440A393
97730126,CI0E172BFA2CD443CCA8
97730668,CI31D1F84636A1494D94
97730030,CID26459FF338940539A
86100029,CI4200A443C46343B0B9
97730268,CIA293181C08794F5681
97730467,CICF3844C3DEDD4970BA
86100030,CIAE4EB4818ED543E895
86100028,CI55EEFF1DA94B49F989
97730129,CIDCFE9F8393BF4147BD
97730344,CI35C61D526D034E7CA5
86100001,CI2B4E372CEBE342C2A7
97730057,CI40FFC68615A94AB09D
97730271,CI55E05E159F9845B889
97730468,CI0195AFCA10604B8EA7
86100031,CICF7DF4892DEC468C92
97730143,CI02FF9C2CF6F94D30A2
97730470,CIF9E36A7C4A884C288C
86100032,CI6FA632163D1643F391
86100004,CI242FA393CC7D4D2884
97730059,CI2F9EE5E575E94983A5
97730475,CI5BABA6164FB4465FBE
86100033,CIA93EE4B382F94C99BB
97730277,CI659036F95EEA45BC93
97730153,CI1628E654533A4A5BA0
97730347,CI0CA37F9E62F541CB80
97730283,CIEABE0ACA33DA40C894
86100034,CI1EF4258754D74C0CA9
97730342,CI7A17D16C13684E7795
97730158,CI69409ECEF9494FD88A
97730348,CIF13B55C49AA443EBB7
86100005,CIADA24AC8EF4B42E182
97730062,CIBC5D124531614D02AA
97730477,CI6C7F9A737E0C4B9EBD
86100035,CIF31DE98205BB49C5B7
97730350,CIC324BD96E28046688C
86100006,CI7D6B303AF83847D390
97730064,CIBE2701068A6843B892
97730167,CI5B8B684B85B848A0BD
97730353,CI3FC315EB571C42BFB8
97730287,CIE205A99EB84A49FCB7
97730482,CI305DD22C02ED48C88C
97730064,CI6861FCE20ADD4C86B0
97662981,CI3A4D1E2697334DDFA1
86100008,CIB67C085A141647E987
97730067,CI68E26F1FA7B54647BD
97730484,CIFDAD8BA49CEC4D1A96
97730172,CIB1196C1425DA4ABAA4
97730356,CI60AC1D08B2BF4EA4A5
97730069,CI55A4204CDEE94E72BB
97730294,CI3DE51FC2AB8B433CB5
97730487,CIFC0B3AC9AA3C489799
97732048,CIFC6C3076C4484BF6A6
97730174,CI20E46A6396D34BE8AC
97745795,CI4F8274EA28EE4B2399
97730176,CIE107B714CB3C405A84
86100011,CI0ECD842058BA45FDBA
97730075,CI327AF2917355478EA5
97730296,CIDFE9219B3DE8413190
97730177,CIA540B16857C24B30BE
97730402,CIDA390127B1A54C6A92
86100012,CI5899C1CD33F84DA3AB
97730076,CI14DEB9E306D94221A8
97730578,CI39AB08383C914748AD
97717286,CI393BFB89FF6A47D4A9
97730301,CI68F1EB7EB99C41C494
97730179,CIB57BD3065F69443BA6
86100013,CI56CBD8666AEA47208F
97730379,CI7549D6B3079A43DCB6
97730078,CI0AF3BF436D504C36B4
97730305,CIAC9ECD4B6DE548F4A3
97730581,CI1E8BA64F013C4B4FA1
86100009,CI779DCF16D78844EB8E
97730405,CI1852AA10CBB140CC9A
86100014,CI4874B15109BF4269BC
97730083,CIFC121EBEB94646849A
97730125,CI01608D2A35B14A22A1
97730667,CI582B48ABE3D64EE2A2
97730339,CI9026FC82DB8F49B7B8
97730251,CIDEC231461E074FF787
97730022,CI61E668260647481495
86100028,CI0F40F8E611284DF7A6
97730126,CIAE753819618C475D8D
97730342,CID0512A447C684D7483
97730030,CIB32A0387C04A444D95
86100029,CI21DDC2C10A2C4952A1
97730127,CI19B750F0BC574A1BA9
97730343,CI3C193E9BF99844958F
97730054,CI22296F477293449587
97730268,CI3423A7CC21354438A9
86100030,CIC5FACE194F564A3DA4
97730344,CI14779827B1CC4D5F9A
86100001,CIB2A7B897256C498BBE
97730468,CIE057B40454FB416198
86100031,CIA4E28C9FA5064D98A1
97730129,CI56F69D60BE1645F4B8
97730271,CI579FEC7795B8439CB7
97730345,CI5A06D4559149412486
86100032,CI32445595CB2245E48B
97730151,CICCF7C27D6E384BCFB0
97730346,CI284369B8C34443BF8D
86100003,CIAF4333D4674A49BA9E
97730475,CIDEBC76A1A9F3496F9A
97730153,CI6C43AD19DB214AB1A0
97730347,CIF1177D549058427C81
86100003,CI424722904F26468686
97730060,CI22476494752349C2AB
97730476,CIACD979B176EE4B8186
86100034,CI1AA9EF4D7DF84EE686
97730158,CID4F74F282FB14E41A2
86100005,CI2028B9F3B02140B492
97730285,CI4E94FA05FAF8437BB6
97730477,CIBB0AA1826FD94077BA
86100035,CIE061E114576842F39D
97730266,CI7A3CEF31DE964E9CAA
97730162,CIE7A8193836ED4677AB
97730063,CI133E12DC6A5A4D5F82
97730286,CI3F48C3E2CBAB465EBD
97730481,CI1FCD2E2AA50240A799
86100036,CI7CAC607807B1403EB5
97730167,CIA8914609BDDD4D3B9B
97730353,CIB4B021678E8B484885
86100007,CIB7F825544473494388
97730063,CI3A780386E0AF408ABA
97730287,CI3E89BA6FAEB84C8EA1
97730482,CIAA7378F50FD140AB97
97730170,CIFA91306C455A4506A8
86100008,CIE6E046A9B51D4677B2
97730067,CIF72227A8D95F44D6B0
97730290,CICACD897884874AC58D
97730484,CI1F276A1AF8274CC48C
97730172,CI031864DD3BB7442586
97730356,CIE718802642144A15AD
86100009,CI255C79AB713B4011B1
97730294,CIF7D4E537D7FC48C19B
97730174,CI153B5E23724C47FFB0
97730379,CIB36EA0CFC6964926AE
86100010,CI3FAF3E92C0084EFF9E
97730071,CIB0CE8EDF805143D1AD
97745795,CI267551265F234F919F
86100011,CI5594537E46F247B7A4
97730075,CIAF3CB08E7BB745A481
38832157,CIB7CD96188AA14C5089
97730570,CI63AC3C11FC7F4F608C
97730177,CIEC21A9FA509A4CFF83
97730402,CI5B99A03F617F4ED0AD
97730076,CI122242504999408AB6
97730301,CI0BBD626831344FAEB2
97730578,CI074FCE2871464DB2AA
97730179,CIBA9E75A8864B47E080
97730396,CI75D0CC071F9D4D7585
97730305,CI59FB501AF20949AE90
97730185,CI0B07E757894E4E00A4
97736044,CI7FF61AF688A144FF85
97730405,CI6A3475F8C3E2470C9A
86100014,CIFF88BDD222884C32B6
97730083,CI73BB655F28DB4C10A6
97730308,CI3E8CB69B3C9F4441AD
97730582,CIE4E390F10D144D3A9D
97610919,CI66A094F257DA441AA7
97730187,CI55464240C8EF4572A1
97730406,CI282B603653DE4036BD
86100015,CICE64538DD58D49C483
97730087,CIEBD9BE9F1FC24A6688
97730126,CI26C9D0C4AA8D4A2A9C
97730668,CIA073492760614A0B93
97730466,CIBA55E45FF817497287
97730127,CI27155677F49F4BAFA7
97730030,CI89B1D5CF7979465DB2
97730670,CI07430D30B9D94A45AE
97730467,CI29A886E46B7A47FC8B
97730054,CI336DE87CC3F0447BA8
86100030,CI0CD5BF5392074DF6A5
97730129,CI3C7B72853C6E471D81
97730344,CI0D0AEB5E213F465BAE
86100001,CICD5CC670F5D944E5A5
97730057,CIDA43837C0DD24AAE8E
86100002,CIF7C80E1E0781481ABF
97730058,CI1888CFBC4215440B8E
86100031,CI4647B86A89BD487A9F
86100032,CI307EBEEF9FAC47EC84
97730346,CIB16E9AA06EAB42AFBC
86100003,CI0CF642DDC9374A5381
97730277,CIE2AFD24A0613469286
86100033,CIF6534A35A1F042BBBD
97730153,CI28FE884F32DB4951A2
86100004,CI2AE00E91E5A7485980
97730060,CIE41A389B001A4222BA
97730283,CIBF843A28CE524D7BA7
97730476,CIB593838014694544BE
86100034,CIBDC0ADEEC144472494
97730143,CI6FFD3A9A35774787A9
97730158,CIF99349B1D86143CBA1
97730348,CI3BFC7F001D774F5EB6
86100005,CIE0426B8092044197A7
97730285,CIA64F631C52354B7690
97730477,CIACD4E2D79BD34721A6
86100006,CIE57EB729BADE4D53A0
97730063,CI4A5CF1CA821246D781
97730286,CIAC475E76178B430189
86100036,CIF8B4EBFA0DD9407B81
97730167,CICD34993F001E42F0A3
97730353,CIF565EF194B664BA498
86100007,CI2E3492247B05491FBA
97730064,CI062FEC93D96943FBA7
97730268,CI7EC0B74EAD11483681
97662981,CI362DF2554E894A9695
97730354,CI128C87EFF5BF49B491
86100008,CIA372238EDB1542A08F
97730067,CIE6D7B17FFEFE4A6397
97730290,CIC777FD1093F54701B9
97730468,CI71130B787DD1450AA2
97730484,CI43005F6B12C3459CA7
97730172,CI37DC47BBEB864B5693
97730356,CIE48CFA164589453185
86100009,CI06183B2B1C9243328A
97730069,CIF516A76F883D4528AD
97730294,CI4DF78DCEEF6A4DBD9F
97730487,CI0E88CD215A614000B8
97730151,CI7406BFC9F2454C6D89
97730379,CI1D2E3CAE12AD48A3BE
86100010,CID517700131744BA498
97730071,CI261ABE118DE04D5993
97730295,CIF11FB780DF7A413993
97730488,CIEF7D47B20DDA42F289
97745795,CI7E42B757EF1E4AD2BD
97730176,CIB7D97C6C847548D092
86100011,CI380BFB2F4DED402FB2
97730075,CI18E522A5C70146A48D
38832157,CIE7A15B41630A49F495
97730402,CI08B559CE9F6F417B9E
86100012,CI570AA87664D8472AAC
97730076,CIBD45D012B4DD4158B9
97730578,CI149DA5F65034484BA2
97717286,CIF4007E23C2574FDFB6
97730179,CI5C23BF44203D4E39B0
97730403,CID7492A6D599B4E81B8
86100013,CI6D5B04DF580742D590
97730305,CIB07C02AD8D354BC0A1
97730581,CI0B2761A8E8F442BFA7
97736044,CI0D22E77C27044E3293
97730185,CIDA35A3D6860D432384
97730405,CI42AA149A56F24492BE
86100014,CID18F4FF378DE439F86
97730187,CI5C5D8C5C69BD415FA4
97730406,CIA3720AE07A8347779D
97730311,CI5E2F82F554394A8683
86100016,CI5A37808359574E59BF
97730343,CI8DD4642019FE4C0A97
97730268,CI48E159D5ECE94B06A9
97730467,CIFCB2E3B48D764844B1
86100030,CI0B28EDE1C3B548F986
97730344,CI2C1E463B83514F1286
86100001,CI6CF2E763063647C394
97730057,CIB3E867897077450F9B
97730271,CIC17037D97285408B8C
86100031,CI3C2CE47528A34A27A2
97730274,CI3DFFED7A54894C4984
97730151,CICCBE57D649774222A9
86100003,CI1D3CB92D62AD4A8A9A
97730059,CI27FAE3A8593546E48B
97730277,CI4A6C2C3049264E5D8B
86100033,CIEFF40EE031B54444B4
97730153,CID752F10457D54E508D
86100004,CIA69397A93C304D9F9F
97730060,CI0733AD79305049E6B6
97730476,CIA88931620C164F049F
86100034,CI0A559B2006B94493A0
97730158,CIF76D80667AD94B539D
86100005,CI5B1DED42498B4B2288
97730062,CI5460C9E4D0A44F8AAD
97730477,CI12EC7BB8F281453A86
97730346,CI6EFF8CF7F3954B3181
97730162,CIC526A700B5AD4A5883
97730350,CI01F78BF0070048F49F
97730063,CI503769EEBD5F4E26A8
97730345,CI65E659E65FBA400CB5
86100036,CI3F63B537AA6D45D3B5
97730162,CIA36868B99221480F95
97730353,CI217B5E603D9244F69D
97730347,CI68D3EF6D73074195B4
97730064,CI2B77A38E2B9F4F6CAC
97730287,CIDBB5B2D4B9834BFF8D
97730482,CI35190F9799E043F3BC
97730170,CI347B3C9250CF487797
97730354,CI465A21DCF15B47A3A4
86100008,CI1601A61EC136424CBD
97730067,CI594A7B4C702C4B65BE
97730484,CI26A2A3B0B5654635B6
97643309,CI7B6968564FB34014AC
97730172,CIA779CAB5100D4D84AB
97730356,CI3881D7DA5A844070A0
86100009,CI603B7F79BD8945F683
97730069,CI43D4133F4167482A8E
97730487,CIC1355668272D46BB91
97732048,CI68C13C03105640E891
97730475,CI7349C3E09F474B63BE
97730379,CI151C932E22AA41E881
86100010,CID44911A8E2464E3FB5
97730071,CIB71DDBB7829546DFBA
97730295,CI15D60AF5D4684637A8
97745795,CIB66728F689504B12A6
97730396,CIA9494A0F7A1546C9AB
86100011,CIC1AF4E3CF7024582BC
97730075,CIB1C70204DDBC410695
97730296,CIE2AD59C2EA4C4250B1
97730570,CI710F2B8A844144D7B5
38832157,CID802B681978141A991
97730177,CI3D7C5FB3E05E483683
86100012,CI066985F43CF04396AC
97730301,CI39A428C80EEF47F589
97730578,CIB995B0173BB1468DA3
86100013,CIFE927522F5534ADFB9
97730078,CIA1EE4B9464164BF186
97730305,CI2B10A260CE274EF18B
97730581,CI6F6073D9DA9B4E7585
97736044,CI244EA387BF1340E499
97730185,CIED93159ED8424B58B8
97730405,CI0221F544C8DA42E9A3
86100014,CI6F4DE7AE1FCE4781BA
97730083,CIB04D79E597044A4A9D
97730308,CI0FE3D54322A04B599E
97730187,CIC88B7C92CF4D4E0C86
97730406,CIE411A850102F497B97
86100015,CI20A2E077C40946AAAF
97730087,CI566DF714CBD541A086
38825966,CIA2B7AAFAB1274437BB
97730088,CI5CE04C8CCF72448681
86100016,CI78EE2EACAE7A4F8A8D
97728628,CI12478B3BCD6549A5B0
97730200,CI404F026C72A24F5B85
97730412,CI7AB916B05FA8472EAC
86100017,CI5EE4A77B0AAB4A8EB9
97730129,CI03C1B4249FA14F598F
86100001,CI3B140F6FBF1144CF83
97730344,CID09E6F5D2CA5442BB5
97730271,CI6E782360AD80460FAC
86100031,CIA43D84EEBFAB48FFB7
97730345,CI2364E0205C0E41D58F
86100002,CI56AAAEE74A504D3C84
97730470,CI0F439C69C3E14AAD98
97730346,CIA673124285C943C690
97730277,CI3220DEC0F55A4E1A83
86100033,CID5B0F589F7AF4B7381
97730153,CI1BA52575E8CD4896A8
86100004,CID937120922DC47AD98
97730283,CI2E7EC9E28FE34279A0
97730060,CI48735D8296464551B4
97730348,CIDBB74B81408B4A5C9D
86100005,CIAD8D70440E5B4FB692
97730062,CIAF97F4A792CA4700BB
97730285,CIB982DE55458B43E5A8
97730477,CI15ED6A307C324959B1
97730162,CI2E71DB726DE747CF85
97730063,CI4CD74C567B4643D088
86100006,CI557320213EDA473B93
97730481,CIF00BCD3971BD45088B
86100036,CICD8A7744AF8544F897
86100007,CIED86D09842B8481194
97730287,CI614A0C0CCFC8442585
97662981,CIA76D43445985435A96
97730354,CIA68402C06EE742C982
97730067,CIA4B553827B1B415DA3
97730484,CIA5C32EFAE6D04CF2B4
97643309,CIF4D5FEF2979E42CC9A
86100032,CI7A96D59D3B4D424BA7
97730356,CID516278DF51644888D
86100034,CI7C50BD5023AB450685
97730059,CI7DAF852995034FC0BF
86100009,CI26205612C5DC4C01A6
97730069,CI6BF20B46A43C4809A9
97730286,CI7DF94CA42D5648C3AD
97730487,CI7DE8D8C60F4042B5BD
97730174,CIE3C54487E434428786
86100010,CI5A0BB49FA421430FA0
97730071,CID6037AA596FB4E4D8F
97730295,CICB0B7F2CEA014DB6A5
97745795,CI0F76BA7CB6294CC9B8
97730396,CI06D80EAAF710412DB8
86100011,CI06FC66E762A5490599
97730075,CI2FDE0140F69D4CC2AD
97730296,CIE5D28DF312BA43F3B0
86100012,CI0ABD3A0F5A9F4741A1
97730076,CI4FF7D03D64374281B6
97730578,CIB893B16A905F49AB9F
97717286,CI3941085168CE4D038E
97730403,CI48AB556C91624D33A4
97730078,CIDC6E2069068B4C2B82
97736044,CIC076A1A0BDE54045BB
97730308,CI3BE15DC9E4494A9995
97730582,CI14007CCD4D6D4851B3
97730187,CI5CC64BC29296464EAC
97730406,CI63146F18A45B4AF683
86100015,CI0BB509BB8AD944D292
97730087,CI61480CB7494849BFB3
97730311,CIBE59AB7CBEB14196A9
97730583,CIC47EB51ECCB445E2B9
38825966,CI338A33408AA94093AA
86100016,CI24D923784FC04CB6A8
97730088,CI21752EBF4E3F4F51B9
97730314,CIFFCE6F847BB84BC88A
97728628,CIDCA3FD8D4C4048169E
97730200,CIC6D1CC56666841A19F
86100017,CI1C5CC03A07854DB5B6
97730091,CI5A0FC6AE6C204EC7AE
97730315,CI4376BD3CE4F24854B9
97730590,CI4DD18C4C2B39438688
97728746,CID3232F1CC90144DF94
97730222,CIB71D985D035047F8B9
97730415,CI06C2F21C28184DBDAE
97730346,CIC6EDD4CF44764ABC8C
97730151,CIB9A809D8BB4C4847AF
97730475,CIA185CD769B854CFCBF
86100033,CI666FEB4245C64CA5B4
86100003,CI09656FC322334BF689
97730153,CI7E8AB28172B4495BA5
97730347,CI00B8FCE384AA41038C
86100004,CIC8D41AEFFF984AD387
97730060,CI023BD09AC1C84D3182
97730476,CICB746770546B41DDB2
86100034,CI5A4405BB6E5646F7B5
86100035,CI153EAAE9B60C4DA082
97730162,CIA80EA5842733441498
97730350,CIBB638998DDFE4ED987
97730063,CI4A8D6153E9D24FEB9E
97730481,CI36A77A359C054E4C8F
97730285,CI51EC0CEEEED94C8694
97730353,CI0128E8695D704D1E97
86100007,CIA502D9A5FC7842799C
97730063,CI40CBB27163174295A6
97730170,CI1EEADDB7D7744B49B8
97730354,CID95496746D494BA593
86100008,CI166F0D15BA5947A4BD
97730067,CI491BA4E3E7AB498B8D
97730290,CI33191FBB0D494021B9
97662981,CI6F1E4F425F0740EAB9
97730172,CIED6D965658E24A4AB5
97730356,CICAE83FE2CA1646AFA5
86100009,CI3C1A53FF305747D1AB
97730069,CI6CE76FDC95E346C8B8
97730294,CIA02EF90D31394D4C8A
97730487,CIF5312DED2D0A41F09F
97730174,CID336282414EB4C4F84
86100010,CICDB5E0BE4678445B9D
97730071,CIB6E1F0CF390E4140A2
97730488,CI2B30F55940D3478DA7
97745795,CIDC6A51F2DA764DAB9A
97730176,CI226EA686E3464976A8
97730396,CIC1FBBEABB54A4041A1
97730075,CIFCB6BEFB18C4444EBC
97730296,CI215964778E7C4263AE
97730570,CI3AD7F0A2715A4F8590
97730177,CIC6FC7A8F8AA74F1894
97730076,CIB7F649C194F74FB7A3
97730301,CIE91D6888D2AF4E2995
97730379,CI71398D85431E4DFDA4
97730179,CIFD7070EF51F8416095
97730403,CI436E82E8D6984807AD
86100013,CI60CD6F9477294900AA
97730305,CIB0177F26D8AF4A09B5
97736044,CIA5D18D4E0EBF4DCE8E
97730179,CIA0082E074EBD459490
97730405,CICB857B92DC0F4AD793
97730083,CIBBBE6C648BE44DC8A5
97730308,CIDD3EEBA8E1F2454BA9
97730582,CI747ABE841EFA429FB3
97730187,CI675A0E096FF3495287
86100015,CI1DEE8012008C42D18F
97730087,CID79D71CCA865405DB1
97730311,CI1D62F61CFB424C929E
97730581,CI79159D3CB0E142C09C
97730411,CIA27383A0BE19477582
86100016,CI3B59D5E6B9804283A2
97730088,CIB72652363C3D41CDBD
97730314,CIB80B82B0841540439F
97728628,CI5930B38F31FF49CB9B
97730412,CI17F445BF062D481588
86100017,CIEB671C3FB51E4C3AA6
97730091,CIBFB9999B894A4B70A9
97730315,CID566AD5BA4944FADBA
97730590,CIC1271CE8DCBA4B85B9
97730222,CI664EABA9BD504E7598
97728746,CI7FA877A4162844948D
86100018,CI488127AE5CA24BB6AB
97730315,CIFF1E2BDAF5CE418AA7
97728637,CIB3B87060C6AB47D490
97730101,CI7CCD6CC3A0AB4B53B6
97730416,CIF3FCBC0913254C2A8A
97730105,CIBFA12B4776ED44F489
97730321,CIB4C3D1931C4149C892
97730226,CI0769DFDAEC8C4D6383
97730420,CI55C91D0DD4AA4B48B5
86100020,CIB7491A1DE2E940669A
97730106,CICD543B62588C4045A6
97730060,CIB78B22BD1C5246FAB3
97730283,CIB366B51426184ED6BE
97730347,CI6C014DC281764F23BF
86100004,CIAF06CA0B3C86451B97
97730348,CI79CC462523A14FFBB5
86100005,CI3E9C6DB1B9AD4329B9
97730062,CI07CFA2AEB0104064B5
97730285,CIEE101B84234A488F84
86100006,CI0EDBC1D7E56C4687BC
97730167,CI1410678F2D0C49D6BE
86100007,CI29C534A08AB14D3A8E
97730353,CI391F5DA139D14BD298
86100036,CI42D45BA243254C3480
97730287,CIA191865836654C128A
97730482,CI284FDB4EB235430088
97730170,CID93FE9C8A1E6417197
97730354,CIF296E839F53C411EB5
97730067,CIB1EAECA3A502426896
97730290,CI57309654CA8947638A
97730477,CI6A356FD88D89446185
97730484,CID99580A8F1EB49CBA7
97643309,CI4F2D37D1CA5F4AF7BF
97730172,CIC23025441888460C82
97730356,CI114C6B0614EA4670B8
97730294,CI52F715D6932A4A049C
97732048,CIAD165F2E08164828AB
97730174,CIF10A1EA64B85491985
97730379,CI43816691E4B04B5198
86100010,CIA59578C6DDF844D699
97730488,CIACE3CF27843D4D5B86
97745795,CIAD2181AAC8B84F569D
97730176,CID767831C24114F1CBB
86100011,CIB7B18B9531F04C0CBE
97730075,CIEF688C794E694E35A4
97730296,CI2040049141E84B18B7
97730402,CI2C535ADC56A2487987
86100012,CID5BF5F8C017A468A8C
97730179,CI52C8B30A88DD426099
97730403,CIF478D5B34DB440B6BD
97730396,CI70EA23C2FA744A31A8
86100014,CI1D0D560A1E184277A4
97730078,CIA3E0D0EB33B54C10AB
97730305,CI2FDF96AB281745599F
97730076,CI71FA76F0420B4872B2
97730581,CI6D3D277775564026B4
97736044,CI026F272DD1B2475983
97730578,CI733F2E697E754F54A9
97730185,CIC3F3477EDB174553A0
97730405,CIC1DF39BBD77940F48D
97730308,CIFBECE5A0A11B44D5A6
97730582,CI4ABFCF9CA87F4B968A
97610919,CI4326C84AD452434BBC
97730187,CI1C2D7376D3B5431ABD
97730406,CICC36CF2124FF4B448B
86100015,CI75313C1269C34CE5A4
97730087,CI686209B62EC5441A8A
97730583,CI4F53BBAC6A284A429D
38825966,CI38B2D18A4CBB41D988
97730193,CIE7C58B944CCA467E9D
97730411,CIB872129B1E704FAFB9
86100016,CIF7CEEC2E5FA941FBA5
97730314,CI31F58611F9C54932BC
97730584,CIA7A5C833A71C457EB6
97730200,CID36CF52C8A4B46F7AF
97730412,CIE66534CA482E4E0294
97728628,CI51446D61B7144E5DAF
86100017,CI092C26FB3A724A958F
97730315,CI56EB7548731544C981
97728746,CIB6312F7608F14E5AB9
97730222,CI30DFBC3D05224FAEBA
86100018,CID618DFA5B0344DE5B2
97730595,CI15FCEEBD06A04EFBAC
97730224,CIDC63738394D74578B6
97730416,CI7B781C35E69543DB85
97730316,CI716A310870BD4C8091
86100019,CIBEC124BD96714FCCB1
97730105,CI40BFE2C1C6754DE4AB
97730321,CIFB008817B2CA4E9E83
97730602,CI5B358A92A57C416DBE
97730226,CIE293449729EF465D9A
97730420,CI7D3A15E3EFDD43ED9B
86100020,CI710BAB7210B44D9EA3
97730106,CI61EB90C53E8D4F3593
97730323,CIC7B394B49BC54090B7
97730605,CIAB5010F5AD4C45CFAA
97730228,CI0A560AF1249E406DBC
97730437,CICFBA58F6F4BE4551BD
97730107,CIC59745C883284D3DB2
97730091,CIB1CF940C4C054EB6BB
97730415,CIA0B5ACFD1B3447458B
97730222,CI7B9E656AA4A949D084
86100018,CI06BD14F3A3784A1E80
97730590,CI1AFB5EED9BDE4DC795
97728746,CI808FC6B32DE144CE8A
97730101,CIB9DC8EB86F7E4F7785
97730316,CIE6CBFC459E5440F7A1
97730224,CI338A62DB5EBE4962BF
86100019,CIB229F18B9E0C4088B9
97730105,CI2DA893017BCE48418D
97730321,CIECF795EBE7304B77AA
97730602,CI1A62774ABE114925B0
97728627,CI35262FD2D7A44F209F
97730420,CIC758A7A08DF94FB7BB
97730605,CIA98416EAEB24435EB3
97730106,CI4A84EA60312D4F8486
97730228,CICBC7F634EA3844A694
97730437,CI221B4C7809064995B2
86100021,CI3CBAFE54FC1E428FB0
97730324,CI2746D7F9DD75481C95
97730445,CIB814A6D097704968AD
86100022,CI5A47F13227A9493E95
97730326,CI490269A78ED54E6897
97730607,CI452A98B04DE24A3D87
97730451,CI1D2008ACDD724CF7B3
86100023,CIFDCAB844A48544C3B2
97730111,CIF513B1F2A0344F3792
97730331,CICAACE0B334A840CF8C
97730608,CIF6F9EB6ACF0C4B31B5
97730235,CIE69471DFF2CF436686
86100024,CIFEE5EC6272944C66B0
97730112,CI123CA4B14FB7445A9D
97730335,CI664347FDD251411EBC
97730615,CI6BC1DA9901C04184A5
97728629,CI4431022153F74083BC
97730238,CI04C4B63D19AA49EE97
97730460,CID1D3769F83324E16B2
86100025,CIFB199D98C9954BED97
97730114,CI2AF92CC7D11742BEBB
97730336,CIC966C03E6B0A48F78E
97730616,CIEFAD61C406674AF785
97730002,CI4EBBBBAE85CC40FA96
86100026,CIDFE6ED3FC0094AC18F
97730124,CIA69FBA1C60C54344B8
97730337,CI4D16BCD862414C5BBB
97730462,CI259F6351675349948C
86100027,CIFF8AD301915549B1B2
97730125,CI08E34E835CD24AFAB4
97730339,CIC91EA9EEAF8A46D391
97730667,CI35C8571D5D714181B5
97730022,CI2DAEC7BE84B04A7F98
97730251,CI1283F4A7C8D84FB4A9
97730463,CI48DEF43516AA4149B2
86100028,CIFE75575375F641D491
97730126,CIA70332549517419EA3
97730342,CI05CF88C88C5D4032A6
97730030,CI203B799BC5964F3998
97730466,CID3ADBE33119E46F0BB
97730343,CI4BE46A9BCE1B42E38A
97730054,CIFAD75D85BD7C4A339F
97730129,CIFBAF611125B74FAD8C
97730670,CI0B7A29413E3540059B
97730057,CID7B505EA76D14ED997
97730271,CI0CA323E9F6FF437081
97730468,CIA85B6130F42F4F44B9
86100031,CIC67BC04A16724342AA
97730143,CI2C01E8C7880F467CA6
97730345,CIA2AD6F68EDC6408D93
86100002,CI0CA7724EE0544D7BB9
97730344,CI68D328E9CC0340B28C
97730058,CI5DD31808094F4C73AC
97730274,CI15198315081C47CEAF
97730470,CIDE4566DF5F1B478B8E
86100032,CIBE52ED9332C940BC86
97730151,CICE091ED71ECD4A928D
97730346,CI0E4A5D4F1CEC489F9D
86100003,CI7B466375056B41C2BA
97730475,CI67E459E6BEEE40D9B8
97730347,CIAC9FBEE75AD84D11AD
97730476,CID9158529502B4DDD8D
86100034,CIAB16BD908DB94887A0
97730158,CI726226197E424C9885
97730062,CIC2ACC82DF1D4436A95
97730595,CI2BE3491C0BFD4D20B2
97730101,CIDC022817152F47D7BD
97728637,CI01A18141815941C1A0
97730316,CIA78772EBF5A140D79A
97730321,CI3EC2ADBBE37F466FA4
97730602,CI819F562591CD47F498
97730420,CIE1D3097B5ADA4DCDB3
86100020,CIFA8807B2784B4A37AA
97730106,CIE73AB9E39CDB4B748F
97730605,CID446ABDB24DA497CA3
97730228,CI4C03C1EB118C402887
97730437,CIB3A2FE86DC3349C287
97729179,CI10437A4C9ADE4E73A3
97730233,CIE4B6B80952F846E49C
97730445,CIDD4DE8E3EA7E49D08A
86100022,CIBB8FA33AC9254D9C8E
97740936,CI572A3422B7E941FDB4
97730110,CI35804B824FCF4C2CBE
97730607,CI10ADB144FBFB4C2AB4
97728634,CI169276717E7A48AE8E
97730234,CIC8B4C4DD0AC44A3EAF
86100023,CIB635ADB07DBB44749A
97730331,CI38CC3FFDA5FA47D790
97730608,CI4DE3D4B0C42F46F5AD
97728638,CI5ECE851B28674D3ABB
97730235,CI3AA23F85E16743BEBF
97730323,CI6C689427240A4B9C92
97730452,CI3737E5BA6CEF4A4DA7
86100024,CI188077E9243E4B3796
97730335,CID39B790B90944C0396
97730615,CIEFA4DFC0613540E194
97730238,CIC644D1C8860D404FAF
86100025,CI10ECBE9B56A84CB39A
97730616,CIF7A20AE5C3D1447E85
97730002,CIBC943FF9A3074C5F9A
97730243,CI25A1BFAABF6E48BF88
97730337,CI1875FAA762F348259E
97730005,CI67ED53CFDF21487E84
97730246,CI0DCA78994C7347E39E
97730462,CI051AFB1115844C2EBE
97730125,CIDAC54AE6545449D1BE
97730022,CIC0E6ABF821B1491882
97730463,CIBC7606F58CE644E2B9
86100028,CI395595F54968494696
97730326,CI734AAEFE48934F8796
97730126,CI3CD02DF5367C4335BF
97730668,CIAD5C3CB519C44075A9
97730030,CIAB9ED9B28C6B41D393
97730266,CIF6BCC69462F24DBD99
97730466,CIC4FEA971E55C476D8E
86100029,CI67CDFC4D1A3D4E819C
97730127,CIFA2A7915E856496A86
97730111,CI752A16E62EAE4CB994
97730336,CI76C0E5F2B263468495
97730343,CIAE89F2F4D0A646D099
97730606,CI77B3A45C985D434DB9
97730268,CIB893F29D747341B982
97730467,CIE55621A69974491B97
86100030,CI4B7125CF6D70415EB4
97730129,CI27324FD996154F0990
97730344,CI002B3890FABB41618C
86100001,CI2C1502AF76CC405182
97730057,CI3AE1FAFCDD604EAF80
97730271,CI5ECDA954B8CE4247B4
97730468,CI02EBE4FD3C13467D94
86100031,CI16E5B040DDF944FE90
97730346,CI2FC300E14C4A45F6A3
97730058,CIAE4276346109441186
97730274,CIBFFE31C2741546E3AB
97730470,CICD6AFCC459564D8B94
97730143,CI66B8B751D8EE41D7AB
97730346,CI6FFF24CED2FA4C1A81
86100003,CI4882D83F5E0E4F8AB4
97730475,CIB5B975702C5A452F8C
86100033,CI4AB2C61BB2DC4153AC
97730153,CI397B324AAD5E45608E
86100004,CI02C79AF31A22441693
97730277,CI750927C173A34E8795
97730283,CI00952519516B4C8290
97730476,CI3E35F8967AA3458C98
86100034,CIF70196A9279A4AD18C
97730060,CI67F4408C0C784D1B9E
97730158,CIA757D185562C4EC899
97730348,CI5FBB04CFF809402FB9
86100005,CIB261709983D44243A7
97730059,CI76E15F4BA8954D1894
97730477,CI1C329350DCFD4299B1
97730162,CI7A2BF639A8034A1990
86100006,CICD0226F740754CD29B
97730063,CI6D34D0D82EA64888A8
97730107,CICB43A06A75B2471B90
97729179,CI43541563706543048D
97730324,CIE0BA9DA7D57C4237AC
97730606,CI3B1CCC5E83034045A3
97730233,CI80C0F00DE95747F493
97730110,CIE6011B2D435D444E92
97730607,CIE2FBDE46D6494B0DBF
97730234,CIB54AE69E9A084CCFA8
86100023,CICF0F5A45B11D4D5DAE
97730331,CI073485EF1C054E9AA8
97730608,CIC07050F5F8B04DE38C
97730452,CI16E9C90E7D1542EAA9
97730238,CI472E606623F84BB2B1
97730235,CI5B4AD61C6D584F2B95
97730114,CIA9F171C513694080B5
97730616,CI2D4996C8E9FB4835A6
97730243,CIF9555EAF57114FE082
97730461,CI2DD8776272884972B6
86100026,CIE865ADB6817648F69A
97730619,CI314785C12C6E4843AC
97730005,CIC35153A9BD81433BBE
86100024,CI6D4D843010C04CC085
86100027,CIE504CE994DA3491383
97730125,CI4D17A45965FE4CAD8F
97730667,CI2878EDFDA5124DBB80
97730124,CI6211EACE54064165A2
97730022,CI0FE364BC49B34AC5B7
97730251,CI4A6F561C647A4AE5A4
97730463,CIF9D5C2F1D49443F7BF
86100028,CIA6E00828174C45DDA6
97730126,CI4F4C0C75EC644A8083
97730342,CI3152817B4B2949069C
97728634,CI67EC604D716A40FBB1
97730030,CI6023AA9AB7FD4276AF
97730127,CIF4A0D224B54A4F0BB8
97730343,CI5AFAB2354F7D4A9096
97730670,CI651DDACE55DB4C638C
97730054,CIDD8E3F4E994A42079A
97730467,CIDD2EDA16CEDC4100B9
86100001,CIAB41C8FCA0C94409A1
97730271,CI2B26E5F912E84DEEB3
86100031,CID2EF4E055C9645BAA7
97730143,CICCC65256706E4EEF92
97730345,CI375BAC9896504E8A9F
86100002,CI412E188E093F4516B6
97730274,CI6F7682CB603A42A9A7
97730470,CI69A5EA75F8A0433DA5
86100032,CI05434654F7CD4005A4
97730058,CI737CE67055DF4DBFB8
97730059,CI5082FDC84B2E487087
97730339,CI77C77C66A608498582
97730277,CIB2BB14EF54E345FE83
97730475,CIC2658987B81A4C9FAF
86100033,CIC787C510822D4731A2
97730153,CI0D08311ED32C43779A
97730347,CI403D1DAA5DE349AF8B
86100004,CI137A328294234295BB
97730283,CI30B014928631411DAE
97730158,CIBB2E03F9F07A4D7FA0
97730348,CI27DDDD545CFE4D4A8A
97730477,CIA2B1D34FCE0645A294
86100035,CIB98251BFB62844BAB5
97730162,CIA5E5EFE004ED467A8F
97730481,CIB993564F39054EEC8F
86100036,CI101D4CAD9C90491E92
97730167,CI556B916BF6364F2184
97730353,CI625DA95F8CD9442582
97730064,CIEACA7E8D0AFF4DE587
97730287,CI2E4943CE0BAA4314AB
97730482,CIE03E902DB3BC4205A6
97662981,CI50ACBA560CDE422686
97730354,CI239983C189CB40EAA8
86100008,CIA8204FF2EE4848C0A4
97730067,CIA8EA5ABEAD244456AD
97730290,CIBBE54D3075764590B5
97643309,CI57C900DB0CBF4192A7
97730069,CI3CADD12D4D0E4C5886
97730326,CIEF5404352680446F8F
97730607,CI6145E4A85B9146118E
97730110,CI3F291622E1454DE0AD
86100023,CIB916AF4963424940BA
97728634,CI23427E0DDCFB4E71AD
97730111,CI56328D7BEF094670AF
97730331,CI286A9E0D64D44586AB
97730608,CI70668CE512BE4CE280
97730235,CID0BBB9EC830C4CFFB7
86100024,CIBEC0AC86644E4BADB3
97730452,CI378502BC6B714EE4BB
97730112,CID54EC6FCAE82435A94
97730615,CI4692BFE37F884BC1BA
97730460,CI360359543E09476A90
86100025,CI0B957D20D7684826AB
97730114,CIAC57A7D4232041DE99
97730336,CIA4422D9A42514089B5
97730616,CIA1D151FA8AE4466181
97730243,CICBE0D4EF70524868B0
97730461,CICA3F27F4CDD248AF93
97730124,CIE667CD97F868447BA5
97730337,CIBAA3DE3A578442CB93
97730462,CI550ED389D8BA4AEFB7
97730339,CI5DA4F437575D4FFC96
97730667,CIB45CD70AF9A743A8A8
97730022,CI47E403917AF2472594
97730463,CID40C4552F077452B96
97730126,CI5139E36A532646ED8B
97730668,CIC309A89DE6D8455B9A
97730030,CI50AB62427E22499E8F
97730266,CIA620DD7F414D44DDA7
97730127,CI47F53CD16B9C4731B7
97730343,CIB741C9843CBA4FC2A7
97730238,CI661DC8337BB44F6DBA
97730670,CIDE7E133AD5AA4E39A4
97730054,CIAD9295665AC44CA4A8
97730268,CI05164E58D6C0410BA7
86100030,CI40A2852372D6472EB7
97730129,CIEB40B54D372A48E29E
97730344,CI3B1F4111BADB4AF88F
97730271,CIDFBD4A7268DB4057A1
97730143,CICB8E2194F2A54F02B8
97730345,CI09440D1B7397499DB4
86100002,CI4A58D90A91B94FC9AD
97730058,CIAA418C540DAA4ABD82
97730274,CI210414D9238C4D73AB
97730470,CI262CA820070848A8AA
86100032,CI0FE1D739C6114C5694
97730151,CI38C0C9847F144BAD9A
97730346,CI0E2AB85E224D48FEB5
86100003,CIE3D06020FE81458DAC
97730059,CI6BD2D46DE3C84F4FB7
97730277,CID427E55E4BA348C4B2
86100033,CI0FB5DF9BA810492DB4
97730060,CI08BEE3F99279465788
97730476,CI2C582AFE00C34756A5
97730348,CID1E46E728A474FF0AD
97730005,CI78C768B3AAD64D8799
97730062,CICE9B6EDB4B8B40F682
97730285,CI0DC56DC6D5704C8D9F
97730477,CIB68D89332C7044E9BB
97730162,CID1040047CD644BCFA9
86100006,CIC6FB4404721749B895
97730063,CIE4456A5DA0B844C5A2
97730286,CIB6DB218D17C24EA5BE
97730167,CICF47F6E80C424AD28F
97730353,CI2B103F9940C4471A97
86100007,CID54CCD44A2FF4BECAB
97730064,CIF66EE48865D5486898
97730170,CIFC3DB3ED6B8048B4BA
97730354,CI3228F9EB49F2462798
86100008,CI4CB940FB077945FF90
97730067,CI263BB34927EE44F3A0
97730290,CI489D92DE4B294256BC
97643309,CIC011B70684B049C880
97730172,CIC3BB2CCBA4204FC494
86100009,CI0E3CFB1C4E7142F889
97730294,CI5AE128A58FC149A9BA
97732048,CI29C5838F5E364AB9BC
97730174,CI5C8534B8FAA74B5C9B
97730379,CIAFB4DCC2EAAA4BCDBD
97730111,CI8F9CF12CA4674B7C81
97730608,CI29271F8CAD93491092
97730331,CI6D232198248D46479C
97730452,CIF0A10F79957D4FA8AB
97728638,CIA146B62EF1144F9C99
97730615,CI2BE3A30FC211458B85
97728629,CIFCD45EA762A64CCDBF
97730460,CID0EAE12AD9A248F3B1
86100025,CI0437906E65424E589F
97730114,CI0490451DB3E640DCA6
97730616,CIA4AAFEF062AD4F1E96
97730002,CIBF7E7D7A8A4B43A988
86100026,CIB7D9D22DC82647CEAE
97730005,CI2B2177B4221946EA8A
97730619,CI4FA50042C27F4B268A
97730251,CID7A832DB1504475CBA
97730124,CI5C9E9BD4DBD1478B83
97730462,CI1EB26E54DD16427CBA
97730243,CI5D0B001F1A1B493481
97730126,CIA95F2705F5E04C20B5
97730022,CICD05730BB8044F829D
97730463,CIEA55725BB6AE403987
86100028,CI5E85417E3E074A7692
97730126,CIF8AA495D8035416EAE
97730030,CIF0C096CF25D4457B8F
97730266,CI12FF39C0C35341F2A1
97730461,CI6C4C881BE51A41E691
97730343,CI45F8EAB75385443BBC
97730670,CIBC5DEC06E8F24034B5
97730054,CI11FB76E4C97B4C33A2
97730268,CIA7AFCC95CA92455A9C
97730467,CIE2BFEFE5EC6C4316BE
86100030,CI073C5BDB21B3463795
97730344,CI1FF81328793A49ED9E
86100001,CI6F0B36F130AF44C6BF
97730057,CI205767EE08824642BC
97730271,CI683FDD37DB724D2699
97730143,CICACE3BDE798144D4A3
97730668,CI7B4E54AF702248F3BF
97730345,CI17902194447E4A5C82
86100002,CI02028DE14232416A97
86100032,CI55D5D4249C4D41F084
97730151,CIF30A67BCC228416CBF
97730346,CI0688FB3A70434D46BA
86100003,CI1C454C4A1DE046FFAF
97730468,CI70FFB8ECCCD84BB9BF
97730277,CI094020ED3D624271B5
97730475,CI58059989DC524BB985
86100033,CI24D992F2A96A4E5D8D
97730283,CIBE90FB2F39F1466A84
86100034,CI4768C3B72F0147F289
97730158,CID08542696C934BF1B1
97730062,CI23D294CBD2EA4842AE
97730285,CIB34B4E3EFF0F45949B
97730477,CI7DC3A849DD1D482684
86100035,CI306A1637C01546B3BC
97730162,CIF38DE6B845024E64B7
97730350,CI60BE539151BD4EBCBD
97730286,CI1A9D7307EF344CF790
97730481,CIA541A2453F8D481784
86100036,CIF5F0589C752B4A3DA4
97730064,CIE3CFFF4002E542AF8D
97730482,CIB9BC6FFFE2684D4483
97730170,CIA1D5FB6EF12A4C2790
97730354,CI2DF85ACE63CB4CCE91
86100007,CI690F707EDD7E4FF18F
97730067,CIB47786E3DF724C9CA2
97730290,CI4ED1551EC57C4285B2
97730484,CI4F40950E201D4AC7AF
97643309,CIC35A70FFDF9A4A43AE
97730172,CIAD435A7D0A824AADA6
86100009,CI19EBB5B432CA4AF9A9
97730487,CIF25BF27B71694B79AE
97732048,CI4DE84B12CAA14523B3
97730294,CI7E29A3E449C14DC585
97730071,CI40F064030E2F459F93
97730488,CI7E3DC4214AAC40EFB1
97730353,CI779D50B43E5D4C2EAC
97730176,CI2250C8BE462C40F288
97730396,CIAF2DA0AD4C044DB7B9
86100011,CI54322782ED5C4E078D
97730075,CI09B98F8D382446EC9D
97717286,CI27F4ECDFC08C46218D
97730179,CI97728D41120E4BD0A3
86100013,CIE9DDA4B55876420F88
97730078,CI005790B55FE146689E
97730305,CIB47F1F5DA7B94843BD
97730581,CI12771E97EA9C41EBA6
97730185,CI8081FA7189A445F48C
97730405,CI738BD8258A5741998E
86100014,CI0382B6062E6047D99F
97730582,CIB68808051139434C8B
97610919,CID139FE6180944F4D94
97730187,CI1B85617C7D0C400392
97730083,CI42D252D7DCDF4D0E9B
97730406,CIEDF7FA9531FB40D49A
97730087,CI171A750F535A483986
97730311,CI2C0E56CFB43C4882BD
38825966,CIE3E4A03360CB44BAB3
97730088,CID18883A585284E57B8
97730314,CI02D2DA761AD745C58D
97730584,CIC8CF45A0A3F1482DA7
86100015,CI53A6E2EEFFD049139F
97730200,CI40D743C796DA484D9F
97730412,CI58368F82FA90408CA6
86100017,CIB508F569E4FE4A609C
97730091,CIAA34F25F2FF84286A2
97730315,CI2A795253C24E4087A9
97730590,CIC0FD2E4B1EDB46C1AC
97728746,CI3D51C47E69CA40C0B6
97730222,CI5021E3EDFF394C0CA5
97730595,CIEA2AE5958EA143DAA2
97728637,CIA9985273A9C246A4B3
97730416,CI0BB0D93D300B4A4195
97730105,CIB746B65418574A8598
97730602,CIED81B8DDCD194638B0
97728627,CI4B8E3103E27A4CD3AE
86100020,CIA6491AC0D8034FD28C
97730106,CIA9748491A54D44BA8E
97730605,CIBD9839F77CAD4AF18D
97730323,CI54AAF2679E894F9D9E
97730228,CIF8AAF0199AD745728F
86100021,CI6613A18D4F67437C96
97730107,CIF20D9672467B4424A8
86100018,CI7ED0B2DF49BE4D3289
97730324,CIF1788BA0C840465796
97730606,CI689002CDC82D43328F
97730233,CIAD48A724AB0A44B397
97730445,CIA4EC522EE6884887BE
86100022,CIEA335A3DD78E4CE7A1
97730110,CIB99B2B159BFE430AAE
97730193,CI71E1928393C5437CA0
97728634,CI1D8A7481CD9A4CD0B8
97730234,CI4CFA068D5348431CA5
97730451,CI6CF0BC1A5D464C0CB0
86100023,CI07BDBB9F3AE34123BC
97730331,CIEC99D9C8725D4ABE94
86100016,CI76DDB86290F14DD39B
86100024,CI130339797F874C5589
97730112,CI274DA5FF3AEC44B1A6
97730615,CID258081311364EA3AE
97728629,CI27C9A50DB0204F469A
97730460,CI4BEF180ADF8F4C79B6
86100025,CIE5ACF20317E74FC3B3
97730114,CI689EDB319FB24B61BB
97730336,CI3CE9602371B9448781
97730002,CIF4EC392BE14245ADBD
97730461,CI3E2EAD2BEE52452996
97730124,CI4AB1F57BB8CB462CBC
97730619,CIE50C88756251454185
97730005,CI6B0F79A89B2F428BA1
97730337,CI7A8E5841413540F6A4
97730125,CIBC51BD0144304E55A4
97730463,CI35B68A40CA9742F3AF
86100028,CI095ECF4966C4469E8A
97730668,CIC52F79548E4346EBAF
97730030,CIC8FEDDD5E7B141DD87
97730266,CI48982ADC34894C4C96
86100029,CI7A15B3C29B7B4418AC
97730127,CI5BB8998A246B4234B7
97730343,CI5A27EDFFD98F4BCAAF
97730670,CIF1F8D7293FB943CFAE
97730054,CI13419ED396134802B2
97730268,CIB78E96D628D14627BD
97730467,CID4D3D2F0BE954C7BB1
86100030,CIBF2A3AA60F2043E7AF
86100014,CIE66BB9B306AF42E0A8
97730083,CIEE8A77A06C2E494EAF
97730405,CI5A41E4099EEC4F12A7
97730308,CI7B890ADE6E814CAB95
97730582,CI7D00BBBF23FF461897
97610919,CI422561262FF147A0B1
97730187,CI87EF4F868AED4F72BA
86100015,CI4D540CD9BB2E43F3B1
97730311,CIB14502F7E8914D5EAA
97730583,CIF5C05F0031D74E178D
38825966,CIFB7FF7F1CB03413083
97730193,CI19E82C4E3ADF49CB9F
97730411,CI220CCE4CFC2B4394A5
86100016,CIFEB92542DC5B41B881
97730088,CIB70184AB46394285AA
97730314,CI41861B0090BC4A6FA7
97728628,CIFB77F94B879F4C078B
86100017,CI39B8570C7FA24CC6B8
97730091,CIAE02A2EED9194F899D
97730584,CI463DFAC27DED435CBA
97730315,CI1DCAE6A5456A4588A3
97730222,CI131AC2C52D914E7DA6
97730415,CIEC428899A45740B38A
86100018,CIEDA6B1C3478E495EB0
97730101,CIAD51D3D567864D5AA8
97730316,CI276B04C7DE864D3884
97730595,CIFECE513511C9471C87
97728637,CI5E622D207A004D0E80
97730224,CI0F115CDC01F64EF8BD
86100019,CI03A38AA1234E472EAB
97730105,CIFD16C26B7723438AB9
86100020,CI46F6908283444699AC
97730605,CI3C6182B2AFBE453C93
97740936,CI3774328F159D487690
86100021,CID28E4AAAD41F4CA3BE
97730324,CI50E89E78D5474980AF
97730233,CI0DAD5E1DAC72415781
97730445,CIC4B8C45D15E54517A8
86100022,CI7CADDB197F184DE9AB
97730110,CIF4623F58318D4A1AB7
97730607,CIDD12A2199E0145F297
97730234,CI011B378AC9844DAFA8
97730451,CIEDBB1842A2914A939F
86100023,CI6F5C43EC15AB475AB8
97730111,CI7F74E7FA75EB4F1497
97730608,CIBDEC00FE8B7C429889
97728638,CIBD0EC36F1CBB41EA8A
97730235,CIAF55C5BBA23E43B290
97730112,CI1DA9F8AFC7414CF092
97730335,CI04D18B44BA70407186
97730615,CI403767CA40F047A097
97728629,CI0052366616204D1582
97730238,CI0A3CFF6E387F487D86
97730336,CI02A2BCFA27684D8E8B
97730616,CI71467DBFB0F14F9186
97730243,CI05F62DCD89A74FAF87
86100026,CI2EFA514131AE44A881
97730124,CI3627E6B6E52940B880
97730337,CID8011BD824FB4C17A2
97730619,CI2925792E68B647C388
97730246,CI36F38A28F8AE479BBB
97730462,CIE6F049EC088A4738B5
86100027,CI152FCB3524FA4A2289
97730005,CI5860554BE455475489
97730339,CI41F502AB91314524B2
97730463,CICE98064988CF494082
97730030,CI06B1E15D9D804F7199
97730266,CICBEA03E075C142B1A0
97730668,CI7F5AA6E6EF57499EBD
97730466,CIF25C13C497FC4DD497
97730127,CIBE7C7C01CD154DCC92
97730343,CIC25843E79D434E889F
97730670,CI410C03013C8543D1BC
97730054,CI34C839033EAD4C799F
97730467,CIEEEEDE82B9EC4003BA
86100030,CI0C5DE62465AB46F6AB
97730022,CI753FE758D6614AAD9A
97730129,CI46C43850B57D4BA897
86100001,CI1EA0928692464B708C
97730057,CI7D1E9A8767E34CF29D
97730468,CI642D48F7115A437E91
97728627,CI6A1058B6D70A4FE891
97730226,CID342E72F5314435BAE
97730420,CID3BE4D8A4FFE44919D
97730323,CI40D05FCEB67B4AD4A5
97730106,CIF6CA98CC139E4EE7B4
97730605,CIDF45A8381D684C12B2
97740936,CIDB12F6F576B2483DBA
97730228,CI16F19CCEE4E14158AC
97730437,CI18C741689A7E4F899F
97730324,CI3C188715A46B4228AA
97730233,CI067C3AEE4F5243F086
97730445,CIF1D944F40B1F402DB9
86100022,CIA12BB0EA67424260B8
97730110,CI4DC0CB7951644AA88E
97728634,CIC5AA13DD25A84520BC
97730451,CID67B3A9A8D694A7DB6
97730607,CI38FD996C3D43475490
97730111,CI38A6FB46FC2E475EAA
97730331,CI16EF41098A354AF0AD
97730608,CI26053F0255924C0FB8
97730107,CI55FE31A232D14798BC
97728638,CIA2E2890B7C514EAFBC
97730235,CIA66B10C5BBA3406D96
86100024,CIBCB691DF89FB46EBAA
97730335,CI37911233027E4C76AD
97730002,CIE4EF3E0277F443C6B8
97730238,CID63C27A213A649EB95
86100025,CIE3C352E8DF524117AC
97730114,CIAFBCBCA1DB3442D392
97730461,CIEF317A181B3D499595
97730002,CI60C185411EC545F19C
86100026,CID4CD0CEEFE6D4AE3A7
97730337,CIE125CE9DD0414770AF
97730619,CI04A98290633141B4BB
97730606,CI659ABA2CEE0740C887
97730005,CIF0BD1E6A29C14367B8
97730462,CI2076FCFF366C4D7980
86100027,CI5CBBAC0C54504AF781
97730125,CIA504735711954DFE8D
97730667,CI1BE543E64CEE418789
97730022,CIAB9CCCB3BA294124A6
97730251,CI60602FC43DD042F092
86100028,CI4C39DC324CEF4847B7
97730342,CIC992E0465108423B96
97730668,CIFCD3AD6EDA7D4035B4
97730030,CI0789B07EF87047249A
97730266,CI6BF64BABEFB14F7A90
86100029,CIAF82FBD6947F481F8C
97730127,CIC4106C3A6D2644C493
97730343,CIE705939753D84057B0
97730670,CI6FF83FFD88884E47A6
97730126,CI73591B217D8241A0A0
97730054,CI5519F216B8CF4D8686
97730467,CI2B7CD6CC44224DFF92
97730129,CI4079DD80BB2F46DBA7
97730344,CI4B15703738A34A51AA
86100001,CI3825C351DC5748A19A
97730271,CIAC887F7B91404CCEB9
97730468,CI0F1948B3CC7A49C8B0
86100031,CI76274FE2EE5343D4AC
97730143,CI14E149DA33FB4D2E9B
86100002,CIB8A99D85F396461E89
97730058,CI7F86DDA330484CCC80
97730470,CIE7231B82737C4D53AC
97730151,CI1582B8E728374E48B4
97730059,CIF718CCB061FF4D9C9E
97730277,CI2794A3CF09514DA2B0
86100003,CI346A282E2F264517A1
86100033,CI083653ABDCB4434C84
97730060,CI2C14A7B66EAC4E88B9
97730476,CID09198C17BAA46BDB6
86100034,CIAC4066399B7D4C4C8A
97730158,CID16C1803A56C48FAA9
97730348,CI0E997B5BA44742BFA9
97730477,CIB63E2673A5C24FF7B9
97730062,CI749A9F6077EB431CAF
86100035,CI4B074C12BAD84DC89D
97730162,CI10453316EC7B4791B0
97730063,CI27B6D13C79084CDD86
97730286,CIF17FECCA8C27419FB0
97730481,CI6EFCE90F1AD54F00AA
86100036,CIFE44B552E6794A7E81
97730353,CI5DC2270A939743CA89
86100007,CIAE6E1D24A50F42B29C
97730347,CI7853C2369DEB45D29E
97730064,CIB27BD8634D6648828C
97730482,CI3783E5334990477EA0
97662981,CIF33E5AFFD52740A68F
97730124,TEST_UAT_20260113_1
97730124,TEST_UAT_20260116_1
97730124,TEST_ILE_20260127_7
97730416,CIF69CD5BFEC304A7ABB
86100019,CI2DF6EBB90F224CEE8C
97730602,CI4015C507D4534BC7BA
97728627,CI3700EF5F1157493B92
97730420,CI7CC5F527D9774B2990
97730321,CI851BA7A258264A7490
97730106,CIDB9E95664D6A440889
97730605,CIF358DAEE8E814E80A1
97740936,CI23F2827F20B14383A5
97730437,CI0E4B125BAB29436197
86100021,CI38F15A3EDFD74301A6
97730606,CIECB63A87EF9A403599
97730233,CIA047592A49794EBE8B
86100022,CI5483E3132F6A4FC89B
97730445,CI567720E0CBB34423B9
97730451,CIFC03BD2303F74397BC
97730608,CI07BDE9BE81AB4C95A7
97728638,CIDE6220DFBADF4167B2
97730235,CID4DB636AE21A406AB9
86100024,CI5C1C0CD6768F429CBD
97730112,CIE4F5E4E3AECB4CCA88
97730335,CI17E886F8CB4A467B93
97730615,CIFB893FAAB4F24E7CA9
97730331,CI6F7D951D47A5496FB5
86100025,CIEAA4A55D66014E07B0
97730336,CI245969A1EA4D46DD82
97730616,CIBE1C7AD49F95478DAB
97730002,CIE95E340BAFD04512B9
86100026,CIBE1CB23D3E994BF5BB
97730124,CI4780C128E0424DEF9A
97730337,CID487820C847142EEAB
97730619,CI366C79C27B7D4D809F
97728629,CI7BDBB5BB10F94BC5B4
97730462,CI66E52B64A65E4324B6
86100027,CIE9484BE26D5D4286A9
97730125,CID8E8B1D6FDED40F39E
97730339,CI662971D5046F4A6990
97730667,CI6A0A36E23C764AF8B1
97730022,CICD1CF96F586D4184AD
97730251,CI5F6B3F609A844295AE
97730463,CIF8548252659F491A8B
86100028,CI211F73C99DCB466DB7
97730126,CIF9D309C0CB5A46AD9E
97730342,CI5672E377DECC499CBA
97730266,CID8E92C5C69C84A4485
97730343,CI66E3A758410F451AB7
97730670,CIA687BFAF7F4B43B9A3
97730054,CI67E411D9E48F4A1C80
97730268,CIBD3C9E50C5C044A49D
97730467,CI3CBE0E1AE0144D4EA9
86100030,CI2280B5FCDD2B4078B9
97730129,CI4C44B79124B74257AC
86100001,CI0B0F5CEFF84A4587B7
97730057,CI5DA75B75659C46A697
97730468,CIDD3B53ABA330490096
86100031,CI2073681846574CF9B0
97730243,CI79D90A5FCC2F4D13A9
86100002,CIA8F1AEC8C5D24144A4
97730151,CIE80900AEBC7E48EAA9
97730274,CI6B08B8B9A8CE4B41AC
97730346,CI0C96C14EC36C494382
86100003,CIE637A436379E49B782
97730059,CID232F6C265224D5AA7
97730277,CI3006EEA4FF3E4A37BC
97730347,CIEF524C3835204840BE
86100004,CID2FD1E81699C4EAE89
97730060,CI3EF0C7A88405465E9C
97730058,CI7E50E969F0694ADFBF
97730283,CI60559AE76C7648EDB5
97730476,CI46B57CA661624EFB8C
86100034,CI48B3795E7E944DF9B0
97730158,CI0C04BAAB89884BE8A9
86100005,CI54D14A0BCF544895A4
97730062,CI16031642EA8649759C
97730477,CI359A89620AFC43C8BB
97730162,CI21EF9C79D966411E8D
86100006,CIFF441331C74E4D75AB
97730063,CIFF07F72CE355407C8D
97730286,CI77EA7B730BEC4CA497
97730481,CIFC3FEE8D16D54C7BA1
86100036,CIFF4B0C0802A34920A3
97730222,CI0C9CD3BE360E4FABB9
97728746,CI2CBDA83AE16441D5AC
97730415,CI5023DD0F521744658F
86100018,CID0572C115D3D4868A3
97730101,CI44FF5CFB7C6E4EEFAF
97730595,CID70A1DBF268147CF81
97730224,CIFDB9E592474F4D6594
97730416,CI41CE884694304751BB
97728627,CIB80C1F13FF594C978D
97730226,CIF50BA2BF16634981A7
86100020,CIB28E95BE418945A488
97740936,CIF7A01E823F3C43EAA4
97730437,CIE4944452E25C43FBA7
97730228,CI34DF6EF045F64143A0
86100021,CI39D0709B5D0A453787
97730606,CI5AFDE9D38F02419B92
97730602,CI579061B9F2A84BEDAE
97730233,CI32A9B1DF13CD4B598B
97730445,CIC36A08CC3D914AB186
86100022,CI3E00812EEC6B4701A2
97730110,CI1ED5604D2F7F4B6F81
97730326,CIF759A141AD2E469399
97730323,CI6A0F0861C4E54E3CB6
97730607,CI251F0B391BD449A099
97730451,CIF5A657B706164DB4B7
97730331,CI46E358F345A2466396
97728638,CI053AF432A79C4AA1A2
97730235,CIE0C9A2F32B514FF892
97730452,CIE72105AB31C44CE6BB
97730112,CIE7654820F02F4B8FBE
97728629,CIF4985066A6BC43CC81
97730615,CI671EA99F6F2945E5A4
97730114,CI4303E2B346444DA6A1
97730616,CIB17300DBEE394A7DBC
97730002,CIB81E8C05C33747EA99
97730461,CIA8C6E6C675524A6F82
86100026,CIA25387F46F084BF692
97730337,CIEE758B2BD6B24528AA
97730420,CI7FAC9A777504402BBA
97730005,CI13F27884C037480686
97730246,CI4A6C748BC78A421E99
97730234,CI7F83D090228649FB91
97730243,CI70FC8BF0388043418D
97730125,CICEB369A4A9C2437389
97730339,CI42EDCC56125749008C
97730667,CIEB64F6E31D25403B97
97730022,CIF0A7C53EB53B467992
97730126,CI2FD856F831844AF9A0
97730342,CIEA444F82E9E449E29D
86100023,CI758424E1C0EB4E6C8B
97730266,CI0298A7CBE15A422491
97730460,CI7607D176751B4925B6
97730106,CI7651FA77E88047C393
97730466,CI07CD5CA74CC545F9BC
86100029,CI7ED34ED7A868490AA8
97730343,CIC6F94D0A0D2E4EA7BF
97730268,CID802D92D4BF0412F96
86100030,CI1D2D2E58FF304B0C8A
97730129,CICDFD988F24DE4D758F
86100001,CIEC2152A29C15407A80
97730057,CIDDE1160C8BC248F4B4
97730271,CIC77C2B55CEE444BD90
97730345,CI486494E6C4CD4E7296
86100002,CI6B8E026DB1FF4056A4
97730058,CI389B8B0B3E5142B195
86100031,CI6267E8678FA2418B9F
97730470,CIADF05CD4ED064EC594
86100032,CI7BD36339B3FF46CAAC
97730151,CI365534B5FF3C4AFBBC
86100003,CIF9E2B2DD817549159E
97730059,CI32DEF6930F7948648A
97730274,CI7E9A4001B0084ECC88
97730277,CI4745E0D275C84A4694
86100033,CID99D4A34BD0C4FDE99
97730153,CID1260CB53136481C9D
97730347,CI5D3B1B314CCC4A7794
86100004,CIB75C192FA7E843E38B
97730060,CI504677E15737485291
97730283,CIDAE11D8DC3684B5E82
97730158,CI72942ACDDFB945DB89
97730348,CI567A7DFCD325430880
97730062,CI61113F681DE84A4893
97730285,CIFF137D6B58424138A7
86100035,CI12E0F5DAAFB44E5883
97730238,CI80BF974240B74CE5BE
86100025,CIFF981A11EB6E4E62AA
97730336,CIADCA4ED3A53E4B18BC
97730616,CI748B0E2DB82B49819A
97730114,CIC40B0A01E6634A26A8
97730243,CIF95DCC50511546DDB9
97730461,CID7E40B781F10489A8C
97730619,CI3444C36495054123B4
97730005,CIE6F5833F64CB4EB089
97730462,CI2956E595CD6A4A159C
86100027,CIEB1AD2ABD71040CABC
97730125,CIC1A64C0123E047C4B8
97730339,CIB5C85492C2F54A31A2
97730022,CI192BEFEFD0084F20AA
97730251,CIBC89B87866FA4BD69A
97730463,CI11BFD65FD20B488FB5
97730126,CIAAB4148C1AD44FF791
97730266,CIF4FE1851248944E98B
97730667,CI58D63D31C8534798A9
86100029,CIAF0FE02D269E4BFABC
97730127,CI3CFAFC0338DA4AAFAD
97730670,CI1C12E39F47A74F258D
97730268,CI4B08B2E22E5D4C01B5
86100030,CI17D7F45E1A6941429A
97730344,CI4AB1E2879F9B4C88A3
86100001,CI27DEED6232F14967B7
97730057,CIA05ADC78881B45E8A9
97730271,CI0C1B59E900DE4C24BA
97730468,CI35C7C68F279E4E2D99
86100031,CI062A948D8D41421FA0
97730345,CI2AB330FD89144B8491
97730143,CI66CBA3418F824EFBB3
97730058,CIAB3ED6D1672443AD8C
86100032,CI5B2C4D12F75B432491
97730151,CIDA52ABE2E657466AB8
97730346,CI1E37AEB0B7954968A4
97730059,CI4CA36607F5AB45BF91
97730277,CI3C9905B215034F4887
86100033,CI676B0516FEDE4588A1
97730153,CIDFC0400C807F469FA8
97730466,CI7D55AA342D824EB2AD
97730347,CI130440EBBD2C4309A7
86100004,CIA3CB7D939FDA45C8B3
97730060,CI0A40C135F5864B18B1
97730283,CI4AF30D0A1AA74585B1
97730476,CI0BFBB6237398488690
86100034,CI208531DF17C6468AAE
97730158,CIF2ED3050D9114B6C89
97730062,CI31DFCC41D3624EDA9C
97730285,CIF62DC6295E6B498790
97730477,CI14902CC09D314A2DA8
97730162,CI1E8DD9A2D4A04C2290
97730350,CID274FEEB55634E8688
86100006,CI332FD64BF39C40B797
97730063,CI55ECC9317938426EB2
97730467,CI761D1D4DA3664FDEAF
97730481,CIBC0BE91FA56742EABD
97730246,CI773673CCCF6A4EA2B9
97730353,CI42A773FE951646B7B3
97730064,CI43F277772ECE4709A6
97730287,CI1B45165D95944CA5BE
97730124,CI787C3E16A21B422B9D
97662981,CI42FABF0D01A94214AE
97730170,CIF12225A5012A4171B4
97730354,CIA927427116AB410296
97730067,CI2291FA8A19DD4B34BD
97730484,CIECF6B8CC1E404EC2BB
97643309,CI25E8D902F89247E6B7
97730356,CI4C231E403C024C6EB3
86100009,CI054D48A04D2B4B2AA0
97730487,CI5F4A51A6D05F4634A1
86100010,CICEA0D8518CDF450CA8
97732048,CI7CCD05BB6AB542069B
97730071,CI09C0F51A50E04B20B5
97730295,CI38820BC776624F23BF
86100008,CI7F365EF9967D4B1FB4
97730290,CI7006DE0342E7460292
97730172,CI72BCE903D89448FF8C
97745795,CI269AE11AEB4E45798F
97730396,CIC256E9FB0D024367BD
86100011,CICB4C753012D5412080
97730075,CI52C954E4118E47A996
97730296,CIBF55F4E2FDF749EE9E
86100012,CIF17313DFC10E4FEE9C
97730402,CI78360C7EDDC84330A0
97730076,CIB64DE584105F40DD85
97730301,CI37B97EEAA495402691
97730235,CIC8C9E61FB0744F6F96
97728638,CI821B32C6D4EE40A7B9
97730452,CIB4941BE3E8A54DA2AA
97730112,CID26ACBD2192646508B
86100024,CI5DEBCF532CA24520AC
97730615,CI00CF72D262C547EE98
97728629,CI0A60B4C7454F4D909F
97730238,CI0AFE42B52CB441D5BC
97730460,CI52D98772609F4C9E85
86100025,CIE24CEE54692B418386
97730114,CI0711C39EDA6D4CA39C
97730336,CID497002D34F445008F
97730002,CIB68699E6314E404C82
97730124,CI0B45F479CFF94C98A3
97730619,CI3E16F523CACD4C7CA3
97730005,CI2E6ABECB2D3848C180
97730462,CID4103719402E4D7BAD
97730246,CI3768566A9E3C446FB1
97730339,CI4E324F6219F24B738A
97730463,CICED8B3FCC5E242A8A7
86100028,CI1213700B08D3401A92
97730668,CIAD9AC31110AE467A8F
97730030,CI5DF956F725C2422C8D
97730466,CI1C328212AD9F4501B1
97730127,CI35E141D9A9C244BEA3
97730343,CI574EE7ABDDA645CAA7
97730670,CI0EE6CB3C4F7D4726B0
97730054,CI5AD444178B0043B5BE
97730268,CIAA72032476D94CC796
97730467,CI10C0E872EE2D4BE280
97730461,CI6F524A8EF2234ED4B6
97730129,CI05337BD7F4BC461E88
97730057,CID0CEA1C89AF04F2AA2
97730271,CI305260F403804062BE
97730337,CI6602D358162C4AE5B3
86100027,CI695656FAE2CD46F296
97730345,CIF9CCC528F4DA41268B
97730143,CI6D4C34182A024F2A82
97730470,CI543D567BC17D4627A2
86100002,CI7DEAAB5433D64C618F
97730151,CI46F23B78B1A84E2D81
97730346,CI56B8E0B632F14A73B7
86100003,CI4DDE8030BA0F448983
97730059,CI6C8A277493A241F3B6
86100030,CI7F89BA9750CF48C5B8
97730344,CI70D63B5E45EC475C8F
97730475,CICF848B92880E40128E
97730153,CI577E508C317144A08A
97730347,CI33902DA14F0B462AAD
86100004,CI3059013F700A4F3CA1
97730476,CIF9BEF54B94CF4307BE
97730062,CIF63A59FBAB1C485EAC
97730285,CIA30009D947CF40B199
97730477,CI4F21D4E0234342C7A9
97730162,CI0D429FE8FA364F2AB2
97730350,CI3BC5099E26294429B4
86100005,CI7747EB551A814403A2
86100006,CI3F9E233B4BD1494BBD
97730063,CI01B21880CB7648D2BF
97730481,CI5758C3E3EBB84701B2
86100036,CIA7ADD627B5C34EDEAF
97730353,CI1DBCD5DAA26C491BAB
97730064,CI29D380CD82BC4B81B9
86100007,CI387B4E72E318429D9D
97730482,CI19E64798E570491591
97662981,CIF4EB2F7C7EBE494896
97730354,CI28F40BD1D44B423DB5
97730287,CI6D00F9FC55984149A1
97730067,CIDBD9431BCAC84E9BA8
97730290,CIF6D79082816341DA85
97730484,CIB775C6E52D5447F4BB
97643309,CI20C3B00D3A664AACAA
97730172,CIA8321A5AA6A449D8BE
86100009,CI0668CF1AE0794F4F81
97730069,CIA31B3FA4593046EE87
97732048,CIDA0740CCDD094F5EAC
97730174,CI037995CEF3B446C880
97730379,CIBFC18688D5D445E4A1
97730071,CI238C354671584DFAB6
97730488,CI113DE44AA10D4D49B3
97730396,CI3C3B40EDFEF549029E
97730487,CI77DEAD64D61F4FB1AB
97730075,CID5BCC4909B7040559C
97730296,CIFD890F044D1E4DA7B5
97730022,CIE3E77C32C3864000B1
97730251,CI255C196A1B0140DB88
97730463,CI8BDD7A367D2E45CE85
97730342,CI38D42D26F31F4E158F
97730668,CI1EA8FDC066DC4A3195
97730030,CIE97C4A1FAE7C41C794
97730266,CID8778F104923479588
86100029,CI57860CF6B3A64C30BF
97730127,CI2097E8A07545479EB2
97730670,CIFF4B5259B93942B8B3
97730054,CICFAA112D099040FD96
97730268,CIAF077CC5C9D24DB689
86100001,CIA41094C349D24144B5
86100031,CIE8FE22C58AC84EE486
97730343,CI57CD678254B541E580
97730274,CICD05E2E93A9F4AD8A9
97730470,CI012BD324599A463488
97730151,CI230C5F1393CA44E2BC
97730346,CI49839E9F58114437B4
86100003,CI18DD0513C750465AAF
97730059,CICA41FABB10C542FB83
86100033,CI4211B01C9EEB4E57B1
97730347,CIA45CD0873A174A41A9
86100004,CI24E8F24EB77844D281
97730060,CIAC460C297E46435BAE
97730283,CI55F3365C2C4548B787
86100034,CI2D664F4B6FE14FDAB7
97730158,CI18177F2ED2C24101BD
97730348,CI1EA0CE85EAF5415083
86100002,CI640EF54D12E941F998
97730468,CI65BB05A8CD1F42219E
86100005,CI060E5F5A0BD048E582
97730285,CIEC065A25736449B7BA
97730476,CI6668BEF9446A4DE9A5
97730477,CIC48BA70F94F2472B8B
86100035,CIC5FD940075804398B1
97730063,CICB25A16375A9491BA3
97730286,CI4CF7C07E75E842D88D
97730481,CI3427072BB85A4C1FB9
86100036,CIDEF4CEA3A3E44874AD
97730064,CIE40909CE2FB44D6C89
97730482,CI13D8F890DDC940C6AB
97730170,CIEDF5979C9EBF484BBB
97730058,CI73DF022B431A43E190
86100008,CI52E24F1E76F44E4681
97730067,CI4F290648E2964C70A8
97730290,CI33BF78B3901A46DD93
97730484,CIC06DD7BE55EF4515A4
97730172,CI1036285D3A434EBDB0
97730356,CIA62D257401B040BF89
86100009,CIE5ABAB7A8DAB48099D
97730069,CIF1947E16A4A64F64A4
97730294,CIE18BE8D4FFE74065A0
97730487,CI5BE1B53688044849BE
97732048,CIA3478DD4FDA249ED8F
97730174,CIDF5CC59E907D4F4FA7
97730379,CI654A21071ABF4DD4BC
97730071,CIC44B3B0CEFA64E7989
97730295,CI7EBF422606CA4B4F92
97730488,CIBD81484D4CD248D5B8
97745795,CI2969B2062F294E0CA6
97730176,CI2ECDCAA2A954456DB4
97730396,CI58C157A4713B4D1292
86100011,CI090981D4007945D3BC
38832157,CI31BA1241385E497CBF
97730177,CI0ECC506EABA74F4FAA
97730402,CI58FA4ECD6129414F90
97730570,CI62BDB39804D04FA89A
97730301,CI225276FE06AA4BC0B5
97717286,CI377F40A358954CD1AB
97730179,CI2559DB4147214073A3
97730403,CIEE455A7FED724B8595
97730305,CIF956C27448924699B8
97736044,CID7BD3F42CB7F4A54A4
97730185,CI5D18DEB49E774159A5
97730405,CI29B07FCC6FC9435880
97730083,CI2B6541D2E6CC4AF1B2
97730308,CI5867AB3E6E0049A299
97730582,CI593E656A1F164E438A
97730087,CID83AE5E754DD4CF49A
97730271,CI793F67D2408042ABB5
38825966,CIA84DDADCC9D74AB9B1
97730233,CI56EAE1C6FB4648DC9B
97729179,CIC507416E4356464F95
97730110,CI1730B0AD27744F159A
86100022,CI4D79B08D74C34EE287
97728634,CIE3D8C15BA8094A9AAA
97730234,CI59631856445C46CCBD
97730451,CIE8C8EE37F58D4DE398
86100023,CID24B4115C5BD4FDD9A
97730111,CIA4D819DF221146EABC
97728638,CI1DD7D50A365641F888
97730452,CI1863B368218D43A487
86100024,CIB209268797654F1DBA
97730112,CI0063B63F5DA04A8FB1
97730335,CIC49541FDB6D34FCB83
97728629,CI2F780633F9FD4C5399
97730460,CIA3CDA9680F8A4983AC
97730238,CI33E5894230AE49D883
97730114,CIF6A822F3034946A1A5
97730336,CI1CF51AE0CC0842FDB6
97730616,CI493D08CC948D459BB0
97730002,CIC6AFDB0AB1FA46538D
97730243,CI33CA488154D5432FB3
97730005,CIA61FC39E5588454C84
97730125,CIF17D5DA20DDA4E7C94
97730339,CIB7A6F83948AB44F7A2
97730022,CIFAD976BF45074E0186
97730251,CI5D7AFD61A999489283
97730463,CIDC9CD1A1DD58426F93
86100028,CIFC1702FB853141A3B5
97730126,CIB29C404C5AFC46338B
97730342,CI3C435261C54E4D37BB
97730030,CI3084AB9E38F64B728D
97730266,CIC036635553C34D17B1
97730466,CI05BB4B288057421D8E
86100029,CI0758F15153E4441D8F
97730127,CI055540E0A7B6468981
97730343,CI382F8479E2A34AAC81
97730670,CI312DCAA2C8FB447DAD
97730129,CI0CFCDD11078542868D
86100001,CIEA251AFE5CEF407197
97730337,CI7FFE7DBC84504AE1BE
97730057,CI6AB0BCE862084EC080
97730468,CI661208F4ABA54AB98F
86100031,CIC79297B5A1E64717A3
97730345,CI7D7C0041F71B467083
97730470,CI1CBA69EE28E7493E81
97730274,CI62749B39BC16449AA2
86100032,CIEFBEB59A6BB9482DB9
97730151,CID75CFD3130A34303AF
97730346,CIDC0D98D102F943FEB9
97730059,CI5193EA4C26954DC0B1
97730277,CI2D51DCF7B9AD494EB9
97730475,CI2E122F8350D041D2A8
86100033,CIDAB0E90E292A4EF394
97730667,CI77D737DC9D7B461FB2
97730347,CI4A31BBECF65A483AB9
86100004,CI279615E82AFF40CA83
97730060,CIA3463ACFFCA24A85A2
97730283,CIFEC9063DE4CA46B5BF
97730476,CIA04595490DE24ADDB3
97730348,CIA694E97025D3485298
97730285,CI07D045053B66460FBC
97730477,CI05D9095AC8214477A1
97730062,CI5AF030A61F7946E2B8
86100005,CI536B0280350C402D9D
97730162,CI12FE462E4C7F478A90
97730350,CIDD3FD18D7D5A4E1780
86100006,CID1EFCC519FFC4D50B6
97730064,CID2595A0ADE4E452E8A
97730286,CIF4B474E772694D9F8B
97730481,CIA8C17E86D521465F9B
86100035,CI7CAB8067AE904CF3B4
97730167,CI60ABE5EFB6E14485A6
86100007,CIE7FCB9950DC846E783
97730064,CIA13E5210A4284C08AF
97730482,CI7A16CDF06AA2484A8F
97662981,CIAA3CAA2C178044E194
97730354,CI4448D2253E4047AAAA
97730067,CIBC64260A6AA640ABB7
97730290,CI64EF6154A4FB47CFB8
97730484,CI60642719EF824316A0
97730356,CI6ADD4DDB6BEF494DB5
86100009,CI06ACC17277DF401198
97730069,CIEB5A22538A3E432395
97730294,CI5D38608A93D7406CBA
97730487,CIA5764632FAFF4F99BE
97730461,CIAF7C1D3588A44CEDA7
97730002,CI3754D7E8DBF5433A9D
86100026,CI65F608A87B9044B29A
97730243,CI2FCE5ED1A7384DAD96
97730124,CIFE84827FB6BA4418B9
97730337,CIBB01778D4E4C4F3D8F
97730619,CI8D413A48AD0746C790
97730005,CI8C7069E4421943F49F
97730462,CIFC87F26C6CB742E3AE
97730246,CI8643A235B7884EEBB7
97730125,CIC79ED626233F458B89
97730339,CIB12E9CA242CE415E92
97730251,CIDB271A4DF5CD4B5697
86100028,CIE6706F19DF94443592
97730668,CI0B4421E250A5449B94
86100029,CI351E8186A94A4C9C87
97730127,CIC417649F0A474D1796
97730667,CI5D668C827F40412186
97730670,CICB837D723920447492
97730268,CI18E4E57CB8E34027BA
86100030,CI3704857D2A3041B3B4
97730129,CI293C25DA034147599D
97730344,CI44B7B12BA9054188A0
97730266,CI6B2CFDB044CD4027BE
97730271,CID112A63064BA4E70B5
86100031,CIB5542A86023D4BDEB7
97730468,CI56393E362A20461A83
97730345,CI3A3A533B44A6478D91
86100002,CIE74CCA2DD755419390
97730054,CI6EF8D58306604A3F83
97730058,CIE2259D843938491BAB
86100001,CI6F2E0A8055B84CEFAF
97730274,CI22FB48C5A2914AE999
97730151,CIDA517474E15C44E29B
97730346,CI5FAA7936EBB94B6BAB
86100027,CI634C7F386718426C84
86100003,CIAFB64932B441468499
97730059,CI21CF34CFDD6044DBBF
97730470,CI661B6A139BA14E5385
97730475,CI580BD54469B146B99D
86100033,CI1647692DB6724B2FBC
86100004,CIA624063DBE9642219D
97730060,CIAF6DD30BF215482F9F
97730283,CI47C6089D6DC84C07B2
97730476,CIB3A988AF6E6E45DA95
86100034,CIAE200AAF4EED4005AE
97730158,CI0E9B84D5518140E1BF
97730348,CI29C5E0B8ABF449B7BA
97730062,CI14036A6DA984495BA1
97730285,CI12377D0D7B974F828D
97730162,CIC1619E1C34A94170B9
97730350,CIF82234364F7B4B8785
97730063,CIC2AC73A091B94739A0
97730481,CIE10F3C0A4B7C49608C
86100036,CI43C40BBF073340628D
97730353,CI3B23C08024614E8495
86100007,CI1C431CEA44CB4708AA
97730064,CI1A40476AF59A47B2BC
97662981,CI75B37743BE77447891
97730354,CIC50A7662612C4E71BB
86100008,CI0CE1561AF353422CAE
97730290,CIED3AD5937ADE48A49C
97730484,CI766EBB99B9B84F4394
97730069,CIBEE8531CE96748AC81
97730294,CIE68BD26A6FEC4BD0A1
86100009,CI6C18328B72D8451DBC
97730379,CIE32717AF2CF74A1E8D
86100010,CIDDA9C3A7E1AA487BB0
97730071,CIC1AF14B5FB31476ABE
97730295,CIA8B8EBC2B78741DAB0
97730488,CIDD6EF46FCC474078B7
97730176,CICD11BD86B927415EAC
97730396,CIC46EA5C984FF44F3B9
86100011,CIBD406AE4315848899C
97730075,CIB277BCDE08A543BBBE
97730487,CI70F7D0BC6EE348B395
97730177,CI3DF574CE264146539F
86100012,CIE892020ADF8E463287
38832157,CI74F8B20DEBDB492A9D
97730179,CI68FD90AF03914066A3
97730403,CI1DCEB9231B1541DDA7
86100013,CI6790E3788E3E48659E
97730078,CID7AF87F55CF8471F9D
97730305,CI73C40A9D0259480297
97730581,CI1FB2ADA4753D491DAA
97736044,CIF3390AB9C28942BEAE
97730228,CI4DD5230AEA1E4D1B8C
97740936,CIF75BCD27917A4D8FB8
97730437,CIE8E73C1A028641B88C
86100021,CI2075C5493F40449DB4
97730324,CI1B286456CB884A02B7
97730606,CIAC220837B094449D8C
97730233,CIB6F13DC7D5C44AD89E
97730445,CICE45417F4AA7449580
86100022,CIC3CF3F1060BC456483
97730110,CICD35D1B973E64F53B4
97730607,CICBA734EA2F9E4D44B4
97730326,CI328E9ED5AFB54EF097
97730451,CIE10899DAE8654DF3BE
97730111,CIF1389E2F84D64943BC
97730235,CIE7091F8327F641EEA4
97730452,CICDB3193C1E0D403EA3
97728638,CI23133ACA4A1B44549E
86100025,CI1B4AE4F9BB434846BA
97730331,CI5A8CC509A2F34D93A1
86100023,CI5A998AB186294F428C
97728629,CIA2E879841E1845EDAC
97730460,CIB419F923FCDC42E295
86100025,CIBC2496F0130A4997BD
97730114,CIF54E3AB1896E4145B5
97730335,CI6BB42CE7236141C7BE
97730608,CI6CCE2E7F96AB44C89F
97730616,CIC1D3C3A4B1874A57BB
97728629,CI1D77B82A36D94FF292
97730243,CI2B1F51EED5FA47EF90
97730124,CI1A7522AFBE0C49E387
97730337,CIB5A26B15A5AA4FDE81
97730615,CI6DACED44D49441F8AD
97730246,CI5411A92F7E8A488CBD
97730125,CIE460703840A74EABBB
97730339,CI559E389C35E64647AC
97730667,CIB1C7573F981C477980
97730336,CI661C45F38F8F4B5A9E
86100028,CIB8EBCA2B150F47E7AC
97730126,CIB72B4948989345F391
97730342,CI47D6DAAA947849AD9D
97730668,CI2286FB4931E34E1BA9
97730030,CI5B46FD46FC5C4BBBB2
97730266,CIEB0AB2CB48BF43EC86
97730466,CIDC194E692294454AA4
86100029,CIF911E0B55C30498DB9
97730127,CI2D1E54E64E0E4B97B4
97730054,CI14E3273B2B0D47E5BC
97730268,CIAEDED5099B32458385
97730467,CIFF49ADC585AC495EB3
86100030,CIE350D5BC1D67461CA6
97730344,CID5556F305B2C4FD2B9
97730129,CI7219C0E0FF4849C7B4
86100031,CIEEB3B2686F7E44189B
97730143,CICB849DA034F14344AC
97730468,CI72408C0F6F554EA884
97730058,CI1697985E19B24EDBAF
97730274,CI1EEEDD0703AE43EA94
86100002,CI76BF95A1E022481FAC
97730470,CI28B2EBA1394742A980
86100032,CI146428942AC64D07B0
97730346,CI583A616AC2A14C45AC
97730059,CI3F63F2C721824A4194
97730277,CI6A69CDD60D0749679E
97730475,CI08EE2452E45F4A3090
86100033,CI530CB26C3A4B4A4DB5
97730060,CIBFBA587CA76D479AA8
86100004,CI38E64B4118084D648C
97730476,CIB620378726ED4533BA
97730158,CI56FE8861B8554E9190
97730283,CI6EA8AABB9E3E430F97
86100005,CI6035F0A8174B4F278A
97730285,CICC9267C7061A4AC495
97730162,CI1ECD2C0F944340E3A7
97730063,CI0D9EED0291354186A3
97730348,CI7D99E7E613EE4AB2B8
97730286,CIC696923F92744A9986
97730481,CIFC57CCC490634C0190
97730287,CI2F3FDA49BB2F450795
97730353,CI7C7FBE5D76CB433A8E
97662981,CI2F24748F22F340CE98
97730170,CI0D56CE195BDC4014AF
86100008,CI18400DC494E1416FBE
97730067,CIED965419FD2440E5A4
97730290,CI5F926DA2B0D5434DB0
97730484,CIB1E9F85F3B04452597
97643309,CI3D308E57BAD54E5691
97730005,CIFF17F24E489A4CA5AE
86100027,CICC8E7ED0895543429E
97730246,CI00748FB7944F4D7BAB
97730125,CIFD8BC771873049DDB2
97730667,CIBC7105C7EC934769AB
97730251,CI4B7F224C65CD4AA0AB
97730463,CIA7ED1CBE9BE84A71BE
86100028,CI2F02CFCD30BF4B9182
97730342,CI0AEDED45FE1841F581
97730030,CI359A2CB26068441C9B
97730266,CIEA3DAAA26A65492E89
86100029,CI40A62BA54AF54C49A7
97730127,CI2038684D34874DBFBF
97730343,CI049B51ED7FFD44AAAC
97730670,CIE93B72D1A8F446E3AF
86100030,CI27A28CE1E4DC4347A9
86100001,CI43613F2DEA614A8399
97730466,CI5403C84E4D464B56B1
97730057,CIC3BBA352BA644D7F9B
97730271,CIA24FC26118A24A39BE
97730468,CI27A38BB69E044C95A8
97730143,CI232E10AA4F424184AB
97730268,CI59532A5A2878491C9D
86100002,CIE34FE2966F9441DD83
97730058,CIC0B84EE5CFEF4282BD
97730274,CIC3E5BEFD3D7140FE89
97730151,CIFEE3C2324BFF449399
97730346,CI209705DBA476452FAD
86100033,CIBAA579CC61A4488995
97730347,CID8B8F514004B4D948C
97730060,CIFE175DCAB2F2432584
97730283,CI0CC5BA7A28C5448393
97730158,CIC76A6CA232F749AB93
97730348,CI2DACFD9EB411485F83
86100005,CIBB5FD0C096ED4977AD
97730062,CIDA63D2DF81C946DE83
97730477,CIB1C335772F9F4C8AB9
86100035,CICB4AD8523C8B4E69A9
97730350,CIEA802A6E1FEA44C2A0
86100006,CI59B47ADFBEDE4CC0A9
97730286,CI6F7F5D9C230A43F2AE
97730481,CI2E6AFDDB831449DA98
86100036,CI63916EB6DCDE41979D
86100007,CI55D0AE07827347C283
97730287,CIC43FCA088AA1446286
97662981,CI6DD5911E4C004681A0
97730170,CIBD6B03CDE4434AC588
97730354,CIA7C40C51D1514A0486
86100008,CI6602D5EE700244F4A2
97730668,CI74227F3FF7AD466389
97730067,CI47704357608C499286
97730484,CI11A1F0FB131F4908AD
97730126,CI768A624E8F68496A8F
97643309,CI532AF26C34D7409990
97730294,CIECFEBD7C79864970B8
97730487,CI36E3BAE749434EE19D
97643309,CI5E62E308B645487AB1
97730174,CI2FBE6C6754B1499D8F
97730379,CIBC6685CE6C4A4C848B
97730488,CI2E3145039A2E4FE9A3
97730176,CI01201D03D78C462E8B
97730396,CI52AB8E9A47224B1DA4
86100011,CI45E35D570DD54726BB
97730075,CID6B236F3E5AE47CD8E
97730296,CIE00BAF466A424C0084
97730570,CI5EEDD0BBC5D14DA9AA
97730177,CIE634037C15D8495EB0
97730402,CI421B0085C2004960A6
86100012,CI25CCAA53935F41358F
97730076,CIB4FA52DD8906420588
86100010,CI7E8E6F3735954981BD
97730301,CIDF280878D0D24D7483
97730578,CID10B8FD8900A4354BD
97717286,CIDADF0C8719E94F5D86
97730179,CIA1AD44DAA4BA41BF83
86100013,CI439DC6B6A40E410F9C
97730078,CI0382AD12B3394D2681
97730305,CI6B5DFAA9BF3B471E92
97736044,CIA62B8AD8858F45B58F
97730185,CI41C5B042267D44C590
86100014,CIC8B9E4A06774477F83
97730308,CI21EF4557313C438A87
97730582,CIC45A87D146974B8F8A
97610919,CI017B92D5E8C542AD91
97730266,CI1A091AA516474BD09C
97730466,CIC1901DFEB6DA47408D
97730030,CI4F681DC2BAD642FAAE
86100029,CI69A5043DE1DC4C76A5
97730127,CI37493F52086841EB99
97730670,CI590C3B21DDD84A7CB9
97730054,CI100817F7E3F04F55B4
97730268,CI0F41EB0F61934A4AA4
97730467,CI53409768D49E4522B7
86100030,CIC3EF4AD1CCE540BAAD
97730129,CICB6AA2E6938549D3BC
97730344,CI1F06123C4C7149A2BC
97730057,CIC44120A69B3C418FA9
97730271,CI057A06E5FB95404982
97730468,CI45D6724F7236470EB6
97730143,CIF3CA97866E9F45D4A7
97730058,CI1619A02024304DBCB8
97730470,CI121A20C620AE453089
86100032,CIF135F0A6A8724A79AE
97730151,CI4DA9CB1B6AC74D41BA
86100003,CI18C0190B8F72431B95
97730059,CI3C5CFFE6C6324E19B9
97730347,CI26EA7D6A36D04B9591
97730476,CI0E7FC02209FD4DA7B3
97730162,CI3DB4B819E2F741A5AE
97730348,CIDAA70733781C4279A9
97730285,CI152393A6A1B44A32BB
97730477,CID54C65E7E74346FFA1
86100035,CI267A39AE424F4F80A4
97730162,CI5204DAF573C94E79A1
97730350,CIF2C3AC5DB4194CF6A8
97730345,CI6389F11F04AA40E383
97730063,CIEF1705B889A04A58AB
97730286,CI033A6F4EF53846B59C
97730481,CI32883093E79746A786
86100036,CIB1B6BAF623844DA6AC
86100007,CI4D42A3A128D5468286
97730353,CI54BDA7C578734FA5AE
97730283,CI7AC152F1105F450693
97730287,CI6468264AA22C48CDA3
97730482,CI2798A6BCE5074258AD
97662981,CI131878B2EFF543DFA3
97730170,CI50CD8245807447D789
97730067,CIC11A54C02C0D40CE85
97730290,CIE2F19FF491754A2D95
97730484,CI1502F647BD2445D880
97643309,CIAA53A980D6DE4557A5
97730356,CIA16A77603945424DAF
86100009,CID5484F77B2A74CEF97
97730069,CI2FA1FE6654A74B6FA9
97730294,CIC43EE5A53398446D8E
97732048,CI3577B396FCE348CB83
97730174,CIC74F0D224075469B99
97730071,CIB2BB452372314BE0BC
97745795,CI7F929DDC19D74B5980
97730396,CIAEFE85D283B14999AE
97730062,CI777F91CCC8B349D18A
97730075,CID545F9CB1BAF4F3BBF
97730296,CIAE9A0A7779814045BF
97730570,CI58F654B1C4434247BE
38832157,CI77AE0FCC33EC45DB84
97730177,CI72043E7878F7494581
97730153,CI79E6A2364C2B4CE9BE
97730402,CID461F6A2424E4CD1BC
97730475,CI792B122B88204F5381
97730301,CID67F8CF772D24FBF9B
86100012,CI502308D0034140CCB0
97717286,CI26DAF057F3934ABD89
97730578,CI59A868E95941400398
97730179,CI0AF13D3894D84B7FBD
97730403,CIA78D0CFC413F4842BA
97730076,CI6487D66FA248406CB3
97730305,CID3B0728BA9BC4CE791
97730581,CIE70361AB69654842A2
97736044,CI68C86CDE70D54EB5AE
97730185,CIB24AA62E61074A0EB1
97730405,CI5DB7F97F630A4E21A3
97730083,CIA52991EC85564DA9B4
97730078,CI7E7E303DB972499D82
97730308,CI5E51391ABC434005BD
97730582,CI2EE481C3C4504722B1
97610919,CI2C26403C8C67459093
97730187,CIA23CB59C7FD7401AB3
97730411,CI5BDC26C9FD44441990
97730087,CI0DA5138C098B4EDEAE
97730311,CI1F4516B942CC47FDB6
97730583,CIDB8B6C419E2A4C71A5
38825966,CIB03434331EAA42D8B6
97730088,CI2BED0BAE1E094E9F9C
97730314,CIC7DE36E54C85426A80
97728628,CI317C9AF7428E480AB4
97728634,CI7018238B08544BDBBB
97730234,CIF057C4000B6F43D48F
97730451,CI1B87EB3A71AB4080BB
97730111,CIBD8793F3D62A4EA4B1
97730608,CI2BB5AC34A8F3477BA3
97730235,CICD09D110607C431DB4
86100024,CI5949DF97693A47E583
97730112,CIC2F2790762EF4FFC84
97730335,CIB24E953A853A4360B4
97730238,CIC82F070F747C42559E
97730336,CI3FF1D686BD90425F9D
97730616,CI2BAB457B39674B7A96
97730461,CIF047F338085A444493
86100026,CI259F2633F7944EAAA8
97730124,CI17B28F6C7DBB4760BA
97730337,CI0A12636F310B46E789
97730615,CI5DF16F6D775247CB88
97730619,CI3E7C8F8864A9494888
97730005,CI514D9380A06C49BEBF
86100027,CIBA2901008D37406DA8
97730125,CIF19D470BF47449D089
97730339,CI5A77721052F2497681
97730002,CI6BDE7356FC15430BAE
97730667,CI08100F55AA9F4ED396
97730022,CI1F1A89F3A4FF450C97
86100028,CIE5D3F96CD88A48F0AE
97730126,CI2E4C17D917994FD683
97730266,CI423D077BB0094B8D81
97730466,CI3D9B928B59FD484296
97730246,CI6F3F65E516824F5D8B
86100029,CIE908996DB7064065A4
97730343,CI6BC143E8D7D64594A7
97730670,CI20C5F821459947D6B8
97730467,CIA37AC1994AFA4B2FA0
86100030,CI20B2D788CF244B37B4
97730344,CI6CB663AE457947D49E
97730057,CI58D96B06047F40178E
97730143,CICDD5241F6B2244ABB3
97728629,CI7ED3BAE513D94DB5B9
97730345,CI5DB9A3A0690843F5B4
97730274,CIF8EA5C0B2E5541BA86
86100032,CIEC68FD6A3E1346D9BB
86100003,CI205CB6750E0C495686
97730059,CID100908D2B134D1BA9
97730277,CI2392842A8DA04CFA82
97730475,CI4951894E18F446CBBD
86100033,CICEB7B49C71C24FE581
97730153,CI0DBD31AF9A7146FB9C
97730347,CIA101D571542C435BA6
97730060,CIA81ACA0132604DAA82
97730283,CIB04C63E57AA4413BB3
97730476,CICCFA82CB4798449397
97730348,CIEEC0518D50B1414E88
86100005,CI772E8B5E8A1B40269C
97730285,CID347E73F9A5A4D6187
97730477,CI19544CB707F546799F
86100035,CIFF8C9A062A824566A8
97730162,CI138A00E0803D44BD9E
97730350,CIDF07CDBE27094DD7BF
97730063,CI3D7229D07582468788
97730286,CIBBD0049BA6F54A6382
86100006,CI5A905E0EE5D94970B7
97730167,CIC11636C097324A2A8D
86100036,CI6F2F8EB5B1F7482FA8
97730482,CIA05EE2A506D84727A9
97662981,CI3765A26B135947C489
97730170,CIF8D29899347D48689A
86100008,CI611C0E645FEE45279E
97730484,CI09CEF790844647428D
97643309,CI5C9C258D46864E7CB8
97730356,CICBEDEA5BB373418699
86100009,CI26D4E7CD78234B1F8C
97730487,CIE1DD767AB92841A295
97732048,CI29B7EA10D5534EECB8
97730174,CIE150972DD9424589B2
97730379,CIB70E075E85084206A4
86100010,CIBA33A2C0C8C5424F83
97730071,CI1EF2463EB872465485
97730295,CIB3641CA66FF34F9B8F
97730488,CI19B5C3D8C8B343D9BB
97730064,CI1B3353A81D8C448FA5
97730482,CIE34C4D4956134F6081
97730287,CI3A2E7E6E82C54DF69F
97662981,CIC0A20FD125574F3FB0
86100008,CIEB6C48C4AAE04263B7
97730290,CIBDB0A7FA47D147F5AB
97730484,CI6EDED9803DC2415D90
97643309,CI0802BDD9B6BF4482BB
97730067,CI398BCA88C40D4D5EAE
97730172,CI3D08EEA9A8E14D29AB
97730174,CIF8F7BA77E70B46F2BC
97730379,CI1C340153986B49058B
97730071,CIF3A30F100E2A4A1B85
97730488,CI306DDDFCE0444EF8AD
97730176,CIF57AA6AF42C84C4286
86100011,CIF639F730B5AE440299
97730075,CI2F8B3DD5B0504376B0
97730296,CIEBFEBE791E024C099C
38832157,CI1283DED63966461D9E
86100011,CI6A7512237882437599
97730578,CI181528C0AA6F42BAAB
97730403,CI0C29B3AC7B1E4AFE8D
86100013,CI32CF132D3FB747BB84
97730078,CIE6061F630DCF4AB78E
97730305,CIEA5711A631384CBFA2
97730581,CIA4CD8E7FCF15409BB6
97730185,CI2EC7D231E93F4200AB
97730405,CIAC60562070B6482D99
86100014,CICBF3F16F5EF84FDE86
97730308,CIBB31A04F8D5B411A99
97730187,CI2ED8BA25379244D392
86100015,CI6B7462FFA2BD49A5B9
97730311,CI1765624A0F444181A5
38825966,CIE23A246B63D14045AB
97730193,CIE5CD32309F744198A1
97730487,CI7F4F2B96C4A64C8081
97730088,CIE87CC7FEFB3F4978A6
97730584,CI0FE57D3464994D0192
97730582,CI70374A928C234F35BD
97730412,CIEFE6631A5EE94C6B9D
97730295,CI7120ADD5173A4A6EB7
86100017,CI73E54E12D74D400E93
97730091,CID05C7F466CE24BEF8D
97730315,CI57122EEEF838430CA3
97730590,CI1F35BFDAD9334A87BD
97728746,CIBCED787EF79E470681
97730200,CI25B090065AAD401088
97730415,CI056001A1F7FE48CA9C
86100018,CIC66D51AE7AAB4DA39E
97730224,CIBD5B57594D494DC7AD
97730602,CIA9A03711C0684DB7AE
97730301,CI781CBC564346420388
97728627,CIA12554E1A2A943A69A
97730420,CIC55A4F40E9BA46ACB8
86100020,CI286B5B8334384479A7
97730106,CI1CF9FCE15EE949FB81
97730605,CIA3FCBEB7302D4D408E
97740936,CI1A119C9C9DB742B2A4
97730437,CIEFCC135ECC5643C884
97730107,CI6725F0C2BD9A46BDAD
97730445,CIB398D59486994EF581
86100022,CID990D629E1C946DC83
97730326,CIAF104D8DCEE645D88D
97730607,CI4AD9229F43E84D1493
86100021,CI744A33C6F3D34CA1A2
97730234,CI3821FA8469A348CE80
97730451,CIDF121CEB25B64B49B7
86100023,CIDC43CB4006CA43C7A7
97730111,CI596F042C118A4DF085
97730331,CI3E62873BA10E49C5B7
97730608,CI71D8670D2B4A42A8A5
97730606,CI75743795F538499DB1
97730112,CI1C3923B731C049F684
97728628,CI79271DAB5E504ECBAF
97730078,CIC07E25A54B5344C78B
97736044,CID9443D6029B7411DAB
97730581,CICE079C67ED79418685
97730305,CIE599D853948C42889D
97730185,CI21FB2EEC228C4E43A9
97730405,CI2F32F22B2B7141CA81
86100014,CI033E2BAF069F454F9A
97730083,CIA7030F1F807C40F08C
97730582,CIE74CD3D948CE449A86
97730193,CIED90F118E1124590A1
97730406,CIAF23B5C6E2A3493489
86100015,CID28CAA7FC12C4B5496
97730088,CI3B037AC7F518400DA6
38825966,CI1321634CC46E4B44AE
97730411,CI117A255B4BDF461BAF
86100016,CIE27A8F1DAF9546D2AE
97728628,CI2E63AA6F292D4B4582
97730200,CIC70B82F8DCEE4E259B
97730314,CI5A67774B2BA6468390
97730412,CIAE16679BC6A344C3B6
86100017,CIE1627175F6B34F1D95
97730311,CI53A65FA22F2D48F3A7
97728746,CID024409E6EF04ED3A4
97730193,CI5890AFE1AE834B8A90
97730222,CIBF2BE3506D744508BB
97730415,CIA6F5F07BEF61460A89
86100018,CI24E21F42D02745AD8F
97730101,CIA7DD30CB7F72494BB3
97730316,CI4F70432766764F6EBC
97730224,CICE20371055974A6186
97730105,CI265D798E71CD4D889C
97730321,CI5FD53E68AFF540D0A4
97730602,CI4B7EB4E77B724462A8
97730226,CI6E6B402EC6E749859E
97730420,CIFCD829E430DF439B99
97730605,CI6CD72F8F37C34CD4AD
97730091,CI6770E9DD7EF748F2A8
97730228,CI1B8C9BF86CAA43D783
97730437,CIA370D0DF37CA4BB28C
97729179,CIDC8CC416354042A4A0
97730584,CI7DEE146FA4C0476A99
97730445,CIA516331DEE7745FF93
86100022,CI3BEF0A4EE96846A987
97730110,CI461F9E160F614F349D
97730326,CI495A90998FFC4062A5
97730607,CIFE94A020E6AA434996
97730234,CID037F09F75544CD1AE
97730451,CI155481BD7AAF41789D
86100023,CI1583E26558F042A398
97730111,CI7AB066023BF24B0897
97730331,CI04394A22434746BBAD
97730235,CIB74B1E909AC44A81A0
86100024,CIAB6FE691ABD0499EAE
97730335,CIC12668B62C35481E89
97730323,CI77A2961293A84236B0
97728629,CI7BD71BA8E1784099A0
97730238,CI632C2B718E1E427989
97730460,CI509E524A791A4DC6A1
86100025,CIBB6A3E75C2B7469785
97730114,CI0D01F8F81212498787
97730336,CI0A46EA469EF342BAB0
97730616,CIE3435E9FA4F3441797
97730002,CI596E88AF07894269B4
97730243,CI58D6591322D042D3A3
97730461,CI30B711B1500A4C2589
86100026,CIA698DD8147194FCB98
97730337,CIC8BFFD381A7B4F7DAC
97730619,CIC0F4C972FAC34BE6AD
97730005,CI50585A556E7D4471B0
97730462,CI2BC9A130071E434380
86100027,CIA6FA4094F48B421FB4
97730125,CI061D674BB3D74CAEA5
97730005,CI0B9038EA43704AFBA3
97730251,CI64A4E1E27B5040B883
97730126,CI28CC4E1FA3AE4BAF88
97730246,CI70DCB28FCE294571B3
97730342,CIE2403C5EF85B49E79F
97730030,CI35F562E29CAD4DF2BB
97730466,CIAA9405A2AE9A4E5396
86100029,CI72C53099E273401097
97730670,CI75EC14A3809745339B
97730054,CI2AA476440227409CBF
97730668,CI760A9D6B11284081A6
97730268,CI7D47184F0E7A4B39B9
86100030,CI4A4D8422683D43A5BD
97730129,CIA20BB73942B644B6B3
97730344,CI1F49D49113FD402E91
97730057,CIB541F57575CF411EA4
97730054,CI2235BA9B71174371AC
86100030,CIADB611E56D464AC3A2
97730129,CI2AC94AB00CCA49BFBE
97730268,CI49F7FC8E4C7445549D
86100001,CI70CE9373A73046B28A
97730057,CI1310BB7C13984DC6A4
97730467,CI83FA2320AB8B451884
97730468,CI85F6A66153624915B4
97730143,CIB8B6A4CBF4FB4CB2B3
97730345,CI29F03BEB428544198C
86100032,CIDA9D7FC0D76C4D50A1
97730151,CIE66934232BC2404E81
97730346,CID01917132CC247C4A2
97730277,CIEA1A38FECA7F42FAA7
97730475,CI2D0D9F73AF574C4480
86100033,CI147176E8D10246EF9B
97730060,CI18035A26860340FAAE
97730476,CIEBABE172DB1E4A1689
86100034,CI41EB3B098B3E468E9A
97730348,CI58735A03791D4E418B
97730062,CID9FAFA203D0D4A949D
97730477,CIC3A3253A07B741BFA5
97730350,CI3707B5CAD00E44D7B9
86100006,CI30B4F3CE28CE47EF8C
97730063,CIF7EF8875AB2E43BE90
86100035,CI6E59236395324AFE8E
97730286,CIFF1F90869BF14ED783
97730058,CI60FD81AB0FE74B5890
86100036,CIE6B2D96ECDF648A2BF
97730167,CIA8BF9B893F7F4DAEAB
97730470,CI63D5C845FC5D40FB8C
97730353,CI2A1B51A71B994D2384
86100007,CIF504456818324BDDBF
97730287,CI11A320AD040A4398A9
97662981,CIE5ACDADC1A714454A2
97730354,CIC9CF3FBC366547BDB1
97730484,CIEFFBC2A666B94D11AE
97730172,CIEF167BB2A43C433F97
97730153,CI7D64455C18C940FC87
97643309,CI7E1BE84912784FB1BF
97730356,CI489613A38EED423F87
86100009,CICA32D420C7EB4A37B5
97730069,CIAF9500AE8F5544BF82
97730294,CI18DBC13D61EE4F3B86
97730487,CI217255F9F6C8474F82
97730379,CI2B05420B41E44E7B8D
86100002,CI72DAB06C5EBB4ADD94
86100010,CI2C8B7E4621EA4420A6
97730295,CIA9E3DC86A8FF4D2399
97730488,CI341BFD50AAC7414BA3
97745795,CI4A339744FE90477A94
97730396,CI0A7DE0FF64714739B8
97730176,CI5A75DC8A78094849AD
97730075,CIB2976DFDFE954C6A94
97730482,CI766E300EC8C24B5883
97730570,CIA899B728EBFB4D6390
38832157,CID78A754DD6D84FD4B8
97730177,CI7AE28EA3FE6940BCA6
97730402,CI6810565A14584693AB
86100012,CI0659CA109E2E478D84
97730076,CIFFB8A1473C9045E08C
97730301,CI1495278ED7E24542AE
97730578,CI1D766BBB88F04210BC
97717286,CI651EC67408254F6194
97730403,CI70DC5136C831403991
97730308,CI5BB7A8D8E09E43E4A0
97736044,CIFE7714A6A8EA4B1982
97730185,CIA56103C44D9E426FB3
97730405,CIC7BD1AD19BAF4990A0
86100014,CI2A888B07E9C4458CB5
97730083,CI4918D3345225427195
97730308,CIBE189208068845C2B2
97730582,CIDBCEC8847AF946CF8B
97610919,CI22F587BB5C8346FAA2
97730187,CI3ADC3C21A84F4D3BA5
97730406,CI45994F8EB29F4EC981
97730087,CIFA3E00D6D009472E85
97730583,CI020C86161AF94DF899
97730406,CID88AE9DC8ADC408CA2
86100016,CIA0509E4FD6C54641B1
97730314,CI626640F09CE2488184
97728628,CI00DE42A67C004B3C8A
97730200,CI6CE4E888677B4141B0
97730412,CIB5F11AEAE8574668B8
86100017,CID0541737F50F4003A3
38825966,CI78C955BE2AC54AFA9B
97730091,CID0AB91CA045E488083
97730315,CI01F8AED384D34A229E
97730590,CI10EC70EE805A4276AD
97728746,CIEA6B99F928864849BB
97730057,CIAB57C447163E4A8B84
97730468,CI5EB17C37DE1C47E9B8
86100031,CI3D409C53BFFC4E5BB9
97730345,CI0E6A385886E1407B9F
97730058,CI60D9A394B1794F4F98
97730274,CI58DC6F7A3FE34968AC
97730470,CIF60DAD23D7324333B5
86100032,CIB5F50C27FAC64E67B4
97730151,CID7091F189EAE417D9C
97730346,CIA426ED0F87164F48AC
97730059,CIF5982E75A2DB4774B2
86100033,CIF1D4DEF9EB6B4BA2BA
97730347,CI1AA9C376D0EE4CB289
86100004,CICA02F66F49C7415C8D
97730283,CIBFA1806D7BC74E668F
97730060,CI350F3FDE167146B095
86100034,CI2C917ADDE93546E586
97730476,CI424310581A5749E1A8
86100003,CI54CD9E26C42F498F83
97730062,CICB61D4989A4F4258A1
97730285,CIF7F67ABB1D5C40B78B
97730477,CIBA90D62487F64FEB85
86100035,CID7928BCA0B8949EEA0
97730063,CI3A4303F872694785A1
97730286,CIE93CF1452AEA40689A
97730481,CIFE5A8EE5CA104345BD
86100036,CI05EDCF9D9B484DA1B6
86100006,CI57626AD269704C3B97
97730353,CICB2B0F02031F4CF38D
86100007,CIB9710B81EECC473BB5
97730064,CI0DBDD79F8AAB4A3898
97730287,CIFB767F844FFA489ABF
97730482,CI1B41EAC25AF14CC494
97730348,CI6F8FB9A07BC04BB18B
97662981,CIE97B826CBE9B46149C
97730354,CIF437F8F7613D468F9C
86100008,CI0703C3C5D7974B01A9
97730067,CIBFE85F732FD3493DB7
97730290,CI068A27E3F32F4484A1
86100005,CI6667B6DB377D4E9384
97730484,CI3053F21D165C408BB0
97730162,CI67D74161446943A5A2
97730356,CI0521096074F34EA8A7
86100009,CI0B8D521C571E489F98
97730069,CI53C43017E8B74B7187
97730294,CIEB7EB390EAA34DACAE
97730487,CI39642508D683423280
97732048,CI51B6236C81E049B282
97730174,CI437BCC67A1DC4C58B1
86100010,CIE2B6C3FC5FA641F9AD
97730488,CI07A71C6D928C4FC2AD
97745795,CIA068C86EA2D4483393
97730176,CIE93716483C114DE0A9
97730396,CI4AD60E19AFC34050BF
86100011,CI4E0AA722CF7C46F8BE
97730296,CI3ABA4D004A974E5DB7
97730570,CI6F5CF6EA65654737AD
38832157,CIE3B2629C6D98420DBE
97730177,CIDA050991B6404A7E8A
97730402,CI597D63C1C30E437CAA
86100012,CIC2040E77CA8E4970A4
97730301,CI37D24948FBBC49A2A0
97730578,CIC3746FD2606D46A895
97730179,CIC959629EB6A64AAFAE
97730403,CI00E1023DB296426684
86100013,CI7FD11D1C970A40EF95
97730305,CI4DE87705843A41D887
97730581,CIC8E366AD87CE4F2F98
97736044,CIAFC3270900AF48709B
97730185,CI46E130687C224F99A4
97730305,CI21C845FCA9064357AE
97730582,CI2E84FE5826814A59A5
97730187,CI6DB4F866288044DEB8
86100014,CI60AE1268B2A54597B8
97730583,CI140A0184B72A462980
97730311,CI6949FEE0D41D44C292
38825966,CIA779E0A6A0304B4BB4
97730193,CI67F85D33AD5B4D86B6
97730411,CI6D5126B6F18D4D14A9
97730091,CI113D3D1F72304333B2
97730314,CI4C0ED4B2227649048F
97730087,CI70E06470806A44EEAB
97730412,CIC38C60698D884D6C95
97730091,CIBFB49E7370764617B0
97730315,CICB35FF6B5EE243BFB4
97728628,CI75EA695427C14EFE8F
97728746,CIC79DE71B43D4456D88
97730222,CIA3D064E1A0FD43E897
97730415,CIDCE99C6292A3488B8D
86100018,CI2EABC6ADB83F44C98E
97730101,CI6F7604725B2B453093
97730316,CIC30A55B463964B1189
97730595,CI39961769FE2741B5B4
97728637,CIF1E5B4E661794E9CB6
97730058,CIDD2ED028380246AD92
97730470,CI4D73670493A54B7281
86100032,CI5A11EC77EAC641E2B1
97730151,CI168DBA66EEDE4FCC8F
97730274,CIC63B7B14E20A4CB081
97730346,CIBD723ECA3694498A93
97730059,CI7D8999375CA84B5EBC
97730277,CI6C0421921B0F40C481
86100033,CICA013828E5994EA48E
86100003,CIB98778BF093144B7B2
97730347,CIEF8345391EC84342AD
97730060,CI189517B310A040BCA7
97730476,CIB42B6855704E40EAB3
97730158,CI20FEF5B77D4D47BDAC
86100004,CI4761F6D2D68D48AFA1
97730062,CI1319EADCFB254A81B1
97730477,CID39C73879F5F4E779B
86100035,CI35BBEECA58954EABA8
97730481,CIF947B7451C81470CA2
97730167,CI3B1AF5903FAB42C78A
97730353,CI58B57C0F6BA44859B0
97730287,CIE5A8A8584BB948FA94
97662981,CI2A7ED6025D51401785
97730354,CIA5F2C7C1ED134D1783
97730290,CI0AA6951CAD474BD5A0
97730484,CIA6DB832484BA4E799B
97643309,CI6E8FAB741BD444FF9A
97730170,CIA7EC9C68F91642448C
97730356,CIB6941E88FE11493693
97730162,CI64261925C63243A3B9
86100009,CID7F7B8CAEC7D4231A1
97730487,CIDBCACD45A7204B7397
86100036,CI683615631C0E4DB59A
97730174,CIEF5CDD545DCA4F4BA3
97730071,CI4C6ADA7939AA493689
86100008,CI7A427D3A251F471AB3
97730295,CICDF2379D771B497095
97745795,CID9895F8B553D4F26A8
97730396,CI44BC385226D449E494
97730075,CIB0CB7ABD4AE648368E
97730296,CI3C58D09DEF5E4EC0B7
97730570,CIEF2B7ABEB5074FC382
38832157,CIAD69B6BB2F2745D38B
97730177,CIC7050AB617E54ECA94
97730402,CI1CABFDD3C22D4BA882
86100012,CICFCA30AE006E4858A9
97730076,CI510CC641A4214E05B4
97730301,CI1B46E63B58CF42ED9C
97730578,CI6EE274C924FF4CCAAB
97730179,CIF7E54E8D7EF64CC886
97730403,CI4560586D9DA54754BC
86100013,CI31764FAB2753441283
97736044,CIF8E3DA09B50B4D3984
97730405,CICD045279733546A4A2
86100014,CIB63CF649151742A589
97730083,CI2B0BDB4ADDB3487AAE
97730582,CIE20BAD8818DA44C692
97610919,CIF94C0FD1B6EC40D385
97730187,CI14C875DDABF047AEA9
97730406,CI2514C411617A45C0A0
97730087,CI00F8889E7C16479180
97730311,CI38AB28EA1FC2419C80
38825966,CIF717702EACCF4D7AA9
97730193,CICB5D87CC668E48F9B9
97730314,CI16A36EB900D6404F97
97730584,CI258E815549B747A9A4
97728628,CIE324502DA6DC4921B1
86100017,CI2CD7A8168971425EBC
97730412,CI6A9CFA72D02A4D5FAC
97730088,CIAFFD40E1899A48F7A4
97730315,CI06827E9980014C438D
97730411,CI74B2E56FC2564C88B2
97730590,CIF5255D5B5E154C2680
97728746,CIDABB6A8539B547D0AC
97730222,CI28FAF715C7DC40BEA7
97730101,CI239CDC84187D41BAA0
97730595,CIAEBF8360D37B4054A1
97728637,CIC108B029F34D43E598
97730224,CI735C15E78B2246BEBA
97730316,CI758D1018F74942F593
86100019,CI335ED7D1BEE248F5AA
97730105,CI6200153ECBE54FF9B4
97730321,CI2F09BEABA2C5408AB3
97730602,CIE000B12288D0496095
97728627,CIA0FB208A51EA4D888C
97730059,CI8377B6F9D74E4ACAB3
86100033,CI5EE1571E629C4FE48B
97730153,CI721470EEF9C04D3DB9
97730060,CI74153EC51C97499FA0
97730283,CI1634C957283C4388B3
97730476,CI4DE0BBC70FC74852AD
86100034,CID7D077C7CC934B7C8C
86100004,CI020F065F62EB41698B
97730348,CIF9700B9EEB2A4CF582
97730285,CI06B5EF6918434058A3
97730162,CIAC0B172F36D64DC6AC
97730477,CI4695A6C5F37141A497
97730350,CI13FC69D9ACCC4D5CBF
86100006,CIF4AE77EFA56A4AF7AA
97730063,CICEC0EF68AF8E4B8B80
97730286,CI311ECAA66B524480AD
86100036,CI11F0D756E332428DA2
97730167,CI18C1A0874DAC47D489
97730481,CI5AAD1B1FE30F4346BA
86100007,CICAB1223BFD924CD3BE
97730064,CI526FEA363A2A4D749A
97730287,CIEC38C169063649D1B5
97730170,CIF0972DC36FA14260A2
86100008,CIAE6A7E6B191D4CD492
97730067,CI3DB482AF132B47B6BD
97730290,CI5BD4B39A77384E388C
97643309,CI54500813E7CF4EE3B4
97730356,CIAA39E2A61F6D486395
97730294,CIF3BAAFA7FFC64B46BC
97732048,CI3CE191D2B173420A97
97730174,CI52BF6D5E9E3641D7B8
97730396,CI5A52D7696C1A451390
86100010,CI212827C0CAC74DA69D
86100005,CI6502C0EC20BD418B89
97730071,CI2DFC29F8038F42329E
97730295,CIDD79110EC0FD4A1B99
97745795,CI01622EBBF5DD4FAD9B
86100011,CI081E8C63666246B19C
97730396,CI62A6492880C44AEDAC
97730176,CI631725B4E6EA4429B6
97730075,CID7FD643C852D4B01A2
97730177,CID766570DA8754C8396
97730402,CI4C198791B2CD4EA08A
97730301,CI4E302BC57EF445478F
97730578,CI2DCAAD906DE8403E80
97730179,CICAD325AF516F44D7A7
97717286,CI7365ADDAD4C2403A8E
97730078,CI0F4CEA9BCAB748FEB8
97730305,CIED053A52C6C743A5A8
97736044,CI4040AD20EE4644C5A4
97730185,CI3BC5B47E3A514D22A0
97730405,CI4331F5C8EF3B412197
86100014,CIAD1F6789497F46759B
97730581,CI747621B55A074B9788
97730083,CIC1AB3D360C834A6384
97730354,CI7597F6F014DF4FFE9F
97730308,CI0B8640832F0F4F208B
97610919,CI6BB1EB5F53AA44DEBA
97730187,CI451D2604C49B43F4AD
97730087,CI7C81F25A57C045FF8B
97730311,CID7DE435A5D40410891
97730583,CIB6054D759C92406EB6
38825966,CIF7F2DF92B11B4FDB8E
97730411,CIFC52B786040C4815A1
86100016,CIC9ACD1B995064FA0B8
97730088,CI12B9609D662F48C19B
97730314,CI386CEE31D91041C695
97728628,CIB13689B3A2934856BB
97730315,CIDA3DBC2A817F469FA1
97730590,CIA67B6B29472E415EBC
97728746,CI3FEAA99AEFC44D6EA1
97730091,CI7B4AD15681F548C086
97730222,CID2EFE4B04F354047AF
97730415,CI3729A9940F18454286
86100018,CI4DA7463FA8D2493CAE
97730316,CI0DC1CD34FA9B4DD182
97730595,CIE9D7AE71D0804291A9
97728637,CI3C69B38D02344A318F
97730224,CIA5AA69DDDDBE43CFA6
97730416,CIC440A015A1A0497987
97730602,CIE0083691FCCA4444A2
97728627,CI7408BCCC3982423286
97730226,CI03E2A040D38E4E28A6
97730420,CIB26909032B804EAFB0
97730106,CI16E362CEAD094EDC9F
97730323,CI608FB740FDAC4885A2
97730605,CIE98134B867264B669E
97730476,CID429F4F9BE3C4D559A
97730060,CI68D217947F8640489D
97730283,CI0B7041478AAD4F4F83
86100034,CI5AB68139A3B34865BA
97730348,CIDE2FA08F5CD043759A
86100005,CICE34573E1FB8457CBC
97730062,CI0AEE9F153E484FC181
86100035,CI0115E590C691488CA3
97730481,CIC172117E976E46228F
97730477,CI47B4B07008D0453895
97730353,CID47053685B5D40618B
86100007,CIBAC3615F84E244E9AA
97730064,CIA7B8C0C45FF446F8BE
97730482,CI0F94CDC93E7D463793
97662981,CIA7D7B6DE289F4BFDA9
97730350,CI52B5993BB7EC44D59C
97730290,CIEC9B62CDBD564559BE
97730484,CIB7CBCEF76A9C44E999
97643309,CI494147B23A794819AE
97730356,CIEA4CC69DF4084CAAAA
86100009,CIF4B390900AF849F197
97730294,CI0AAD14092B8F4FD585
97730487,CI0F3601B537824EB88E
97732048,CIE9671E6BF8114455BB
97730379,CIC9EC84AA64C74E52AB
86100010,CIC092BF2CF0C3426AA0
97730071,CI4615127997C04A90A9
97730295,CIF77ADC7BEE404A84A4
97745795,CID75C7647DD4D4DCAB1
97730176,CIB0056048063B4462A0
97730379,CI23CE27C521F94C8F98
86100011,CI323F26FE628B4612B7
97730075,CIE2A5B55A342A40F58E
97730296,CIEF2C5E446D9B4C9983
97730286,CI7AA81AB42BD2401190
38832157,CIC9A0365AB9F54C809F
97730402,CIBB76A64522D845B9B1
86100012,CIB35CA465D59E4620AF
97730076,CIC7F079576DE64E3993
97730301,CIE029F20718F44AF8A5
97730570,CI7CE67C0677F44AC4B1
97717286,CI0E843B2C59C2460A8C
97730403,CIA665D16646E242BCBE
86100013,CI6FEB595E120C4E2A97
97730078,CI36F137EA97D04572AB
97730581,CI3C5476858FBB4293B3
97736044,CI6175600C81C342489F
97730185,CID2A04C082D844E7285
97730405,CIB81C9D7C68B041E986
97730174,CI74B548FEA53E43B2A8
97730308,CIE07C089062534A93AF
97610919,CI3E637F67890F47C684
97730187,CIA6209FE579234B3E86
97730406,CIE5B64D85D8AE467ABF
86100015,CID724298A8B7D4BE7A3
86100006,CI747F49485C684A30B9
97730087,CIC428E4796C5C4C0084
86100008,CI767B4A5B5AEE4D10BC
97730583,CIC7FE69A6990C4E6C99
38825966,CIDF75C6B6A9054264B8
97730193,CIA767122E722C4CC095
86100016,CIBBA21B32F7904D9399
97730088,CIFD5704BB0E1A4DECBA
97730584,CI247853CAFFCE455D98
97730200,CI492B1F622AC444C08D
97730412,CI2F459E2943FE479C80
97730091,CI2F0B71AB3A144C448F
97730590,CI5662127DCE9948ECA4
97730222,CIDF3C012B79374096B6
97730415,CI0EFFC5F8E741489CBE
86100018,CIBC6437EC7716469892
97730316,CIA3F2946C74794C2493
97730595,CI542FF411F656466CA4
97728637,CI2BBC0FF5F9894D6890
97730224,CID6A377AFB7274FB5B2
97730416,CIEA5840A03019431DBE
86100019,CIBA13829EB0FC42F2A8
97730321,CIEAF2AC4D160D4CE486
97730315,CI70F8D1AA2888445181
97728746,CI70709792E79A46F39A
97730602,CIC289AEA51EDE4D959C
97728627,CIDF85718CFE0F4C51B9
86100020,CI34B282E2BF6C4211BE
97730106,CI60FB06E4AA15453CB6
97730420,CI672001F4B2F7445791
97730323,CI1E1EF13546134F3186
97730605,CIADABBAAD62D4457ABB
97730228,CI04820B57F4B349AABF
86100021,CIC9930F2790AA490BBF
97730107,CIEE3FE60B71AD449C98
97730324,CID9D5BE940F34477E90
97729179,CIBC25269DDBD3412BBF
97730062,CIC19EA82999634474BC
97730285,CI55154C16D4AA44B38B
97730162,CI35989068AE43426B94
86100006,CIECBFA5B209CF4ABBB9
97730286,CIE910083E898F45EF9A
97730481,CI2A7EA438BC1846BBA0
97730167,CIE787C516ABA94A56B1
86100007,CI0743696E8E9240DA96
97730064,CIFFA6099CD5FB4DBE93
97730170,CI4DD2B1EB09284FC6A3
97730354,CIF3F91CEE1F48427998
97730290,CIE51CC842DCDA47939A
97730067,CI4A37D766344F4C8B85
97643309,CI0E0323C08EF1449AA8
97730356,CI4C3A51997FD34E74AB
97730484,CI5CF4E909B9754611AA
97730294,CI0E257FE6AE9D4A98BE
97732048,CI1DA52C629BCD4EF1A4
97730174,CI3DFAC29F41AF482794
97730379,CI27EA0B7BD7824FE08F
86100010,CIDE14E6D8A9A445BF9D
97730295,CIE0B006807F4B430EB8
97730488,CI051A62771D134D4D88
97730396,CIF6989C25D8574B39B3
86100011,CIA2B2DA80D0894472BF
97730075,CIB6F38431354543869C
97730570,CIC3CD1B245B7D44FD84
97730172,CI6297040E2B42490992
97730177,CIB7712EB7143E42009A
86100012,CIBA40C5D5F0CC4236B0
97730076,CICC3C3CC2D3C543F7BD
97717286,CI3F3034DC271A4BF792
97730179,CI5C49583CFB3B4C67AF
97730403,CICFDF7CB5F06742E883
86100013,CIE8DFCD0742E548E3B5
97730305,CI2C7FE6EA37BA4A7CBA
97730581,CIAD77D14C52A9443580
86100008,CI7C4FB6D46F3E4918B8
97730078,CI7C59FB07CFE1428D92
97730402,CI7DED559A42664C75AD
97736044,CI518222F794174E57B7
97730185,CIA52CBF3DFFEC4B5A99
97730405,CID5E1D797479846CB85
86100014,CIFE6A853E8D1F448392
97730083,CI342606BBD7D440769E
97730308,CI5E0CEBA1D5974BBCAB
97730582,CI3DB9F5FD326447ED9C
97610919,CICA6BE3986D2D4D0F8B
97730406,CI39A11C56A0404B6E87
97730301,CI726C0A6DCB9143938E
86100015,CI50D8F190E4E847B0BB
97730087,CIA857ECA31C2E417EA4
97730583,CIF74516945B4B473FB2
38825966,CIC7A9913C772D417AA2
97730193,CI249EE2BE89054B64AB
86100016,CIA3A1E030759B49C9A2
97730311,CI73A857DCC15B4383A6
97730088,CID038EB42C0B74FFF8A
97730314,CI7A6AE7A35C73420F90
97730584,CI0AB305BC05C6406084
97730200,CIEC15178E59164B3AA1
86100017,CI41372A31DD6D4C8AA8
97730315,CI75F893F03D934CD385
97728746,CI53F1BD378EB04ABB86
97730222,CIB6DA676C7E9B4385AF
97730416,CIE580E14ED2434A8096
97730101,CI3ACA36EA58FC49D8BD
86100018,CI3D225E06998E44CD98
97730316,CI3F77ADBEBE4E49A09C
97728637,CI4FED067541DD4FD892
97730416,CI43DC46CEF9B745F5A5
86100019,CI0644CC7AA10A4F40AC
97730595,CI666A9B382E0F46A8BF
97728627,CI5CF04564F6F34D0083
97730420,CI4C4B787BD5B841E1B4
97730106,CI36ACD1356A464F979F
97730605,CI21FFCE8586654A54BC
97740936,CIC379412882A44D0880
97730437,CI47199FD600CF435999
86100021,CI35FBDF32AFEF4F11A2
97730107,CIA241855DBB564FB3A6
97729179,CIAB371FD1BDB644AD9A
97730445,CIA61388A0C9C14E9C9F
86100022,CIB53273B37FE740D7AE
97730110,CIA3E7E16E8D8947ADB7
97730326,CI17E842EC80524C5795
97730607,CIE91EFA6EE2644E228A
97728634,CI380656FEACE14F249E
97730286,CI0D6B17CC90514F94B5
97730063,CIDB7B58C500564B70B3
86100036,CID8FCF7C178EA40609A
97730064,CI18F31700BA57468F80
97730287,CID477C62EF1EB4D8B9D
97662981,CIB624E99FD89A444D84
86100008,CI32D14AFBE78E4D7B8F
97730067,CID96BCCC28FEB41438B
97730290,CIAB840C44ED4745ABBF
97730484,CIDBB512828C8F4B6984
97643309,CIA29685B001F94DE89C
86100009,CI03789AC84509491E83
97730069,CI07EB999045CB4F979D
97730294,CIAA82584B6701488AA9
97730487,CI231283B25EDC45D0A5
97732048,CICA61CCA198944BD399
97730174,CI150B9952C0E6462194
97730172,CI513D451561414C74A8
86100010,CI2681B12977724A22AB
97730295,CI4EAA820DEDAB475D88
97730488,CIF38DE92EFE8044A8BC
97745795,CIF92971AA3DFD4BF8AC
97730176,CI2BDE209AC9364CDBB8
97730396,CIBD4E9C85921F498FB6
86100011,CIF72DB7B4023F4C6ABB
97730296,CIA6B58CD4B89247EA9F
86100012,CIC465C1FF02C8462890
97730301,CIC1F563D0FFAB45378A
97730578,CI2A11C4C437E34B21A3
97730402,CI63B3BC9AC7324462AF
97730403,CI4A901ABE611543E4B6
86100013,CIEF231096976244568E
97730078,CI22CD8A6F9CD94BB4B3
97730305,CIE054A9624B1F424687
97717286,CI667914A4A410412E9A
97730581,CI04E40B697F084B629A
97736044,CIBB1BA06846894FA39A
97730185,CI2007481CFAB4482DBF
97730405,CI07F0A2F64D4C40A2BA
97730083,CIE102F4C60AA04E9C93
97610919,CI1664826F26474D1984
97730187,CIF90F2EF0FCAF480DB9
97730087,CIAC7A3592718A4F389A
97730170,CI7F6768C9B681436BAA
97730583,CI0F410A5860934C37BC
38825966,CIDD8F5475DD58429796
97730177,CI7042B2F1BEF347E38F
97730411,CI7D53DBCEBE7D449E91
38832157,CI7141C815EE854BCE9B
86100016,CIE1DB2B603B4941CF9F
97730354,CI73D2C64D88C94A86BE
97730584,CI1F050BE2C7BB41E286
97730314,CI63A24A5B41EE4B7AA0
97728628,CIE5BA9D83EE04459D90
97730222,CI2601B3E1031C484DB4
97730412,CI27FB3B2BB1F4484E88
86100017,CI6955909E558F4B3B92
97730076,CI7447BECC1E0B419AA5
97730091,CI3D613AC264054BFAB9
97730590,CI389BBF078FDA46F2B7
97730222,CIC009189E017443EE90
97730416,CI4287E3231E484CD9AF
86100018,CI0464A35DE88441CBBF
97730316,CIA53C1129E82346E6B3
97730595,CIEEC8245A96C44C97AD
97728637,CI5103D4D99B1648D0BD
86100019,CI3C453E4FE22D44FE9E
97730105,CI2B8AFEE2380B4790A2
97730321,CIE6D10C9DC41A4492BC
97728627,CI0DF475D928474701A0
97730226,CID5695D72D19F48B9A5
97730420,CIAFFAC27023A148F3AC
86100020,CI2E5E919EA58A48F9A5
97730323,CI010748EA248E4751AF
97730605,CID9302506328B49EC82
97730602,CI69FA768F9A6E4433B4
97740936,CIEF71AF064A8D4963B0
97730228,CIE1FFFC9BF2B240A2B5
86100021,CI312020ACEA284ACDB2
97730107,CI4E06C80B2B3145CC99
97730324,CI013F698686E24E1194
97730606,CI3E11B78013C0435D8B
97730233,CI3D3F08C1182A42EB9F
97730445,CI4A1F39A555DB4261B7
86100022,CIC0A5756746CD4EAA97
97730110,CI0879831051034DF8AF
97730326,CIDE65E47A87EC4FB885
97730607,CI1E8240E98060477CB2
97728634,CI446F584187214CF0AF
97730234,CI42A9B69362C74DA68C
97730451,CI3622669DF23343BDAB
97730111,CI5FB44AB3D6EE400DB9
97730608,CI5D3E128F1A654B1FB5
97728638,CID25E68DE0B514800B9
97730290,CI5E3E23DF802845FCB6
97730484,CI0F9C73C391AB4F8CA5
97643309,CID945F7EC2BC34A1E8A
97730172,CI08662ABEA7AC4E8DBC
97730356,CIA388F43B062C426CA6
86100009,CI3FE470ED7E1546B097
97730069,CI67BBD74258E44867A5
97730294,CIF6E2827F8DE54713AA
86100010,CID0551FC33B9E44F9BF
97730075,CI30D2D2E37B5B4BB185
38832157,CIA19F88D8B556483E8E
97730177,CIBD901D439CF8436B8A
86100012,CIA8EEEFD632D5463BAA
97730301,CIE0E20C4584EC497B9E
97717286,CIB60F1C0CDC4349BCA6
97745795,CI592CE99622224367AA
97730078,CI34713D51AFBA4A3A84
97730582,CIBCB109C2033D48EFB5
97730405,CI59D3DD769F29490DA5
97730295,CI6EB132E02FDA478692
86100014,CI569AA129F68A49B389
97730179,CI6F75805E6A8E491198
97610919,CID1850D60B6FC48BDA8
97730087,CI31AC81DEEE294484BE
97730311,CI2108B4CCE44B4A769B
97730583,CI2E2215C5511042B78E
97730582,CI687C04F4909A40EEB6
38825966,CI38B1E8B5F22B43C1A5
97730193,CI4EF7A12CE9D241CC87
97730412,CIC4B5E2F30EEE467C8A
86100016,CID9479BC95E914635A6
97730088,CI3C0F54575E4E4D48B0
97730314,CIC623018A457D474D97
97728628,CID505B39641BC495BBB
97730083,CI7DE4E4A6119C452B85
97730412,CI0BF5FC293C1F411080
97730396,CI7E70D39B94584A2796
97730091,CI58582FFEDF84423AA6
97730590,CI66A113D32B014BFD8E
97730415,CIB36E40ED8CE94D9197
86100018,CI34B95FCD323B4E45A0
97730316,CI2DC0F38BBAD34775AF
97728637,CI3C220984C4CE4107AB
97730224,CI3A88AF9C4FE94138B1
97730416,CI50FD08BAEF2A421480
97730595,CI715B6D24094B48039E
97730105,CI610BF3EAC4CB473EB4
86100019,CI765C5BB9AF5E4E7896
97730602,CI2A88B0C76B454F659A
97728627,CID22308100DC045AC86
97730578,CI77E5B9410903417BB1
86100020,CI59FAD5D60FF44BDAAD
97730323,CI0796DB48F2954D829D
97730605,CI5F1C174378064C1994
97730402,CI79C6EC499701431EAB
97730228,CI3B99B935AA2346E8A2
97730107,CI1E8D4C65397E457C8C
97729179,CIAD5136841AAD4BCF93
86100022,CICC3EE15C9D2741EDA9
97730233,CI606E919A72E546EFA6
86100021,CI62FA1CB1384049848F
97730326,CIA4F7AC1A045948848A
97730607,CIF772A832A6DD4F8A80
97728634,CIC74B0B66BDD04D2F94
97730451,CI41583A465C834F968B
97730111,CI74EEB1979A874607B7
97730608,CIC422AE0F3010420DBA
97728638,CI06B707EA1D284603B9
97730235,CIDD295AA3B111451E9E
97730452,CICCD58B450F2443AEBC
97730112,CI370F59537F1E4BDB9E
97730335,CIE3CFD903E6CA4BB184
97730615,CICE093FC5B5DD472C87
97730238,CIC69393D48B9F4D60B5
97730460,CIA6E83751C03840618D
97730174,CIE1B5D782FE5C4D198F
97730294,CIA3BA478725834FFF8B
97730379,CIB97DDAF573A24997B5
86100010,CI813EBD1E5459408C80
97730295,CIB301A180718E409EAC
97745795,CI4F459DD56C714486BD
97730176,CIFFA3C15F8E074BA198
97730396,CIC275E97C054641C5B0
86100011,CIF5C7E1CF3D9C4312AA
97730296,CID3B826556C714EFC91
38832157,CIFCA4162921AC45EC8C
97730177,CIB24482D7512A4F3B8C
97730075,CI477874A744AC4074B8
97730402,CI408E25EBC5434F7A85
86100012,CIC451035D36CD4385AD
97717286,CIDD8F425C21A34A39A4
97730076,CI454E251E3D6F41079A
97730403,CIBF3CDC4BEA114F6CA1
97730078,CIF8793B4B18434FC797
97730581,CID66E248D0E564F88BA
97736044,CIE9B31982FE0740D38B
97730185,CIF811AC5CC5ED411584
97730405,CI485C9E6D0AD74F56B4
86100014,CI5A30B3F8E81B4BF3B9
97730083,CIECB7DFDF0B3740C8B2
97730581,CIA8D40BBCC89D4D3E86
97610919,CIF3770DE76D344B4588
97730187,CI2A93261064C7488F9A
97730406,CIDE9A4EA0378044E3BD
86100015,CI239B9B36D1EA4A9EBF
97730087,CI5AE08725B8554D4C9E
97730311,CIEEB05198CE9E47448E
97730583,CIA99F1788DF554B9988
38825966,CIA5EF9166A0104C2990
97730411,CI5C8D87F1690B4E70A1
97730088,CI12377A543A134A3E95
97730314,CIC7A531BCB4A74088AC
97728628,CIDFC272F9CC224FB080
86100017,CICD6C7393D37D4C918F
97728746,CI555F1FC9732F4EF4AB
97730595,CI35E35D9E42BE470CAA
97728637,CI651688A91FCD4C0090
97730224,CIBB325B21F99F4439A4
97730416,CI285C0D139F00498BB7
97730105,CI4E7A2DCE977341A39D
86100019,CI737D93C529764F46B5
97730321,CIE9B9F618BD9B4C85AE
97730602,CIF164A0A3C10A4E1BA1
86100020,CI6AA746A964EE42EFBE
97730323,CI335563918F1F404FA4
97740936,CI036E478C6C3F4E4B89
97730228,CIDBA53712BA9740EEA2
97730324,CIC448A6C0EAB540B58B
97730606,CI76135E200953474D85
97729179,CICE09B2B496A447E59E
97730233,CID9503E055C064D70A7
97730445,CIEEE4EEF5CE1F4D04B4
97730326,CIFF620A33CE3A4D439E
97730607,CI141856AB239042E686
97728634,CI1BB9C716D4D347F5A2
97730451,CI10608FD28FCC4A9191
86100023,CIEC8CB0CE9CFD451DB5
97730111,CIF49C23BDD0464BC68B
97730608,CI64DBF3F298674922BE
97728638,CIED7EC32830CF424EA4
97730235,CIDC19318D3E3A414A89
97730452,CICC47A28A520D4BFD91
86100024,CI672DE0B9CBC4410186
97730112,CI4691E28D0E084122B6
97730335,CI7254B76A96954E08B8
97730615,CI13DF9A97E52541DAAB
97728629,CIE2DCC6DE0F5445608F
97730243,CIF80BB87945274604B0
97730460,CIC9D2B5C22A934919A1
97730336,CI3C809903BD3A4379AC
97730616,CICD0F1933F68545E697
97730002,CI03B493FB8729492482
97730461,CI15075D44466541CDB6
97730243,CI78BD804C2E7842ABA0
86100026,CIDA2CF395BAB646CABC
97730124,CI30EBC5B97FDC4B3B9E
97730337,CIDC94C2A602F349BF8D
97730619,CI41518AEED0AB47A0B0
97730295,CI573DBF8AE7E040559A
97730396,CICFA501F6E3A74729B5
97730176,CI519F547938084C309F
86100011,CI60E8CB4956044A418F
97730570,CIC7B69973FC914B639E
97730179,CI22945BE6A50E4F9CA2
97730403,CIB547BF5F4ED9421084
97730305,CIE3EBE9A9629248DA8E
97730581,CI3DFA1765363849E28D
97736044,CIC20C1074F90143F0BA
97730185,CI15DB97A97FA047549F
86100014,CI192B5BFF5E054451BD
97730308,CIA35AC3EC3BC74BD7B6
97730582,CIE97A01817D774149A3
97610919,CI069EC0868F3B4A61B4
86100012,CI5972D40F3C6D450C91
97730311,CIA5165FE84DF24CE09B
97730583,CI4D6A515737ED4EB4AC
38825966,CI372DD86C5C1D48F9A0
97730193,CIEC61516364594027BB
86100016,CIECD4BBC6B36D4B8584
97730088,CI0950320A62C941E789
97728628,CIEDA34C913D8D41E4B3
97730200,CID7D187D401044FBBAD
97730083,CI6543592F82F9414D95
97730091,CI35029BC1DC82438F91
97730315,CIA604B95DF432425EA2
97730590,CI59224219904D4604BF
97728746,CI62F60B0334504A459F
97730200,CICF2CBF0F326B480398
97730101,CID4C17CCE062E4BAEB7
97730316,CIE6BC0014E6BE4C8BBA
97728637,CIB35848E6766C4734A8
97717286,CI7EFD8D09231A4F75A8
97730416,CIBD6825FFB96049BF8D
86100019,CICF460F9FB6D34C9798
97730321,CI3846EB7DAF5441D1BD
97730602,CIF5E40D75F3294302A1
97728627,CID53D74BCEAAF430FAB
97730226,CI46D7E341345E47F9A1
97730420,CI1C0E549CEE704B4F9A
86100020,CIC91754928DEC4BA082
97730106,CI69595F54534140E499
97730323,CIB993818CB5464494AA
97730605,CI29C572B25F8D4F4C80
97730437,CI3C4C63E871CF4AD9A1
97730228,CI59853F4C5B6C48198B
86100021,CI2A25FEC1326149E2B4
97730107,CI38E3803DD97D48C3B7
97729179,CI1CCA73ABD895470ABA
97730233,CI4E872142B81C4D2882
97730110,CID95CB45C68434145A5
97728634,CI5D8C620911774D0B94
97730234,CI3FFD722A9BF347EDBA
86100024,CI4F50CDB6A86042928B
97730335,CIEB232E0C353F4F76BB
97730615,CIA903707ED2EC4C37A6
97728629,CIC476BE2C93A14BECBE
97730238,CI2E296D75B5954E7DAD
97730460,CI26FFF67106254DCB8E
86100025,CI01121D02FAE8497EAD
97730336,CIE248F2B9682746B5BE
97730112,CI70921A9C7FC9459C9E
97730235,CI716BDAF6F68345FD80
97730002,CIDEBA204639F1419F9E
97730238,CI60B1BE6D22FB4E7A9C
97730461,CI47352BA9E9F2444895
86100026,CID686C467A2124BE4A3
97730124,CIC3F0CE18C9874F0483
97730337,CIF3110841064C4829B9
97730619,CI524950F6FC894F2E8B
97730114,CI754710CC89104BDF96
97730005,CI0BAB00A25DBD46AF88
97730462,CID1533BA0A72C407FAF
86100027,CIA4582B0F3C594C44A4
97728638,CI785D28D1776B4B0593
97730125,CI474D18B0BED44D0BBE
97730339,CIC237FBA943D84460BB
97730667,CI00A6C8E97BC94F958E
97730022,CIE342BFA3B7E44CB1A5
97730075,CI9D4CCA98AE75475EB1
97730570,CI2F36878FE6D8434897
38832157,CI2C076BBDBC57416DAF
97730402,CIEE524F7B883948B29E
86100012,CI6EA40621EE1841E5A2
97730076,CIAD99DFD74C6D4DD992
97730301,CI08E3D025C1CD468F8D
97730578,CI650C85322E23407494
97717286,CIA0533156BE5F472D8E
97730403,CIC81B2AA1CF1D4E1A8F
86100013,CID7F1F629C05A44EF9B
97730078,CI2C8FFAC923624B13AD
97730305,CIF6031D3D67914B9BB5
97730581,CI3DB28DC2BF5E4EC093
97736044,CIB50F62A3DBDB4E9FA0
97730185,CIEAF637CD474C4F9081
97730405,CIBB348AA1A4554BFABF
97610919,CI22F488A3ED15417783
97730406,CI54EDE3F89893437995
97730311,CI3C2360C419594B00A4
97730193,CI23A3298FD1DB4F2CA8
97730411,CI2169D02D714D45C3B9
97730584,CIC1688B2E2DFC42B680
97730314,CI51738DBB7975447483
97728628,CI275DB1F70711489FB4
97730412,CIF5F3C091352B4C8A86
86100017,CI1D17E9C7EBEF44ACBF
97730590,CID038012B3E1A4354BA
97728746,CIF118EA79E4324684AF
97730222,CICE4CF3E77CD24D98BF
97730088,CI65B6315BD8C54ECE8E
97730316,CIC2986C653EBD4F8FB8
97730595,CI67A6CCA784F844648F
97730416,CID2A14092349D406FB0
86100019,CIE11782BCBEEB4C3893
97730087,CI7BCE99AA9D1D44E6BF
97730321,CI600010CD51B241D2AE
97730602,CIEA601E6701AD48BBB1
97730091,CI7DD14BF01BCC4AA28D
97728627,CICAEEDD0F2B6C4C5699
97730226,CI5AF61781B79146CAB4
97730323,CI03191ADA0075412286
97740936,CI0CAB424B953F4276B4
97730228,CI2CEFB513283B49778F
97730437,CI49C74B5BCB1545D1A0
86100021,CIB647129D477B4DE290
97730606,CIAEF5612B04BA42798C
97729179,CI411EDBBCB2654795AF
97730233,CIFB6A519F9F4B4AEE93
97730445,CI691EDDDCC5514A1085
86100022,CI2A34DA38DADA4502B6
97730420,CI75B35DC42D154F58AA
97730110,CI533BF85E44CE4AE9A1
97728637,CI7663EC1BD8884F8CA6
97730607,CI6253086328094B3A8E
97730451,CI17240957B788471ABD
86100023,CIA2A685A1C1544315B9
97730111,CIADF1E0FAB1A8428F9F
97730331,CI3B8E4D123FAC4701B4
97730105,CI778DD5F61A0C4FF498
97730608,CI7E5729A35976488BA5
97728638,CIE1D6F56B27AD42C58E
97730235,CI0956E2CA48B44A98A9
97730452,CID5A20B32895D4FD6BE
86100024,CI1A6222DF04064726B7
97730112,CICC2D29E608AC4D6ABB
97730335,CI18B798CEF7BD4F4BA2
97730460,CIDC59AA4F2674448091
86100025,CI39C21A1CF62B4297AE
97730114,CIDA0E7F629C7A4B9E9A
97730336,CIC37C516BE68C4C53AA
97730616,CI086ED090CFFB44B8A2
97730002,CIC6080993AD1446BD82
97730461,CIB06CC5670D1747FB96
86100026,CICBF46A0390424D1FAF
97730337,CI6BBDCF55C03E46F2B3
97730246,CIBD1D3BA44D14478491
97730667,CI24FE12162C0C4B7C87
97730022,CI4E0255A671B14A68A6
97730251,CI3F191516A812459289
97730463,CI48D6C8BF6AA242698A
86100028,CIFC6D5F65935E45B0B9
97730126,CI62DC28AB3C5D42A9B2
97730030,CI0528B89A32004BC990
97730076,CI1F6253C0DA284249AF
97730578,CI0ADAD6EE0E3642709F
97717286,CIE1B704B392394D84BF
97730179,CI13D13905DE63466583
86100013,CIF248A79EBDE24A02A4
97730305,CIFD54A48E3F664A18BD
97730078,CI89A803697F634FC9BF
97736044,CID062E40C445445FCA9
97730185,CI45F3DE916B7243B297
97610919,CI0B4337E2F04A4115BB
97730087,CIF10457C20AC14F50AA
97730583,CI37BB624ADA494A43A5
38825966,CI282AAF161E0F442FBA
97730411,CI338893F08A534B5DB6
97730088,CI5DA4FBAA13C246CFA4
97730314,CIACBD1FE7A3DD455280
97730200,CIB5D908D5CFFE4FA3BE
97730412,CI3D3F1A3EC1624BD19D
97730091,CIA6D8CEE50CF34B69BE
97730315,CI3DB0339F3A8A4CA9B8
97728746,CI2A0E0C0537F340B389
97730222,CI0FF2A7ECEBB24FCFBB
97730590,CI598D29D4E5F24C389B
97730415,CIBE2C0FDF18B045AFB5
86100018,CIB064EBEF95D646DF94
97730101,CIBCE217FC0D2149249D
97730595,CI4467FBAE6003476298
97728637,CI5B9BC46D24A24CC494
97730224,CIB1F82E320A2E4E3895
86100019,CI4C7E5E7A12124086A3
97730105,CIDE88B8A610BA4D3D99
97730321,CIE81C46118BDC4C5CBB
97730602,CIEE4115781C514B1FAC
97728627,CI6CCE015190CB47FDB7
97730226,CI5A5F99F6A83D4915B8
97730420,CICE17A94B5E5742CEA2
86100020,CIEEC23B0BEC2644A9AE
97730316,CI7CA5EEB243E44088BC
97730323,CIE7AA9EF1259C4569B1
97740936,CIA18190A3CC5C402C8A
97730437,CI42BB60D2A2464575A3
86100021,CID44F909F37AB488E99
97730107,CIB8BCB4F60B7848BEA0
97730324,CI5C028F498EB846228E
97730606,CIF1E174481F2D41049A
97730445,CIFF39ADC93C244604B9
97730308,CI73DF7D24A4454AD88F
86100022,CI3E8024C3BD8A4920B0
97730110,CI2262E86386C74F14B6
97730326,CIC79A8206504C4B9CB4
97730607,CI6EDCA9195CCC40109C
97730234,CIB4AA8639E6344451B1
86100023,CI0FD315F59A5A4A8080
97730193,CI74F4E26EE16C4528B5
97730235,CIF69113B4D858463387
86100024,CI08FF0027FCF743A893
97730112,CIDFD515D5D84B49BC8E
97730335,CID3B71DCEDB684615AE
97730083,CI78D726906E0E43778C
97730615,CI26FE0F96C92242D5B6
97730238,CI12E011A6A145488BBA
97730460,CI76BA1B9E6FDB405C80
86100025,CIC9414B00905A468CBC
97730336,CIB40AFE64674746378B
97730114,CI4964DAAEB994457784
97730616,CIFB0066DDB87B407FA2
97730002,CI576CD7F4393D4456AF
97730243,CIEB7329FE55F44532B5
97730461,CIEA9A0FAA1F3E40B289
97730337,CI3304182B4C504A9299
97730619,CIF646B0EAD2324AFEA6
97730022,CI1DC73B6B989B40D4A5
97730462,CIA2C3FF43964E40F5AC
86100027,CI1538AB24E42E47A5B9
97730125,CI44F7334229214CCEAE
97730022,CIB6BB20EFFC20489EBD
97730251,CIE427D82766D3429B83
97730463,CIC083104D7F0A448395
97730342,CI293F2C5A97CC489996
97730466,CI3A2E6D1748BB40ECB7
86100029,CI4627F791FF0740B89B
97730127,CIADFE2BC2D131457095
97730343,CI328A68607FA3434C91
97730582,CIDC750A3F5C9746789C
97730083,CIA88587C10C964C45B7
97730308,CI4F47D56F69744CE6BD
97730406,CID3FDB7455151429884
97730187,CI703EF84FEBED46BDA4
86100015,CI8FC6DD855FDB4BBBAE
97730087,CIC725FA7D810145C281
97730311,CI3CE15F86B5B44678A4
97730583,CI423CE99D9EC44CBB9E
38825966,CI3F1AF57EEBEB4579A8
97730187,CIB64111ACC8C04F8AAC
97730087,CI0192DAD8FF434F1C8C
97728628,CIA982EB8D455044DBA6
97730584,CI37862EB8AA1C485DA3
97730088,CI103E17E7B1294B7DA4
97730315,CIF9D74A7DBBC2489192
97728746,CIF07DC346C3F74875B7
97730412,CI46BCEE85BE1E41A381
97730101,CI3944EAF903CF439E96
97730316,CIC357755B34F14D4789
97730595,CIF5A7594C2A2240E183
97728637,CID5BE13D5996B47EAB3
97730224,CI0906F74E9B26457290
97730416,CI3FB8995E1A2440939E
97730105,CID70EC5FC0A1B44F689
97730321,CI45CBA31880914C0197
97730602,CI4A02077C227D4F4ABF
97728627,CI233AE366380B4A06A9
97730226,CI5CFFB82D97104C28AF
97730420,CI43C790E1AA3748D19C
97730106,CI4E0AD48D7547449FB1
97730323,CIB4462097CF5C49C093
97730605,CI5AD1186FD844477DAC
86100017,CI6127ABBE87CD425D84
97740936,CI324B5600517B4159B3
97730228,CI2658F486CCCB44419E
97730437,CI372902F81CB64A9A87
86100018,CI646AC34C8E57447A97
86100021,CI4227860D0C7742AA87
97730324,CI60F2DF55B0D6423789
97730606,CIA6848C12D8FB43B582
97730233,CI5FE02DA6AABE45D5AB
97730110,CIF9C9449E6E56438AA1
97730326,CI0A733B86CB4441F0AD
97730606,CIAAF288769EDB4824B2
86100016,CI7DECB293E3C84DACAE
97728634,CI1B8887BCAD904E45AD
97730234,CIA0E1125DE6D44BBDB9
97730451,CI601202BF723E461086
97730111,CI68E6E3A19D494A238D
97730331,CI3725C8DD2A1C4ACBB3
97730608,CIEED2D974068244F296
97728638,CID5B0E3B2FF3548A7A0
86100024,CI68A79A07B7DE44C495
97730615,CIC65243FBAA4847D0A2
97728629,CID2947B4A3EF04EB4B5
97730460,CI08F162D8AE63404EA2
86100025,CIF6D4FC07297E4BAB85
86100022,CI74EE50A839674E3A98
97730114,CI14B0E846EE424C49AA
97730336,CI66C71E25AD5B453392
97730616,CI7D51132FC2B5494EB7
97730002,CI6FC12DE854BA4DA1B2
97730243,CI688CFE67C8D7425698
97730124,CI30248A2FC4404253A6
97730337,CI7CBA8D0C097A4B1881
97730619,CI1B71BB89302C4C8688
97730335,CI7822FC8378D14E989F
97730005,CI6F21EAC7F6EA45C886
97730246,CI32860A5BB1A24F4E93
97730461,CI79EB86B107EB46BF80
97730462,CI19C65ABF6DF04245BC
86100027,CI357A2C8B884D4C2FA9
97730339,CI544399D9DF094045A6
97730022,CI6A57EA5D58B3459E87
97730251,CI65E25CD4EFBE4022BA
97730342,CI069D1A1F43EA4CA29D
97730030,CIE27C40B21CCF4BCE99
97730266,CI7AFD24F1BD6B481491
86100029,CI6CDCBB7345384CDEAC
97730127,CID2EE9F27A56442BEAB
97730670,CI409E9091D3B24DD089
97730054,CIE4283D6A5A86449BBB
97730268,CI1C8BC9BA2B7C4C02A9
97730467,CI2ED4976C7A4047DA8D
97730129,CI604D36D717614045A8
97730344,CI403AA1BB270544779C
97730057,CIDE42243AE7E74D15AF
97730468,CIF1A3FE94845C4A0A9E
97730143,CIA666189AD6284EB9BC
97730187,CIBD259779943B490D98
97730087,CIA2EFD459721A469DB7
86100015,CIDA640337D03647C6A4
97730406,CI59DBE759921F4BABA5
97730583,CIC1C24B13D0694D219D
97730193,CIA0AA9581B8494C678A
97730315,CI282D82203F074CB7AF
97728746,CI0F016E4B380A4012A3
97730222,CIBD5C7FFEC3B146E38E
97730415,CI2590BCE306E44DCBB9
86100018,CI4341F2A5805B4C1CA4
97730316,CICE9A2B9FB0704C9189
97730091,CI54851489C8F649A8AE
97730224,CID109025E63BA4CD3B5
86100019,CI28F3665F04144354A5
97730602,CIC9692668993047AEA3
97728627,CID486FA3E77264DA0AC
97730226,CIF2D0A2B2D39A48FB99
97730420,CI4596411B80DC4A2F83
97730323,CIF1A9912A18514946AD
97730412,CI6DFA07F198D24BD09C
97730605,CIC108804177344238B4
97740936,CIE90275268C494AA6B8
86100021,CI1319DDD9237647E2BE
97730107,CIB04E3ACBD1004C7FA4
97730324,CIB6CC5FAF9A10426597
97730606,CI3F6F5F616776464180
97729179,CI09482DD59E1D4F1E90
97730233,CI2AEB2C1D8D2B4A71AD
97730445,CICC07B21C42EB483F94
86100022,CIDFC6610BF7A94F8CB6
97730110,CI0699400C6FEA46B68B
97730607,CI04D6008BDF744B759B
97730234,CIF8CB576DB0254709AF
97730451,CID71478A6F42B43DC87
86100023,CI43F990E15BC744269B
97730111,CICF027195E1BA40108B
97730106,CI7F01B80C594A40989E
97730314,CI7F06FED49B7045B7AC
97730452,CI23DD3332F9794D4EA8
97730112,CI25CF6D0D370C4AA58D
97730335,CI49A51F8DB4E344B099
97730615,CI71D9A7E1D9CF479DB1
97730584,CI73EA570B886F41138C
97728629,CI7DD97832D50E422DB1
97730238,CI3BD4B6FF63024664AE
97730114,CIDFE536B9886045D5B6
97730336,CIC4C802D9467846809E
97730616,CID0A71BC7B0DF4386AC
97730460,CI7A66CEFE828442E0AC
97730243,CIC99D0252927B47C989
97730461,CID96B4FC064644D1D87
97730124,CI0CFE6A871D9F409CAB
97730337,CIF88268E7E7C746F296
97730595,CI775F7DA260564A84BC
97730246,CI275FD50AAC6D4067BE
86100027,CIBEB7BF82772545DFB6
97730125,CI29B41FE8CC6045DF83
97730339,CI12756F10100040E5A6
97730022,CI1FA132484316446EA2
97730667,CI4391415CC545425A89
97730342,CI5CADBE9D3DC2450BB6
97730668,CI5B78472AED994540A2
97730030,CI17EFC5D80CC14FCEA3
97730266,CI23DAF36367E54BC796
86100029,CIE19BA174CE6D4949A5
97730127,CIAFDBEC37998F4BC699
97730268,CI54C3DCAA272A48A384
97730129,CID5C2472C6B6440279A
86100030,CI57C67A617DEE48F0AD
86100001,CI3DE0D460055740E1AA
97730344,CI67E786FE4CB04551A3
97730271,CIAB5C3A632E164EC88D
86100031,CI64B94B060B1043128D
97730466,CI757AE26BCC8F46C680
97730143,CID09E6FFD5657419888
97730463,CI7576FC5168CE40BAA0
97730345,CIBDDEC38A638A438384
86100002,CIC55DA620486B4BD5A4
97730058,CI4E62206C0EE145C68F
97730274,CI520EEF46AB0E49C3BA
97730470,CIB35709A743084A0C83
86100016,CICFFAD64C9BDF47DCAA
97730193,CI43448315749B4EA28D
97730411,CI5DA41E7764DD41F28C
97730088,CIC365E7E5282040F0BA
97730200,CI651739E38DFB49B8B8
97730314,CIC1EE4CCA233C4183B4
97728628,CI530EDB1C4DB242BF8F
97730315,CI0E7799F0BABB4370BF
97730101,CI399DADB1B62144499D
97730224,CIF86CE54EE8F84AAE87
97730416,CICE224B09BC444D3580
97728637,CI3C280247292C4BFA9B
86100019,CI0321C0428A414B42B2
97730415,CI5DFAD53A754C43E897
97730602,CID05B8AB9B395447684
97728627,CIA7A809742E4F4C7FBD
97730420,CIFA973B6BF9634C36B4
97730323,CI4A094596CF504C7EB8
97730605,CI2F6FF0AD322E40B18C
97730437,CIC8BFC0BB9416499680
86100021,CIF5FE722B689F46138B
97730606,CI46E67D45295D425A80
97729179,CIDF2450FE262F40ED86
97730233,CIC023CF3F6E2F414DB3
97730445,CI0E440045E6E04A42AE
86100023,CIE5362FFE70B946B599
97730110,CIA5EA3F5E9AFB427988
97730595,CI63E9D5CD86BA4BF686
97730326,CIE92D65EE198B425ABE
97730111,CIE6DE7C5CA42D4A4090
97728638,CI64A8A591CA2C48BB89
97730235,CIA78210FEF79C4715B7
97730452,CI6B96EC8DBFF248DD88
97730335,CI5A42279388FE4A9AB4
97728629,CI12ED0F9FD9FD467D8F
97730222,CI7F8B448DBA3742D6A8
97730460,CIFACF52DA319548C697
86100025,CICD74F863379747DA9F
97730114,CIB4CA592BADB8478ABD
97730336,CI5A75B6C6E4184A92B9
86100024,CI726C438B686F4FBE8F
97730616,CIFCA8E02138F8486689
97730002,CIB3C002C718044ECE91
97730243,CI4B15953F26F54533B6
97730461,CIA8430A561B494209A5
86100026,CI20C272141E82427CA5
97730124,CIF6AC71AACDE8476B9B
97730005,CI652E727F5AD54033B4
97730246,CI0684DDCBE4F2411DAE
97730462,CIDC4B881E7809403B85
86100027,CID457FEF9E0EF4FF9A3
97730125,CI277251FA49154A8E84
97730339,CIC62A4A58407C4667BA
97730667,CI014741EC5DE940A3AD
97730022,CI1C30AA7478FB4EA4A9
97730463,CID0698EC269A040C09D
86100018,CI78077EDA0B6E48E88F
86100028,CIA5FF27C460044CBEB2
97730126,CI60DCA1F3E501478B8F
97730342,CI2C137BA507A54739B6
97730668,CIBD66A41BE73E43F98E
97730466,CIC1DDAD8288C74D4F8C
86100029,CI2EECC4F4C9694768A3
97730266,CI6A62E732A96445708A
97730127,CI15F6F3F27DC84FC8AC
97730343,CI5BDF57E060E747188E
97730054,CID170206C70ED4370BE
97730268,CIAFEF9CB4F84C4892B5
97730467,CI469430CA05A04CCC94
97730344,CIFC6E6CE7CC964C3FAF
97730468,CI300742E06BBB49EE9A
86100031,CIB0FEA7A3705D44508D
97730143,CI6FC8F345A5BB4555B4
86100002,CI2F083B9D31AE41DD8F
97730274,CIB4C71BF2C6E449A186
97730470,CI7377CB08B6184FB0AD
86100032,CI1B3397B5E6BB46E28D
97730151,CIB5CC02B4B62C488699
86100003,CI7A275CEFB24F48A1A6
97730059,CI473A3D02403A4BD699
97730277,CI168C4933509A43608A
86100033,CIECB3108DF7DD45749D
97728628,CI305BD5C956D94A359C
86100017,CIEF705A0585F6442C85
97730412,CI6BD02D6ED0D44F8780
97730200,CI69229BA93E3741AB86
97730590,CIA43D0D617E564F4B99
97730091,CI532D7B33233D406389
97730222,CI8F18663DF9C84030A0
97730415,CID47CDB0394D94B2687
86100018,CIA6C4AEA03EA54F3E9A
97730224,CI3D87B8866E6C4BC583
97728637,CI4BA393D5937D496FAD
97730416,CIA2AC4E1B29CD465499
86100019,CIAB0FA695EBAA41FC82
97730105,CIBFFD093B77034992B7
97730321,CIB9BC94B72EBF4CC68B
97730602,CI35C95AE2F8C9476CB6
86100020,CI15E3C805D3B4469480
97730106,CI170C0065D46B46468B
97730605,CI433D9EA6A4464737BC
97729179,CI5A7C0C8E766440B4B6
97730228,CIEF5B1821F6C647629C
97730437,CI13C7CA63DD564657B6
86100021,CIAB8BF4E22E644ADC86
97730606,CI374ABDA5C54B4905A9
86100022,CIEB1D7D5AA75D49C4A4
97730607,CICF20F21261214FC582
97730326,CI61E0412AF6534F478E
97730331,CI607C0F8E6A1E4E3DBF
97730595,CI6398F6622D3A4E8E91
97730608,CI0D7DA1C6DC2F461CB0
86100024,CI2135AC75615446C79D
97730112,CIC95E9F9F67A94346A7
97730335,CI4ADCA4F34F674D249B
97728629,CI0116472291284F1F84
86100025,CIB882D4C4C475475680
97730114,CI580176F540684D7CB2
97730336,CIC734A1DA5754400CAE
97730243,CI43FA83181C42472CB0
97730461,CI41CE685C5E0E4622BD
86100026,CIDDCB8C905B494734A3
97730246,CIF20E6C2981434CB980
97730125,CI0731190A554740CD86
97730022,CI08DE80C7C962439A80
97730251,CI480D0FDA61A44346BE
86100028,CI519F580ADDED432386
97730126,CI4D983F6675C947A7B7
97730668,CIBE70BC47342B4074AC
97730266,CIB6BA2CC5F4AA4A74AA
97730466,CIF34BFDCB51934342B3
86100029,CID78F99335B0147819A
97730127,CI5338078E1727494A83
97730343,CIB687C8EA586948B0A8
97730670,CIB9268DC4E25E4A52A2
97730268,CI2AA5EE44668242EE8C
97730467,CID5ED48FC1E764E53B4
86100030,CIC071B2C8768E443588
86100001,CI48FFE2A217DE483193
97730271,CID223B7EC17EF4C909E
97730468,CI546361D7584F45F8AD
86100031,CIE85A52BA75F04C3581
97730143,CIDC8ED9A05DF64354BF
97730345,CIAE63E52930B545B398
86100002,CI0873B4D374C14C108E
97730151,CI4940B932F1AB410382
97730346,CI0FAACFCDC63F450F9E
86100032,CI65CB7218F2304759B3
86100003,CICA8DFF8B556C4A74AC
97730059,CI4A818DEAE23D4B0486
97730475,CI7C6079A5E2A44A1AAF
86100033,CI5D1925BE278C4EE3B1
97730347,CI636125E174C8487592
97730060,CI7BAF073898D944C888
97730283,CI40F7B19D8BE54C96B1
86100034,CIAAFDCACD7D91433EA6
97730167,CI57705F30FE1F426E9B
97730353,CI7BDD7B59800E42DB98
86100007,CI7597ED345DA14DAB92
97730482,CI810ADFBD5AD34A0482
97730354,CIA081824C24DC44129A
86100008,CI64C703A63F654D3D9E
97730290,CIA5584F58D08C453088
97730484,CI0D0FEE139D854FAAAC
97643309,CIE899C5BBBF274B02A2
97730172,CIE6A87FB609034ED1A2
97730069,CIE9A3D56E4ED141B5A1
97730487,CI13839B94C8084C1CB4
86100010,CIDF62D63A98EE417CA8
97730071,CICFD885FCB85348A8AD
86100009,CI5C5D368DDE2549939A
97730488,CIFD4CD0DD43ED4D748A
97745795,CID8CA5AA9C69E4BDA9D
97730396,CI2C065B96146042F0A9
97730075,CIF8838FF8FDF94D1E87
97730296,CIE64B120CD6AD4EB190
97730570,CI4CA28B897D874C5DAC
97730396,CIF888BA4FE77C4CF79F
97730076,CI6D50617C26A542468F
97730578,CI5411E667DB3C4B8995
97730179,CIAAC72BD1A5164BF288
97730174,CI6F5842E02F184C64A9
86100013,CI3368914CD1204ACEA4
97730305,CI4A895BC6A00C4E3195
97730581,CIB1032A0B318B4580A1
97730185,CIFED8900C4CA04558B8
97730405,CI046491A9A8CE403DAF
97730078,CI115BB4E8838E466B9B
97730582,CID7F99E7EC85C46A6B1
97730308,CI54BCE62C954C4935AD
97610919,CI389013ECEE1E4906A8
97730187,CIE3619857AE314BCBBB
97730406,CI2DC49F8819374D5A96
86100015,CIA9D662C9E1F744ADAC
97730087,CIE8E055B2A72C42B098
38832157,CI7D7E85C8D2DF4D85BB
97730311,CIAB0B1EFB31A446CCAE
97730583,CID7F42B1873334442A4
38825966,CI6629D33C14764B9E85
97730411,CICB31A668FDBA466F95
86100016,CI621B4E52F2894DF78D
97730088,CI0EC14640CD8D44B086
97730314,CI2A1F76F3E4E3483A81
97730412,CI05CFA845AA174B02A0
97730088,CIBFF502445AB2421B88
97730590,CIA52D9698989A495ABD
86100017,CI7B281DAF806044958F
97728746,CI2CDEC8CEEB8643C6B8
97730315,CI74732BB93EA34F2886
97732048,CI75E6FF09848C4D1CA1
86100018,CIC6374EE0195A496B9F
97730316,CIC49140FDFD3A4DDCBC
97730595,CI3118F366044A46E899
97728637,CIB3EAF0A01B8D4E0A86
97730224,CIA3976BC5F3BD41ECBD
97730416,CIDE50DF1FA07A4C2490
86100019,CIDA9B8E94EC0849F8B0
97730105,CIABEE87C08F7C482E8A
97730226,CI044F67DDC50C4BFC8B
97730420,CI0D9955D2598B4811BF
86100020,CID4BE8FAA34DA4D5494
97730605,CIFF73DCF791DF449494
97740936,CI4C15685C896942E597
97730228,CIBDE815A2AEA7475BBB
97730437,CIB6B6F06EBC3948F291
97730107,CIF4A99C7F616F4CC2B2
97730606,CI6AA273E46C7B4C59A1
97730233,CI28C3EBB31FE141FEA8
97730445,CI589257F3B9554740BF
97730110,CI0498308D887A4EBFB7
97730326,CI34D5DB4120754F2FAA
97730607,CIA4F919C1639D4FD1B1
97728634,CI69436F1199D44201A7
97730451,CI235865CED1324A79B5
86100023,CI41DBEB0C4256417189
97728627,CI7549294773854B4E91
97730111,CIDA209EB14B4D41C197
97730331,CIF4E8C13140874ABCA6
97728638,CIACE49426E5A647DBA0
86100024,CI6AD28D056A2B413C81
97730112,CIC418BC614FCC490D90