balanceAccountId,businessDate,status
001107501X,Available
10000JCS,Available
10000JFG,Available
10000JRP,Available
10000MMF,Available
10000000,Available
10000001,Available
10000002,Available
10000003,Available
10000004,Available
10000005,Available
10000008,Available
11000ABF,Available
11000ABI,Available
11000ABP,Available
11000ABV,Available
11000CDX,Available
11000CMF,Available
11000CMI,Available
11000CMO,Available
11000CMP,Available
11000CMV,Available
11000CMZ,Available
11000COV,Available
11000CPF,Available
11000CPI,Available
11000CPO,Available
11000CPV,Available
11000CPZ,Available
11000CRF,Available
11000GNF,Available
11000GNV,Available
11000MBF,Available
11000MBS,Available
11000MBV,Available
11000PCL,Available
11000PFD,Available
11000PVE,Available
11000TBA,Available
11000TBF,Available
11000TBG,Available
11000TBL,Available
11000TRS,Available
11000WIS,Available
12000ABF,Available
12000ABI,Available
12000ABP,Available
12000ABV,Available
12000CDX,Available
12000CMF,Available
12000CMI,Available
12000CMV,Available
12000CMZ,Available
12000COV,Available
12000CPF,Available
12000CPI,Available
12000CPV,Available
12000CPZ,Available
12000CRF,Available
12000GNF,Available
12000GNV,Available
12000MBF,Available
12000MBS,Available
12000MBV,Available
12000PCL,Available
12000PFD,Available
12000PVE,Available
12000TBA,Available
12000TBF,Available
12000TBG,Available
12000TBL,Available
12000TRS,Available
12000WIS,Available
130000RV,Available
140000RV,Available
15000ABF,Available
15000ABI,Available
15000ABP,Available
15000ABV,Available
15000CDX,Available
15000CMF,Available
15000CMI,Available
15000CMO,Available
15000CMP,Available
15000CMV,Available
15000CMZ,Available
15000COV,Available
15000CPF,Available
15000CPI,Available
15000CPO,Available
15000CPV,Available
15000CPZ,Available
15000CRF,Available
15000GNF,Available
15000GNV,Available
15000MBF,Available
15000MBS,Available
15000MBV,Available
15000PCL,Available
15000PFD,Available
15000PVE,Available
15000TBA,Available
15000TBF,Available
15000TBG,Available
15000TBL,Available
15000TRS,Available
15000WIS,Available
16TBFAIL,Available
1600FAIL,Available
16000000,Available
16020000,Available
170000RV,Available
17000000,Available
18000TBA,Available
18000000,Available
18010000,Available
18020000,Available
18030000,Available
18040000,Available
18060000,Available
19010000,Available
19020000,Available
19060000,Available
19070000,Available
19080000,Available
21000ABF,Available
21000ABI,Available
21000ABP,Available
21000ABV,Available
21000CDX,Available
21000CMF,Available
21000CMI,Available
21000CMO,Available
21000CMP,Available
21000CMV,Available
21000CMZ,Available
21000COV,Available
21000CPF,Available
21000CPI,Available
21000CPO,Available
21000CPV,Available
21000CPZ,Available
21000CRF,Available
21000GNF,Available
21000GNV,Available
21000MBF,Available
21000MBS,Available
21000MBV,Available
21000PCL,Available
21000PFD,Available
21000PVE,Available
21000TBA,Available
21000TBF,Available
21000TBG,Available
21000TBL,Available
21000TRS,Available
21000WIS,Available
22000ABF,Available
22000ABI,Available
22000ABP,Available
22000ABV,Available
22000CDX,Available
22000CMF,Available
22000CMI,Available
22000CMV,Available
22000CMZ,Available
22000COV,Available
22000CPF,Available
22000CPI,Available
22000CPV,Available
22000CPZ,Available
22000CRF,Available
22000GNF,Available
22000GNV,Available
22000MBF,Available
22000MBS,Available
22000MBV,Available
22000PCL,Available
22000PFD,Available
22000PVE,Available
22000TBA,Available
22000TBF,Available
22000TBG,Available
22000TBL,Available
22000TRS,Available
22000WIS,Available
230000RP,Available
240000RP,Available
27000PCL,Available
270000RP,Available
27000000,Available
30000RET,Available
35000RET,Available
42000ABF,Available
42000ABI,Available
42000ABP,Available
42000ABV,Available
42000CDX,Available
42000CMF,Available
42000CMI,Available
42000CMV,Available
42000CMZ,Available
42000COV,Available
42000CPF,Available
42000CPI,Available
42000CPV,Available
42000CPZ,Available
42000CRF,Available
42000GNF,Available
42000GNV,Available
42000MAN,Available
42000MBF,Available
42000MBS,Available
42000MBV,Available
42000PCL,Available
42000PFD,Available
42000PVE,Available
42000TBA,Available
42000TBF,Available
42000TBG,Available
42000TBL,Available
42000TRS,Available
42000WIS,Available
43000ABF,Available
43000ABV,Available
43000CMF,Available
43000CMI,Available
43000CMO,Available
43000CMP,Available
43000CMV,Available
43000CMZ,Available
43000COV,Available
43000CPF,Available
43000CPI,Available
43000CPO,Available
43000CPV,Available
43000CPZ,Available
43000CRF,Available
43000GNF,Available
43000GNV,Available
43000MBF,Available
43000MBS,Available
43000MBV,Available
43000TBF,Available
43000TBG,Available
43000TBL,Available
43000TRS,Available
43000WIS,Available
440000RV,Available
52000ABF,Available
52000ABI,Available
52000ABP,Available
52000ABV,Available
52000CDX,Available
52000CMF,Available
52000CMI,Available
52000CMV,Available
52000CMZ,Available
52000COV,Available
52000CPF,Available
52000CPI,Available
52000CPV,Available
52000CPZ,Available
52000CRF,Available
52000GNF,Available
52000GNV,Available
52000MBF,Available
52000MBS,Available
52000MBV,Available
52000PCL,Available
52000PFD,Available
52000PVE,Available
52000TBA,Available
52000TBF,Available
52000TBG,Available
52000TBL,Available
52000TRS,Available
52000WIS,Available
53000ABF,Available
53000ABV,Available
53000CMF,Available
53000CMI,Available
53000CMO,Available
53000CMP,Available
53000CMV,Available
53000CMZ,Available
53000COV,Available
53000CPF,Available
53000CPI,Available
53000CPO,Available
53000CPV,Available
53000CPZ,Available
53000CRF,Available
53000GNF,Available
53000GNV,Available
53000MBF,Available
53000MBS,Available
53000MBV,Available
53000TBF,Available
53000TBG,Available
53000TBL,Available
53000TRS,Available
53000WIS,Available
540000RP,Available
55000000,Available
56000000,Available
56000001,Available
61000ABF,Available
61000ABI,Available
61000ABP,Available
61000ABV,Available
61000CDX,Available
61000CMF,Available
61000CMI,Available
61000CMO,Available
61000CMP,Available
61000CMV,Available
61000CMZ,Available
61000COV,Available
61000CPF,Available
61000CPI,Available
61000CPO,Available
61000CPV,Available
61000CPZ,Available
61000CRF,Available
61000GNF,Available
61000GNV,Available
61000MBF,Available
61000MBS,Available
61000MBV,Available
61000PCL,Available
61000PFD,Available
61000PVE,Available
61000TBA,Available
61000TBF,Available
61000TBG,Available
61000TBL,Available
61000TRS,Available
61000WIS,Available
62000ABF,Available
62000ABI,Available
62000ABP,Available
62000ABV,Available
62000CDX,Available
62000CMF,Available
62000CMI,Available
62000CMO,Available
62000CMP,Available
62000CMV,Available
62000CMZ,Available
62000COV,Available
62000CPF,Available
62000CPI,Available
62000CPO,Available
62000CPV,Available
62000CPZ,Available
62000CRF,Available
62000GNF,Available
62000GNV,Available
62000MAN,Available
62000MBF,Available
62000MBS,Available
62000MBV,Available
62000PCL,Available
62000PFD,Available
62000PVE,Available
62000TBA,Available
62000TBF,Available
62000TBG,Available
62000TBL,Available
62000TRS,Available
62000WIS,Available
63000TBF,Available
63000TBG,Available
82000WIS,Available
82500WIS,Available
82600WIS,Available
82700WIS,Available
83000WIS,Available
83500WIS,Available
83600WIS,Available
83700WIS,Available
1000RCI3,Available
1000RJFS,Available
1000RWF2,Available
10000MMF,Available
10000REQ,Available
10000RVT,Available
100000CB,Available
100000CD,Available
100000WF,Available
10000000,Available
10000001,Available
10000002,Available
11000CDX,Available
11000CMF,Available
11000CMI,Available
11000CMO,Available
11000CMP,Available
11000CMV,Available
11000CMZ,Available
11000COD,Available
11000COV,Available
11000CPF,Available
11000CPI,Available
11000CPO,Available
11000CPV,Available
11000CPZ,Available
11000CRF,Available
11000GNF,Available
11000GNV,Available
11000MBF,Available
11000MBS,Available
11000MBV,Available
11000TBF,Available
11000TBG,Available
11000TBL,Available
11000TRS,Available
11000WIS,Available
12000CDX,Available
12000CMF,Available
12000CMI,Available
12000CMV,Available
12000CMZ,Available
12000COD,Available
12000COV,Available
12000CPF,Available
12000CPI,Available
12000CPV,Available
12000CPZ,Available
12000CRF,Available
12000GNF,Available
12000GNV,Available
12000MBF,Available
12000MBS,Available
12000MBV,Available
12000TBF,Available
12000TBG,Available
12000TBL,Available
12000TRS,Available
12000WIS,Available
130000RV,Available
140000RV,Available
15000CDX,Available
15000CMF,Available
15000CMI,Available
15000CMO,Available
15000CMP,Available
15000CMV,Available
15000CMZ,Available
15000COD,Available
15000COV,Available
15000CPF,Available
15000CPI,Available
15000CPO,Available
15000CPV,Available
15000CPZ,Available
15000CRF,Available
15000GNF,Available
15000GNV,Available
15000MBF,Available
15000MBS,Available
15000MBV,Available
15000TBF,Available
15000TBG,Available
15000TBL,Available
15000TRS,Available
15000WIS,Available
16000000,Available
16020000,Available
170000RV,Available
17000000,Available
18000000,Available
18010000,Available
18020000,Available
18030000,Available
18040000,Available
18060000,Available
19010000,Available
19020000,Available
19060000,Available
19070000,Available
21000CDX,Available
21000CMF,Available
21000CMI,Available
21000CMO,Available
21000CMP,Available
21000CMV,Available
21000CMZ,Available
21000COD,Available
21000COV,Available
21000CPF,Available
21000CPI,Available
21000CPO,Available
21000CPV,Available
21000CPZ,Available
21000CRF,Available
21000GNF,Available
21000GNV,Available
21000MBF,Available
21000MBS,Available
21000MBV,Available
21000TBF,Available
21000TBG,Available
21000TBL,Available
21000TRS,Available
21000WIS,Available
22000CDX,Available
22000CMF,Available
22000CMI,Available
22000CMV,Available
22000CMZ,Available
22000COD,Available
22000COV,Available
22000CPF,Available
22000CPI,Available
22000CPV,Available
22000CPZ,Available
22000CRF,Available
22000GNF,Available
22000GNV,Available
22000MBF,Available
22000MBS,Available
22000MBV,Available
22000TBF,Available
22000TBG,Available
22000TBL,Available
22000TRS,Available
22000WIS,Available
230000RP,Available
240000RP,Available
270000RP,Available
27000000,Available
30000RET,Available
35000RET,Available
42000CDX,Available
42000CMF,Available
42000CMI,Available
42000CMV,Available
42000CMZ,Available
42000COD,Available
42000COV,Available
42000CPF,Available
42000CPI,Available
42000CPV,Available
42000CPZ,Available
42000CRF,Available
42000GNF,Available
42000GNV,Available
42000MBF,Available
42000MBS,Available
42000MBV,Available
42000TBF,Available
42000TBG,Available
42000TBL,Available
42000TRS,Available
42000WIS,Available
43000CMF,Available
43000CMI,Available
43000CMO,Available
43000CMP,Available
43000CMV,Available
43000CMZ,Available
43000COD,Available
43000CPF,Available
43000CPI,Available
43000CPO,Available
43000CPV,Available
43000CPZ,Available
43000GNF,Available
43000GNV,Available
43000MBF,Available
43000MBS,Available
43000MBV,Available
43000TBF,Available
43000TBG,Available
43000TBL,Available
43000TRS,Available
43000WIS,Available
440000RV,Available
52000CDX,Available
52000CMF,Available
52000CMI,Available
52000CMV,Available
52000CMZ,Available
52000COD,Available
52000COV,Available
52000CPF,Available
52000CPI,Available
52000CPV,Available
52000CPZ,Available
52000CRF,Available
52000GNF,Available
52000GNV,Available
52000MBF,Available
52000MBS,Available
52000MBV,Available
52000TBF,Available
52000TBG,Available
52000TBL,Available
52000TRS,Available
52000WIS,Available
53000CMF,Available
53000CMI,Available
53000CMO,Available
53000CMP,Available
53000CMV,Available
53000CMZ,Available
53000COD,Available
53000CPF,Available
53000CPI,Available
53000CPO,Available
53000CPV,Available
53000CPZ,Available
53000GNF,Available
53000GNV,Available
53000MBF,Available
53000MBS,Available
53000MBV,Available
53000TBF,Available
53000TBG,Available
53000TBL,Available
53000TRS,Available
53000WIS,Available
540000RP,Available
55000000,Available
56000000,Available
61000CDX,Available
61000CMF,Available
61000CMI,Available
61000CMO,Available
61000CMP,Available
61000CMV,Available
61000CMZ,Available
61000COD,Available
61000COV,Available
61000CPF,Available
61000CPI,Available
61000CPO,Available
61000CPV,Available
61000CPZ,Available
61000CRF,Available
61000GNF,Available
61000GNV,Available
61000MBF,Available
61000MBS,Available
61000MBV,Available
61000TBF,Available
61000TBG,Available
61000TBL,Available
61000TRS,Available
61000WIS,Available
62000CDX,Available
62000CMF,Available
62000CMI,Available
62000CMO,Available
62000CMP,Available
62000CMV,Available
62000CMZ,Available
62000COD,Available
62000COV,Available
62000CPF,Available
62000CPI,Available
62000CPO,Available
62000CPV,Available
62000CPZ,Available
62000CRF,Available
62000GNF,Available
62000GNV,Available
62000MAN,Available
62000MBF,Available
62000MBS,Available
62000MBV,Available
62000TBF,Available
62000TBG,Available
62000TBL,Available
62000TRS,Available
62000WIS,Available
63000TBF,Available
63000TBG,Available
82000WIS,Available
82500WIS,Available
82600WIS,Available
82700WIS,Available
83000WIS,Available
83500WIS,Available
83600WIS,Available
83700WIS,Available
130000RV,Available
140000RV,Available
440000RV,Available
1000RCI3,Available
11000COD,Available
11000COV,Available
11000CRF,Available
11000TRS,Available
12000COV,Available
12000CRF,Available
15000COD,Available
15000COV,Available
15000CRF,Available
15000TRS,Available
21000COD,Available
21000COV,Available
21000CRF,Available
21000TRS,Available
22000COV,Available
22000CRF,Available
42000CRF,Available
43000COD,Available
52000COV,Available
52000CRF,Available
53000COD,Available
61000COD,Available
61000COV,Available
61000CRF,Available
62000COD,Available
62000COV,Available
62000CRF,Available
130000RV,Available
140000RV,Available
230000RP,Available
240000RP,Available
440000RV,Available
540000RP,Available
1000RWF2,Available
100000WF,Available
11000TBL,Available
11000TRS,Available
12000TRS,Available
130000RV,Available
140000RV,Available
15000TBL,Available
15000TRS,Available
21000TBL,Available
21000TRS,Available
22000TRS,Available
230000RP,Available
240000RP,Available
42000TRS,Available
43000TBL,Available
440000RV,Available
52000TRS,Available
53000TBL,Available
540000RP,Available
61000TBL,Available
61000TRS,Available
62000TBL,Available
62000TRS,Available
11000TBL,Available
11000TRS,Available
12000TRS,Available
130000RV,Available
140000RV,Available
15000TBL,Available
15000TRS,Available
21000TBL,Available
21000TRS,Available
22000TRS,Available
230000RP,Available
240000RP,Available
42000TRS,Available
43000TBL,Available
440000RV,Available
52000TRS,Available
53000TBL,Available
540000RP,Available
61000TBL,Available
61000TRS,Available
62000TBL,Available
62000TRS,Available
1000RJFS,Available
100000CD,Available
11000TBL,Available
11000TRS,Available
12000TRS,Available
130000RV,Available
140000RV,Available
15000TBL,Available
15000TRS,Available
21000TBL,Available
21000TRS,Available
22000TRS,Available
230000RP,Available
240000RP,Available
43000TBL,Available
440000RV,Available
540000RP,Available
61000TBL,Available
62000TBL,Available
001107501X,Available
001107511X,Available
001107521X,Available
001107531X,Available
001107541X,Available
001107551X,Available
001107561X,Available
001107571X,Available
001107581X,Available
001107591X,Available
001107601X,Available
001107611X,Available
001108531X,Available
001108541X,Available
001108551X,Available
001108561X,Available
001108571X,Available
001108581X,Available
001108591X,Available
001108601X,Available
001108611X,Available
001108621X,Available
001108651X,Available
001108661X,Available
001108671X,Available
001108681X,Available
001108691X,Available
0011087012,Available
001108721X,Available
001108731X,Available
001108741X,Available
001108751X,Available
001108756X,Available
001108764X,Available
001108776X,Available
001108784X,Available
001108791X,Available
001108801X,Available
001108816X,Available
001108824X,Available
001108921X,Available
001108931X,Available
0011089513,Available
0011089612,Available
001109051X,Available
001109061X,Available
001109071X,Available
001109081X,Available
001109091X,Available
001109101X,Available
001109111X,Available
001109121X,Available
001109131X,Available
001109141X,Available
001109151X,Available
001109161X,Available
001109171X,Available
001109231X,Available
001109241X,Available
001109261X,Available
001109271X,Available
001109281X,Available
001109291X,Available
001109301X,Available
001109311X,Available
001109321X,Available
001109331X,Available
001109341X,Available
001109351X,Available
001109361X,Available
001720001X,Available
001720011X,Available
001720021X,Available
001720031X,Available
001720041X,Available
001720051X,Available
001720061X,Available
001720071X,Available
001720081X,Available
001720091X,Available
001720101X,Available
001720111X,Available
001720121X,Available
001720131X,Available
001720141X,Available
001720151X,Available
001720161X,Available
001720171X,Available
001720201X,Available
001720211X,Available
001720221X,Available
001720231X,Available
001720241X,Available
001720251X,Available
001720261X,Available
001720271X,Available
001724001X,Available
001724011X,Available
001724021X,Available
001724031X,Available
001724041X,Available
001726001X,Available
001728001X,Available
001730001X,Available
001730011X,Available
001730021X,Available
001730031X,Available
001730041X,Available
001730051X,Available
001730061X,Available
001730071X,Available
001730081X,Available
001730091X,Available
001730101X,Available
001730111X,Available
001730121X,Available
001730124X,Available
001730131X,Available
001730141X,Available
001730151X,Available
001730161X,Available
001730171X,Available
001730201X,Available
001730211X,Available
001730221X,Available
001730231X,Available
001730241X,Available
001730251X,Available
001730261X,Available
001730271X,Available
001734001X,Available
001734011X,Available
001734021X,Available
001734031X,Available
001734041X,Available
001736001X,Available
001738001X,Available
001749001X,Available
001749021X,Available
002020201X,Available
002102001X,Available
002102002X,Available
002102003X,Available
002102004X,Available
002102011X,Available
002102012X,Available
002102013X,Available
002102014X,Available
002102021X,Available
002102022X,Available
002102023X,Available
002102024X,Available
0021020433,Available
002102102X,Available
002102103X,Available
002102104X,Available
002102111X,Available
002102112X,Available
002102113X,Available
002102114X,Available
002102121X,Available
002102122X,Available
002102123X,Available
002102124X,Available
002102131X,Available
002102132X,Available
002102133X,Available
002102134X,Available
002102141X,Available
002102142X,Available
002102143X,Available
002102144X,Available
002102151X,Available
002102152X,Available
002102153X,Available
002102154X,Available
002102161X,Available
002102162X,Available
002102163X,Available
002102164X,Available
002102171X,Available
002102172X,Available
002102173X,Available
002102174X,Available
002102181X,Available
002102182X,Available
002102183X,Available
002102184X,Available
002102191X,Available
002102192X,Available
002102193X,Available
002102194X,Available
002102201X,Available
002102231X,Available
002102232X,Available
002102233X,Available
002102234X,Available
002102241X,Available
002102242X,Available
002102243X,Available
002102244X,Available
002202151X,Available
002202152X,Available
003000011X,Available
003102102X,Available
003102103X,Available
003102104X,Available
003102111X,Available
003102112X,Available
003102113X,Available
003102114X,Available
003102121X,Available
003102122X,Available
003102123X,Available
003102124X,Available
003102131X,Available
003102132X,Available
003102133X,Available
003102134X,Available
003102141X,Available
003102142X,Available
003102143X,Available
003102144X,Available
003102151X,Available
003102152X,Available
003102153X,Available
003102154X,Available
003102161X,Available
003102162X,Available
003102163X,Available
003102164X,Available
003102171X,Available
003102172X,Available
003102173X,Available
003102174X,Available
003102181X,Available
003103181X,Available
003103191X,Available
003202151X,Available
003202152X,Available
010100001X,Available
010200001X,Available
011100001X,Available
011200001X,Available
011300001X,Available
011350001X,Available
011400001X,Available
012100011X,Available
012100021X,Available
012100031X,Available
012100041X,Available
012100051X,Available
012100061X,Available
012100071X,Available
012100081X,Available
012100091X,Available
012100101X,Available
012100111X,Available
012100121X,Available
012100131X,Available
012100141X,Available
012100151X,Available
012100161X,Available
012100171X,Available
012100181X,Available
012100191X,Available
012100201X,Available
012100211X,Available
012100221X,Available
012100231X,Available
012100241X,Available
012100251X,Available
012100261X,Available
012100271X,Available
012100281X,Available
012100291X,Available
012100301X,Available
012100311X,Available
012100321X,Available
012100331X,Available
012100341X,Available
012100351X,Available
012100361X,Available
012100371X,Available
012100381X,Available
012100391X,Available
012100401X,Available
012100411X,Available
012100421X,Available
012100431X,Available
012100441X,Available
012100451X,Available
012100461X,Available
012100471X,Available
012100481X,Available
012100491X,Available
012100501X,Available
012100511X,Available
012100521X,Available
012100531X,Available
012100541X,Available
012100551X,Available
012100561X,Available
012100571X,Available
012100581X,Available
012100591X,Available
012100601X,Available
012100611X,Available
012100621X,Available
012100631X,Available
012100641X,Available
012100651X,Available
012100661X,Available
012100671X,Available
012100681X,Available
012100691X,Available
012100701X,Available
012100741X,Available
012100751X,Available
012100761X,Available
012100771X,Available
012101001X,Available
013002001X,Available
013002011X,Available
013002021X,Available
013002041X,Available
013002061X,Available
013002071X,Available
013002101X,Available
013002111X,Available
013002121X,Available
013002131X,Available
013002141X,Available
013002151X,Available
013002171X,Available
013002181X,Available
013002201X,Available
013002211X,Available
013002221X,Available
013002231X,Available
013002251X,Available
013002261X,Available
013002291X,Available
013002301X,Available
013002311X,Available
013002321X,Available
013002331X,Available
013002341X,Available
013002351X,Available
013002361X,Available
013002401X,Available
013002411X,Available
013002421X,Available
013002431X,Available
013002441X,Available
013002451X,Available
013002461X,Available
013002471X,Available
013002491X,Available
013002501X,Available
013002511X,Available
013002531X,Available
013002541X,Available
013002551X,Available
013002561X,Available
013002571X,Available
013002581X,Available
013002611X,Available
013002621X,Available
013002631X,Available
013002641X,Available
013002651X,Available
013002661X,Available
013002671X,Available
013002681X,Available
013002691X,Available
013002701X,Available
013002741X,Available
013002751X,Available
013002761X,Available
013002771X,Available
014000001X,Available
014000011X,Available
014000021X,Available
014000031X,Available
014000073X,Available
014000101X,Available
014000201X,Available
014000211X,Available
014000221X,Available
014000301X,Available
014000311X,Available
014000321X,Available
014000401X,Available
014000411X,Available
014000501X,Available
014000601X,Available
014000701X,Available
014000711X,Available
014000721X,Available
014000731X,Available
014000801X,Available
014000811X,Available
014000901X,Available
014000911X,Available
014000951X,Available
014001001X,Available
014001021X,Available
014001031X,Available
014001041X,Available
014001051X,Available
014001061X,Available
014001071X,Available
014001081X,Available
014001091X,Available
014001101X,Available
014001111X,Available
014001120X,Available
014001121X,Available
014001131X,Available
014001141X,Available
014001151X,Available
014001161X,Available
014001201X,Available
014001231X,Available
014100781X,Available
014100791X,Available
015000001X,Available
015010001X,Available
015020001X,Available
015030001X,Available
015040001X,Available
015050001X,Available
015060001X,Available
015070001X,Available
015080001X,Available
015090001X,Available
015100781X,Available
015202781X,Available
016000001X,Available
016000011X,Available
016000021X,Available
016000031X,Available
016000041X,Available
016000051X,Available
016000061X,Available
016000071X,Available
016000081X,Available
016000091X,Available
016000101X,Available
016000111X,Available
016000121X,Available
016000131X,Available
016000141X,Available
016000151X,Available
016000161X,Available
016000171X,Available
016000181X,Available
016000191X,Available
016000201X,Available
016000211X,Available
016000221X,Available
016000231X,Available
016000241X,Available
016000251X,Available
016000261X,Available
016000271X,Available
016000281X,Available
016000291X,Available
016000301X,Available
016000311X,Available
016000321X,Available
016000331X,Available
016000341X,Available
016000351X,Available
016000361X,Available
016000371X,Available
016000381X,Available
016000391X,Available
016000401X,Available
016000411X,Available
016000421X,Available
016000431X,Available
016000441X,Available
016000451X,Available
016000481X,Available
016000491X,Available
016000501X,Available
016000511X,Available
016000521X,Available
016000531X,Available
016000571X,Available
016000581X,Available
016000591X,Available
016000601X,Available
016000611X,Available
016000621X,Available
016000631X,Available
016000641X,Available
016000651X,Available
016000661X,Available
016000671X,Available
016000681X,Available
016000691X,Available
016000701X,Available
016000711X,Available
016000741X,Available
016000751X,Available
016000761X,Available
016000771X,Available
016510001X,Available
016550001X,Available
016560001X,Available
016570001X,Available
016580001X,Available
01730041X,Available
018010001X,Available
018020001X,Available
018030001X,Available
018040001X,Available
018050001X,Available
018060001X,Available
018070001X,Available
018080001X,Available
018100781X,Available
018103781X,Available
022100011X,Available
022100021X,Available
022100031X,Available
022100041X,Available
022100051X,Available
022100061X,Available
022100071X,Available
022100081X,Available
022100091X,Available
022100101X,Available
022100111X,Available
022100121X,Available
022100131X,Available
022100141X,Available
022100151X,Available
022100161X,Available
022100171X,Available
022100181X,Available
022100191X,Available
022100201X,Available
022100211X,Available
022100221X,Available
022100231X,Available
022100241X,Available
022100251X,Available
022100261X,Available
022100271X,Available
022100281X,Available
022100291X,Available
022100301X,Available
022100311X,Available
022100321X,Available
022100331X,Available
022100341X,Available
022100351X,Available
022100361X,Available
022100371X,Available
022100381X,Available
022100391X,Available
022100401X,Available
022100411X,Available
022100421X,Available
022100431X,Available
022100441X,Available
022100451X,Available
022100461X,Available
022100471X,Available
022100481X,Available
022100491X,Available
022100501X,Available
022100511X,Available
022100521X,Available
022100531X,Available
022100541X,Available
022100551X,Available
022100561X,Available
022100571X,Available
022100581X,Available
022100591X,Available
022100601X,Available
022100611X,Available
022100621X,Available
022100631X,Available
022100641X,Available
022100651X,Available
022100661X,Available
022100671X,Available
022100681X,Available
022100691X,Available
022100701X,Available
022100741X,Available
022100751X,Available
022100761X,Available
022100771X,Available
022101001X,Available
023002001X,Available
023002011X,Available
023002021X,Available
023002041X,Available
023002061X,Available
023002071X,Available
023002101X,Available
023002111X,Available
023002121X,Available
023002131X,Available
023002141X,Available
023002151X,Available
023002171X,Available
023002181X,Available
023002201X,Available
023002211X,Available
023002221X,Available
023002231X,Available
023002251X,Available
023002261X,Available
023002291X,Available
023002301X,Available
023002311X,Available
023002321X,Available
023002331X,Available
023002341X,Available
023002351X,Available
023002361X,Available
023002401X,Available
023002411X,Available
023002421X,Available
023002431X,Available
023002441X,Available
023002451X,Available
023002461X,Available
023002471X,Available
023002491X,Available
023002501X,Available
023002511X,Available
023002531X,Available
023002541X,Available
023002551X,Available
023002561X,Available
023002571X,Available
023002581X,Available
023002611X,Available
023002621X,Available
023002631X,Available
023002641X,Available
023002651X,Available
023002661X,Available
023002671X,Available
023002681X,Available
023002691X,Available
023002701X,Available
023002741X,Available
023002751X,Available
023002761X,Available
023002771X,Available
024000001X,Available
024000031X,Available
024000073X,Available
024000101X,Available
024000201X,Available
024000211X,Available
024000221X,Available
024000301X,Available
024000311X,Available
024000321X,Available
024000401X,Available
024000411X,Available
024000501X,Available
024000601X,Available
024000701X,Available
024000711X,Available
024000721X,Available
024000731X,Available
024000801X,Available
024000811X,Available
024000901X,Available
024000911X,Available
024000951X,Available
024001001X,Available
024001101X,Available
024100001X,Available
024100011X,Available
024100021X,Available
024100031X,Available
024100041X,Available
024100051X,Available
024100061X,Available
024100101X,Available
024100131X,Available
024100141X,Available
024100151X,Available
024100161X,Available
024100201X,Available
024100231X,Available
024100781X,Available
024100791X,Available
024101201X,Available
024110111X,Available
025000001X,Available
025010001X,Available
025020001X,Available
025030001X,Available
025040001X,Available
025050001X,Available
025060001X,Available
025070001X,Available
025080001X,Available
025090001X,Available
025100781X,Available
025202781X,Available
036730001X,Available
036730011X,Available
036730021X,Available
036730031X,Available
036730041X,Available
036730051X,Available
036730061X,Available
036730071X,Available
036730081X,Available
036730091X,Available
036730101X,Available
036730111X,Available
036730121X,Available
036730131X,Available
036730141X,Available
036730151X,Available
036730161X,Available
036730171X,Available
036730201X,Available
036730211X,Available
036730221X,Available
036730231X,Available
036730241X,Available
036730251X,Available
036730261X,Available
036730271X,Available
036734001X,Available
036734011X,Available
036734021X,Available
036734031X,Available
036734041X,Available
036736001X,Available
036738001X,Available
037720001X,Available
037720011X,Available
037720021X,Available
037720031X,Available
037720041X,Available
037720051X,Available
037720061X,Available
037720071X,Available
037720081X,Available
037720091X,Available
037720101X,Available
037720111X,Available
037720121X,Available
037720131X,Available
037720141X,Available
037720151X,Available
037720161X,Available
037720171X,Available
037720201X,Available
037720211X,Available
037720221X,Available
037720231X,Available
037720241X,Available
037720251X,Available
037720261X,Available
037720271X,Available
037724001X,Available
037724011X,Available
037724021X,Available
037724031X,Available
037724041X,Available
037726001X,Available
037728001X,Available
038730001X,Available
038730011X,Available
038730021X,Available
038730031X,Available
038730041X,Available
038730051X,Available
038730061X,Available
038730071X,Available
038730081X,Available
038730091X,Available
038730101X,Available
038730111X,Available
038730121X,Available
038730131X,Available
038730141X,Available
038730151X,Available
038730161X,Available
038730171X,Available
038730201X,Available
038730211X,Available
038730221X,Available
038730231X,Available
038730241X,Available
038730251X,Available
038730261X,Available
038730271X,Available
038734001X,Available
038734011X,Available
038734021X,Available
038734031X,Available
038734041X,Available
038736001X,Available
038738001X,Available
039720001X,Available
039720011X,Available
039720021X,Available
039720031X,Available
039720041X,Available
039720051X,Available
039720061X,Available
039720071X,Available
039720081X,Available
039720091X,Available
039720101X,Available
039720111X,Available
039720121X,Available
039720131X,Available
039720141X,Available
039720151X,Available
039720161X,Available
039720171X,Available
039720201X,Available
039720211X,Available
039720221X,Available
039720231X,Available
039720241X,Available
039720251X,Available
039720261X,Available
039720271X,Available
039724001X,Available
039724011X,Available
039724021X,Available
039724031X,Available
039724041X,Available
039726001X,Available
039728001X,Available
046000001X,Available
046000021X,Available
046000031X,Available
046000041X,Available
046000051X,Available
046000061X,Available
046000081X,Available
046000091X,Available
046000101X,Available
046000111X,Available
046000121X,Available
046000131X,Available
046000141X,Available
046000151X,Available
046000161X,Available
046000181X,Available
046000191X,Available
046000201X,Available
046000211X,Available
046000241X,Available
046000251X,Available
046000401X,Available
046000411X,Available
046000421X,Available
046000451X,Available
046000481X,Available
046000511X,Available
046000561X,Available
046000631X,Available
046000681X,Available
046000691X,Available
046000721X,Available
046000741X,Available
046000771X,Available
046000861X,Available
046000961X,Available
046000981X,Available
046001011X,Available
046001021X,Available
046001031X,Available
046001041X,Available
046001131X,Available
046001221X,Available
046001301X,Available
046001321X,Available
046001401X,Available
046001571X,Available
046001601X,Available
046001621X,Available
046001731X,Available
046001741X,Available
046001751X,Available
046002071X,Available
046002171X,Available
046002331X,Available
046002341X,Available
046002421X,Available
046002431X,Available
046002441X,Available
046002451X,Available
046002461X,Available
046002471X,Available
046002521X,Available
046077771X,Available
052000001X,Available
053000001X,Available
054000001X,Available
060101101X,Available
060101411X,Available
0601014111,Available
0601021017,Available
0601021512,Available
0601027410,Available
0601031115,Available
061100011X,Available
061100021X,Available
061100031X,Available
061100041X,Available
061100051X,Available
061100061X,Available
061100071X,Available
061100081X,Available
061100091X,Available
061100101X,Available
061100111X,Available
061100121X,Available
061100131X,Available
061100141X,Available
061100151X,Available
061100161X,Available
061100171X,Available
061101421X,Available
061101441X,Available
061101451X,Available
061101501X,Available
061101511X,Available
061101521X,Available
061101551X,Available
0611015512,Available
061101581X,Available
061101591X,Available
061101631X,Available
061101641X,Available
061101651X,Available
061101661X,Available
061101671X,Available
061101681X,Available
061101691X,Available
061101701X,Available
061101741X,Available
061102571X,Available
061102591X,Available
061105761X,Available
061106751X,Available
061106771X,Available
061106781X,Available
061106791X,Available
062000011X,Available
062000021X,Available
062000041X,Available
062000061X,Available
062000071X,Available
062000101X,Available
062000111X,Available
062000121X,Available
062000131X,Available
062000141X,Available
062000151X,Available
062000171X,Available
062000181X,Available
062000201X,Available
062000211X,Available
062000221X,Available
062000231X,Available
062000251X,Available
062000261X,Available
062000291X,Available
062000301X,Available
062000311X,Available
062000321X,Available
062000331X,Available
062000341X,Available
062000351X,Available
062000361X,Available
062000401X,Available
062000411X,Available
062000421X,Available
062000431X,Available
062000441X,Available
062000451X,Available
062000461X,Available
062000471X,Available
062000491X,Available
062000501X,Available
062000511X,Available
062000531X,Available
062000541X,Available
062000551X,Available
062000561X,Available
062000571X,Available
062000581X,Available
062000611X,Available
062000621X,Available
062000631X,Available
062000641X,Available
062000651X,Available
062000661X,Available
062000671X,Available
062000681X,Available
062000691X,Available
062000701X,Available
062000721X,Available
062000741X,Available
062000751X,Available
062000761X,Available
062000771X,Available
062001001X,Available
062100011X,Available
062100021X,Available
062100031X,Available
062100041X,Available
062100051X,Available
062100061X,Available
062100071X,Available
062100081X,Available
062100091X,Available
062100101X,Available
062100111X,Available
062100121X,Available
062100131X,Available
062100141X,Available
062100151X,Available
062100161X,Available
062100171X,Available
062100751X,Available
062100761X,Available
062100771X,Available
062100781X,Available
062100791X,Available
0621011113,Available
062101421X,Available
062101741X,Available
062102431X,Available
062102441X,Available
062102451X,Available
062102461X,Available
062102471X,Available
062102481X,Available
062102541X,Available
062102551X,Available
0621025519,Available
062102561X,Available
062102571X,Available
062102581X,Available
062102591X,Available
062102621X,Available
062102631X,Available
062102641X,Available
062102651X,Available
062102661X,Available
062102671X,Available
062102681X,Available
062102691X,Available
062102921X,Available
062102931X,Available
062103101X,Available
062103111X,Available
062103121X,Available
063304001X,Available
063304011X,Available
063304021X,Available
063304031X,Available
063304041X,Available
063304051X,Available
063304061X,Available
063304071X,Available
063304081X,Available
063304091X,Available
063304101X,Available
063304111X,Available
063304121X,Available
063304131X,Available
063304141X,Available
063304151X,Available
063304161X,Available
063304171X,Available
063304181X,Available
063304191X,Available
063304201X,Available
063304211X,Available
063304221X,Available
063304231X,Available
063304241X,Available
063304251X,Available
063304261X,Available
063304271X,Available
063304281X,Available
063304291X,Available
063304301X,Available
063304311X,Available
063304321X,Available
063304331X,Available
063304341X,Available
063304351X,Available
063304361X,Available
063304371X,Available
063304381X,Available
063304391X,Available
063304401X,Available
063304411X,Available
063304421X,Available
063304431X,Available
063304441X,Available
063304451X,Available
063304461X,Available
063304471X,Available
063304481X,Available
063304491X,Available
063304501X,Available
063304511X,Available
063304521X,Available
063304531X,Available
063304541X,Available
063304551X,Available
063304561X,Available
063304571X,Available
063304581X,Available
063304591X,Available
063304601X,Available
063304611X,Available
063304621X,Available
063304631X,Available
063304641X,Available
063304651X,Available
063304661X,Available
063304671X,Available
063304681X,Available
063304691X,Available
063304721X,Available
064000001X,Available
064010001X,Available
064020001X,Available
064030001X,Available
064040001X,Available
064050001X,Available
064060001X,Available
064070001X,Available
064080001X,Available
064090001X,Available
065000001X,Available
065001001X,Available
065100781X,Available
065103781X,Available
065202781X,Available
066005001X,Available
066005011X,Available
066005021X,Available
066005031X,Available
066005041X,Available
066005051X,Available
066005061X,Available
066005071X,Available
066005081X,Available
066005091X,Available
066005101X,Available
066005111X,Available
066005121X,Available
066005131X,Available
066005141X,Available
066005151X,Available
066005161X,Available
066005171X,Available
066005181X,Available
066005191X,Available
066005201X,Available
066005211X,Available
066005221X,Available
066005231X,Available
066005241X,Available
066005251X,Available
066005261X,Available
066005271X,Available
066005281X,Available
066005291X,Available
066005301X,Available
066005311X,Available
066005321X,Available
066005331X,Available
066005341X,Available
066005351X,Available
066005361X,Available
066005371X,Available
066005381X,Available
066005391X,Available
066005401X,Available
066005411X,Available
066005421X,Available
066005431X,Available
066005441X,Available
066005451X,Available
066005461X,Available
066005471X,Available
066005481X,Available
066005491X,Available
066005501X,Available
066005511X,Available
066005521X,Available
066005531X,Available
066005541X,Available
066005551X,Available
066005561X,Available
066005571X,Available
066005581X,Available
066005591X,Available
066005601X,Available
066005611X,Available
066005621X,Available
066005631X,Available
066005641X,Available
066005651X,Available
066005661X,Available
066005671X,Available
066005681X,Available
066005691X,Available
066005701X,Available
066005711X,Available
066005741X,Available
066005751X,Available
066005761X,Available
066005771X,Available
067006001X,Available
067006011X,Available
067006021X,Available
067006031X,Available
067006041X,Available
067006051X,Available
067006061X,Available
067006071X,Available
067006081X,Available
067006091X,Available
067006101X,Available
067006111X,Available
067006121X,Available
067006131X,Available
067006141X,Available
067006151X,Available
067006161X,Available
067006171X,Available
067006181X,Available
067006191X,Available
067006201X,Available
067006211X,Available
067006221X,Available
067006231X,Available
067006241X,Available
067006251X,Available
067006261X,Available
067006271X,Available
067006281X,Available
067006291X,Available
067006301X,Available
067006311X,Available
067006321X,Available
067006331X,Available
067006341X,Available
067006351X,Available
067006361X,Available
067006371X,Available
067006381X,Available
067006391X,Available
067006401X,Available
067006411X,Available
067006421X,Available
067006431X,Available
067006441X,Available
067006451X,Available
067006461X,Available
067006471X,Available
067006481X,Available
067006491X,Available
067006501X,Available
067006511X,Available
067006521X,Available
067006531X,Available
067006541X,Available
067006551X,Available
067006561X,Available
067006571X,Available
067006581X,Available
067006591X,Available
067006601X,Available
067006611X,Available
067006621X,Available
067006631X,Available
067006641X,Available
067006651X,Available
067006661X,Available
067006671X,Available
067006681X,Available
067006691X,Available
067006701X,Available
067006711X,Available
067006741X,Available
067006751X,Available
067006761X,Available
067006771X,Available
067106721X,Available
067199721X,Available
067206751X,Available
068500001X,Available
071679731X,Available
072000011X,Available
072000021X,Available
072000041X,Available
072000061X,Available
072000071X,Available
072000101X,Available
072000111X,Available
072000121X,Available
072000131X,Available
072000141X,Available
072000151X,Available
072000171X,Available
072000181X,Available
072000201X,Available
072000211X,Available
072000221X,Available
072000231X,Available
072000251X,Available
072000261X,Available
072000291X,Available
072000301X,Available
072000311X,Available
072000321X,Available
072000331X,Available
072000341X,Available
072000351X,Available
072000361X,Available
072000401X,Available
072000411X,Available
072000421X,Available
072000431X,Available
072000441X,Available
072000451X,Available
072000461X,Available
072000471X,Available
072000491X,Available
072000501X,Available
072000511X,Available
072000531X,Available
072000541X,Available
072000551X,Available
072000561X,Available
072000571X,Available
072000581X,Available
072000611X,Available
072000621X,Available
072000631X,Available
072000641X,Available
072000651X,Available
072000661X,Available
072000671X,Available
072000681X,Available
072000691X,Available
072000701X,Available
072000721X,Available
072000741X,Available
072000751X,Available
072000761X,Available
072000771X,Available
072001001X,Available
073304001X,Available
073304011X,Available
073304021X,Available
073304031X,Available
073304041X,Available
073304051X,Available
073304061X,Available
073304071X,Available
073304081X,Available
073304091X,Available
073304101X,Available
073304111X,Available
073304121X,Available
073304131X,Available
073304141X,Available
073304151X,Available
073304161X,Available
073304171X,Available
073304181X,Available
073304191X,Available
073304201X,Available
073304211X,Available
073304221X,Available
073304231X,Available
073304241X,Available
073304251X,Available
073304261X,Available
073304271X,Available
073304281X,Available
073304291X,Available
073304301X,Available
073304311X,Available
073304321X,Available
073304331X,Available
073304341X,Available
073304351X,Available
073304361X,Available
073304371X,Available
073304381X,Available
073304391X,Available
073304401X,Available
073304411X,Available
073304421X,Available
073304431X,Available
073304441X,Available
073304451X,Available
073304461X,Available
073304471X,Available
073304481X,Available
073304491X,Available
073304501X,Available
073304511X,Available
073304521X,Available
073304531X,Available
073304541X,Available
073304551X,Available
073304561X,Available
073304571X,Available
073304581X,Available
073304591X,Available
073304601X,Available
073304611X,Available
073304621X,Available
073304631X,Available
073304641X,Available
073304651X,Available
073304661X,Available
073304671X,Available
073304681X,Available
073304691X,Available
073304721X,Available
074000001X,Available
074000011X,Available
074000021X,Available
074001021X,Available
074001031X,Available
074001041X,Available
074001051X,Available
074001061X,Available
074001071X,Available
074001081X,Available
074001091X,Available
074001101X,Available
074001111X,Available
074001121X,Available
074001131X,Available
074001261X,Available
074010001X,Available
074020001X,Available
074030001X,Available
074040001X,Available
074050001X,Available
074060001X,Available
074070001X,Available
074080001X,Available
074090001X,Available
074539711X,Available
074549721X,Available
074569721X,Available
074579711X,Available
074579721X,Available
074579731X,Available
074589721X,Available
074599721X,Available
074609721X,Available
074619721X,Available
074629721X,Available
074639721X,Available
074639731X,Available
074639741X,Available
074639751X,Available
074639761X,Available
074639771X,Available
074639781X,Available
074639791X,Available
074639801X,Available
074639811X,Available
074639821X,Available
074639831X,Available
074639841X,Available
074709731X,Available
074709741X,Available
074711721X,Available
074729721X,Available
0747397214,Available
074769721X,Available
074779721X,Available
074789721X,Available
074789731X,Available
074789741X,Available
074799721X,Available
074849721X,Available
074849731X,Available
074859721X,Available
074859731X,Available
074859741X,Available
074859751X,Available
074859761X,Available
074859771X,Available
074889721X,Available
074899691X,Available
074899701X,Available
074899711X,Available
074899721X,Available
074899731X,Available
074899751X,Available
074899761X,Available
074899771X,Available
074899781X,Available
074899791X,Available
075000001X,Available
075001001X,Available
075100001X,Available
075200001X,Available
075300001X,Available
075400001X,Available
076000001X,Available
082100791X,Available
082101541X,Available
082101551X,Available
082101561X,Available
082102541X,Available
082102551X,Available
082102561X,Available
082130001X,Available
082140001X,Available
083012541X,Available
083012551X,Available
083012561X,Available
083022541X,Available
083022551X,Available
083022561X,Available
083050001X,Available
083060001X,Available
083100791X,Available
085100781X,Available
085103781X,Available
085202781X,Available
086100011X,Available
086100021X,Available
086100031X,Available
086100041X,Available
086100051X,Available
086100061X,Available
086100071X,Available
086100081X,Available
086100091X,Available
086100101X,Available
086100111X,Available
086100121X,Available
086100131X,Available
086100151X,Available
086100171X,Available
086379721X,Available
086379731X,Available
086379751X,Available
086379761X,Available
086379771X,Available
086379781X,Available
086379791X,Available
086379801X,Available
086379811X,Available
086379821X,Available
086379831X,Available
086379841X,Available
086379851X,Available
086399721X,Available
086439721X,Available
086479721X,Available
086479731X,Available
086479741X,Available
0864897210,Available
086500001X,Available
086519721X,Available
0866197312,Available
086639711X,Available
086649721X,Available
086669721X,Available
086679711X,Available
086679721X,Available
086679731X,Available
086699721X,Available
086709721X,Available
086729721X,Available
086739721X,Available
086749691X,Available
086749701X,Available
086749711X,Available
086749721X,Available
086749731X,Available
086749751X,Available
086749761X,Available
086749771X,Available
086749781X,Available
086749791X,Available
086759721X,Available
086769721X,Available
086779721X,Available
086779731X,Available
086789721X,Available
086789731X,Available
086789741X,Available
086789751X,Available
086799721X,Available
090000101X,Available
090000201X,Available
090000301X,Available
090000451X,Available
090000501X,Available
090000701X,Available
090000801X,Available
090000901X,Available
090600001X,Available
090600011X,Available
090600081X,Available
090600091X,Available
0940002719,Available
0940002819,Available
094006001X,Available
094006011X,Available
0946999919,Available
096075661X,Available
096600001X,Available
0966701013,Available
096699914,Available
09669999,Available
096699991X,Available
0966999914,Available
098500031X,Available
098500047X,Available
098500048X,Available
098500051X,Available
098500057X,Available
098500061X,Available
098500071X,Available
098500081X,Available
098500091X,Available
098500101X,Available
098500111X,Available
098500121X,Available
098500131X,Available
098500141X,Available
098500151X,Available
098500161X,Available
098500171X,Available
098500181X,Available
098500191X,Available
098600031X,Available
098600048X,Available
098600049X,Available
098600058X,Available
098600061X,Available
098600071X,Available
098600081X,Available
098600091X,Available
098600101X,Available
098600111X,Available
098600121X,Available
098600131X,Available
098600141X,Available
098600151X,Available
098600161X,Available
098600171X,Available
098600181X,Available
098600191X,Available
098709791X,Available
098792451X,Available
098794001X,Available
098795001X,Available
098795011X,Available
098799021X,Available
098799979X,Available
098799989X,Available
098990001X,Available
098990021X,Available
098990031X,Available
098990041X,Available
098990051X,Available
098990061X,Available
098990071X,Available
098990081X,Available
098990091X,Available
098990101X,Available
098990111X,Available
098990121X,Available
098990131X,Available
098990141X,Available
098990151X,Available
098990161X,Available
098990181X,Available
098990191X,Available
098990201X,Available
098990211X,Available
098990241X,Available
098990251X,Available
098990401X,Available
098990411X,Available
098990421X,Available
098990451X,Available
098990481X,Available
098990511X,Available
098990561X,Available
098990631X,Available
098990681X,Available
098990691X,Available
098990721X,Available
098990741X,Available
098990771X,Available
098990861X,Available
098990961X,Available
098990981X,Available
098991011X,Available
098991021X,Available
098991031X,Available
098991041X,Available
098991131X,Available
098991221X,Available
098991301X,Available
098991321X,Available
098991401X,Available
098991571X,Available
098991601X,Available
098991621X,Available
098991731X,Available
098991741X,Available
098991751X,Available
098992071X,Available
098992171X,Available
098992331X,Available
098992341X,Available
098992421X,Available
098992431X,Available
098992441X,Available
098992451X,Available
098992461X,Available
098992471X,Available
098992521X,Available
099500041X,Available
099600041X,Available
1-GSCCFAIL,Available
1-MATWASH,Available
1-TRDPNDL,Available
1-TRDPNDS,Available
1000000000,Available
1000000001,Available
1000000002,Available
1000000003,Available
1000000004,Available
1000000005,Available
1000000006,Available
1000000007,Available
1000000008,Available
1200BC,Available
1200RV,Available
123456,Available
131100,Available
131200,Available
131300,Available
1500BC,Available
1500RV,Available
170500,Available
191500,Available
2200LC,Available
2200RP,Available
231200,Available
231300,Available
2500LC,Available
2500RP,Available
4100BC,Available
4100RV,Available
5100LC,Available
5100RP,Available
062000721X,Available
062000721X,Available
067199721X,Available
062000721X,Available
012100351X,Available
022100351X,Available
013002211X,Available
062000721X,Available
012100291X,Available
012100421X,Available
012100481X,Available
012100501X,Available
012100511X,Available
012100521X,Available
012100611X,Available
012100631X,Available
013002291X,Available
013002421X,Available
013002501X,Available
013002511X,Available
013002611X,Available
013002631X,Available
016000291X,Available
016000421X,Available
016000481X,Available
016000501X,Available
016000511X,Available
016000521X,Available
016000611X,Available
016000631X,Available
016510001X,Available
022100291X,Available
022100421X,Available
022100481X,Available
022100501X,Available
022100511X,Available
022100521X,Available
022100611X,Available
022100631X,Available
023002291X,Available
023002421X,Available
023002501X,Available
023002511X,Available
023002611X,Available
023002631X,Available
062000421X,Available
062000501X,Available
062000511X,Available
062000611X,Available
062000721X,Available
063304521X,Available
066005421X,Available
066005481X,Available
066005501X,Available
066005511X,Available
066005521X,Available
066005611X,Available
067006481X,Available
067006501X,Available
067006511X,Available
067006521X,Available
067006611X,Available
072000501X,Available
072000511X,Available
072000611X,Available
073304521X,Available
001724041X,Available
001734041X,Available
036734041X,Available
037724041X,Available
038734041X,Available
039724041X,Available
061106771X,Available
062100771X,Available
074899771X,Available
086749771X,Available
098500131X,Available
098600131X,Available
001726001X,Available
001736001X,Available
036736001X,Available
037726001X,Available
038736001X,Available
039726001X,Available
062000721X,Available
062000721X,Available
067006211X,Available
012100011X,Available
012100041X,Available
012100191X,Available
012100211X,Available
012100291X,Available
012100301X,Available
012100401X,Available
012100431X,Available
012100511X,Available
012100611X,Available
012100641X,Available
012100741X,Available
012100751X,Available
012101001X,Available
013002011X,Available
013002041X,Available
013002211X,Available
013002291X,Available
013002301X,Available
013002401X,Available
013002431X,Available
013002511X,Available
013002611X,Available
013002641X,Available
014000073X,Available
014000731X,Available
014001171X,Available
014100791X,Available
016000001X,Available
016000011X,Available
016000041X,Available
016000191X,Available
016000211X,Available
016000291X,Available
016000301X,Available
016000401X,Available
016000431X,Available
016000511X,Available
016000611X,Available
016000641X,Available
016000711X,Available
016000741X,Available
016000751X,Available
016510001X,Available
022100011X,Available
022100041X,Available
022100191X,Available
022100211X,Available
022100291X,Available
022100301X,Available
022100401X,Available
022100431X,Available
022100511X,Available
022100611X,Available
022100641X,Available
022100741X,Available
022100751X,Available
022101001X,Available
023002011X,Available
023002041X,Available
023002211X,Available
023002291X,Available
023002301X,Available
023002401X,Available
023002511X,Available
023002611X,Available
023002641X,Available
024000731X,Available
024100791X,Available
046000021X,Available
046000031X,Available
046002461X,Available
052000001X,Available
053000001X,Available
054000001X,Available
062000211X,Available
062000301X,Available
062000401X,Available
062000431X,Available
062000511X,Available
062000611X,Available
062000641X,Available
062000701X,Available
062000721X,Available
062000751X,Available
063304191X,Available
066005191X,Available
066005211X,Available
066005291X,Available
066005301X,Available
066005401X,Available
066005431X,Available
066005511X,Available
066005611X,Available
066005641X,Available
066005711X,Available
066005741X,Available
066005751X,Available
067006011X,Available
067006041X,Available
067006191X,Available
067006211X,Available
067006291X,Available
067006301X,Available
067006401X,Available
067006431X,Available
067006511X,Available
067006611X,Available
067006641X,Available
067006711X,Available
067006741X,Available
067006751X,Available
067106721X,Available
067199721X,Available
072000211X,Available
072000291X,Available
072000301X,Available
072000511X,Available
072000611X,Available
072000641X,Available
072000721X,Available
073304191X,Available
074001121X,Available
074001141X,Available
074001311X,Available
082100791X,Available
083100791X,Available
086100171X,Available
012100211X,Available
012100611X,Available
012100751X,Available
013002211X,Available
013002611X,Available
014000731X,Available
016000211X,Available
016000611X,Available
016000751X,Available
022100211X,Available
022100611X,Available
022100751X,Available
023002211X,Available
023002611X,Available
024000731X,Available
053000001X,Available
054000001X,Available
062000211X,Available
062000611X,Available
062000721X,Available
066005211X,Available
066005611X,Available
066005751X,Available
067006211X,Available
067006611X,Available
067006751X,Available
067106721X,Available
067199721X,Available
072000211X,Available
072000611X,Available
012100011X,Available
012100041X,Available
012100171X,Available
012100191X,Available
012100211X,Available
012100301X,Available
012100401X,Available
012100411X,Available
012100511X,Available
012100611X,Available
012100641X,Available
012100751X,Available
012101001X,Available
013002011X,Available
013002171X,Available
013002211X,Available
013002301X,Available
013002401X,Available
013002411X,Available
013002511X,Available
013002611X,Available
013002641X,Available
014000073X,Available
014000731X,Available
016000001X,Available
016000011X,Available
016000041X,Available
016000171X,Available
016000191X,Available
016000211X,Available
016000301X,Available
016000401X,Available
016000411X,Available
016000511X,Available
016000611X,Available
016000641X,Available
016000711X,Available
016000751X,Available
016510001X,Available
022100011X,Available
022100041X,Available
022100171X,Available
022100191X,Available
022100211X,Available
022100301X,Available
022100401X,Available
022100411X,Available
022100511X,Available
022100561X,Available
022100611X,Available
022100641X,Available
022100751X,Available
022101001X,Available
023002011X,Available
023002171X,Available
023002211X,Available
023002301X,Available
023002401X,Available
023002411X,Available
023002511X,Available
023002611X,Available
023002641X,Available
024000731X,Available
046000021X,Available
046002461X,Available
052000001X,Available
053000001X,Available
054000001X,Available
062000011X,Available
062000171X,Available
062000211X,Available
062000301X,Available
062000411X,Available
062000511X,Available
062000611X,Available
062000641X,Available
062000721X,Available
063304191X,Available
066005191X,Available
066005211X,Available
066005301X,Available
066005511X,Available
066005561X,Available
066005611X,Available
066005641X,Available
066005711X,Available
066005751X,Available
067006001X,Available
067006171X,Available
067006191X,Available
067006211X,Available
067006301X,Available
067006411X,Available
067006511X,Available
067006611X,Available
067006641X,Available
067006751X,Available
067106721X,Available
067199721X,Available
072000211X,Available
072000301X,Available
072000511X,Available
072000611X,Available
072000641X,Available
072000721X,Available
082101561X,Available
082102561X,Available
082130001X,Available
082140001X,Available
083012561X,Available
083022561X,Available
083050001X,Available
083060001X,Available
012100211X,Available
012100291X,Available
012100511X,Available
012100611X,Available
012100641X,Available
012100741X,Available
012100751X,Available
013002211X,Available
013002291X,Available
013002511X,Available
013002611X,Available
013002641X,Available
016000211X,Available
016000291X,Available
016000511X,Available
016000611X,Available
016000641X,Available
016000711X,Available
016000741X,Available
016000751X,Available
016510001X,Available
022100211X,Available
022100291X,Available
022100511X,Available
022100611X,Available
022100641X,Available
022100741X,Available
022100751X,Available
023002211X,Available
023002291X,Available
023002511X,Available
023002611X,Available
023002641X,Available
046002461X,Available
053000001X,Available
054000001X,Available
062000211X,Available
062000511X,Available
062000611X,Available
062000641X,Available
062000721X,Available
066005211X,Available
066005511X,Available
066005611X,Available
066005641X,Available
066005711X,Available
066005751X,Available
067006211X,Available
067006511X,Available
067006611X,Available
067006641X,Available
067006711X,Available
067006741X,Available
067006751X,Available
067106721X,Available
067199721X,Available
072000211X,Available
072000511X,Available
072000611X,Available
072000641X,Available
074001021X,Available
012100211X,Available
012100611X,Available
012100751X,Available
013002211X,Available
013002611X,Available
016000211X,Available
016000611X,Available
016000751X,Available
016510001X,Available
022100211X,Available
022100611X,Available
022100751X,Available
023002211X,Available
023002611X,Available
053000001X,Available
054000001X,Available
062000211X,Available
062000611X,Available
062000721X,Available
066005211X,Available
066005611X,Available
066005751X,Available
067006211X,Available
067006611X,Available
067006751X,Available
067106721X,Available
067199721X,Available
072000211X,Available
072000611X,Available
074001261X,Available
012100151X,Available
012100211X,Available
012100611X,Available
012100751X,Available
013002151X,Available
013002211X,Available
013002611X,Available
014001221X,Available
016000151X,Available
016000211X,Available
016000611X,Available
022100151X,Available
022100211X,Available
022100611X,Available
023002151X,Available
023002211X,Available
023002611X,Available
053000001X,Available
054000001X,Available
062000151X,Available
062000211X,Available
062000611X,Available
062000721X,Available
066005151X,Available
066005211X,Available
066005611X,Available
067006151X,Available
067006211X,Available
067006611X,Available
067006751X,Available
067106721X,Available
067199721X,Available
072000151X,Available
075002001X,Available
012100011X,Available
012100041X,Available
012100171X,Available
012100191X,Available
012100211X,Available
012100291X,Available
012100301X,Available
012100401X,Available
012100411X,Available
012100451X,Available
012100511X,Available
012100611X,Available
012100641X,Available
012100751X,Available
013002001X,Available
013002011X,Available
013002041X,Available
013002211X,Available
013002291X,Available
013002301X,Available
013002401X,Available
013002411X,Available
013002511X,Available
013002611X,Available
013002641X,Available
016000011X,Available
016000041X,Available
016000171X,Available
016000191X,Available
016000211X,Available
016000291X,Available
016000301X,Available
016000401X,Available
016000411X,Available
016000451X,Available
016000511X,Available
016000611X,Available
016000641X,Available
016000751X,Available
016510001X,Available
022100011X,Available
022100041X,Available
022100171X,Available
022100191X,Available
022100211X,Available
022100291X,Available
022100301X,Available
022100401X,Available
022100411X,Available
022100451X,Available
022100511X,Available
022100611X,Available
022100641X,Available
022100751X,Available
023002001X,Available
023002011X,Available
023002041X,Available
023002211X,Available
023002291X,Available
023002301X,Available
023002401X,Available
023002411X,Available
023002511X,Available
023002611X,Available
023002641X,Available
046000251X,Available
046002461X,Available
052000001X,Available
053000001X,Available
054000001X,Available
062000011X,Available
062000211X,Available
062000291X,Available
062000301X,Available
062000611X,Available
062000641X,Available
062000701X,Available
062000721X,Available
063304191X,Available
066005041X,Available
066005191X,Available
066005211X,Available
066005611X,Available
066005641X,Available
066005711X,Available
066005751X,Available
067006011X,Available
067006041X,Available
067006191X,Available
067006211X,Available
067006291X,Available
067006401X,Available
067006611X,Available
067006641X,Available
067006751X,Available
067106721X,Available
067199721X,Available
072000211X,Available
072000291X,Available
072000611X,Available
072000641X,Available
072000721X,Available
073304191X,Available
012100011X,Available
012100041X,Available
012100191X,Available
012100211X,Available
012100611X,Available
012100641X,Available
013002011X,Available
013002041X,Available
013002211X,Available
013002611X,Available
013002641X,Available
014001181X,Available
016000011X,Available
016000041X,Available
016000191X,Available
016000211X,Available
016000611X,Available
016000641X,Available
022100011X,Available
022100041X,Available
022100191X,Available
022100211X,Available
022100611X,Available
022100641X,Available
023002011X,Available
023002041X,Available
023002211X,Available
023002611X,Available
023002641X,Available
053000001X,Available
054000001X,Available
062000011X,Available
062000041X,Available
062000211X,Available
062000611X,Available
062000641X,Available
062000721X,Available
066005011X,Available
066005041X,Available
066005191X,Available
066005211X,Available
066005611X,Available
066005641X,Available
067006011X,Available
067006041X,Available
067006191X,Available
067006211X,Available
067006611X,Available
067006641X,Available
067106721X,Available
072000041X,Available
072000211X,Available
072000611X,Available
072000641X,Available
074001151X,Available
062000721X,Available
067006611X,Available
023002611X,Available
072000611X,Available
062000721X,Available
012100141X,Available
012100401X,Available
012100411X,Available
012100511X,Available
012100611X,Available
012100691X,Available
013002141X,Available
013002401X,Available
013002411X,Available
013002511X,Available
013002611X,Available
016000141X,Available
016000401X,Available
016000411X,Available
016000511X,Available
016000611X,Available
016000691X,Available
016510001X,Available
022100141X,Available
022100401X,Available
022100411X,Available
022100511X,Available
022100611X,Available
022100691X,Available
023002141X,Available
023002401X,Available
023002411X,Available
023002511X,Available
023002611X,Available
053000001X,Available
054000001X,Available
062000401X,Available
062000411X,Available
062000511X,Available
062000611X,Available
062000721X,Available
063304401X,Available
063304691X,Available
066005401X,Available
066005411X,Available
066005511X,Available
066005611X,Available
066005691X,Available
067006401X,Available
067006411X,Available
067006511X,Available
067006611X,Available
067006691X,Available
067106721X,Available
072000401X,Available
072000411X,Available
072000511X,Available
012100501X,Available
012100511X,Available
013002501X,Available
013002511X,Available
016000501X,Available
016000511X,Available
016510001X,Available
022100501X,Available
022100511X,Available
023002501X,Available
023002511X,Available
053000001X,Available
054000001X,Available
062000501X,Available
062000511X,Available
062000721X,Available
066005501X,Available
066005511X,Available
067006501X,Available
067006511X,Available
072000501X,Available
072000511X,Available
016000711X,Available
046000021X,Available
046000031X,Available
046000041X,Available
046000161X,Available
046001571X,Available
046002461X,Available
066005711X,Available
067006711X,Available
012100011X,Available
012100021X,Available
012100041X,Available
012100151X,Available
012100161X,Available
012100171X,Available
012100251X,Available
013002011X,Available
013002021X,Available
013002041X,Available
013002151X,Available
013002171X,Available
013002251X,Available
016000011X,Available
016000021X,Available
016000041X,Available
016000151X,Available
016000161X,Available
016000171X,Available
016000251X,Available
022100011X,Available
022100021X,Available
022100041X,Available
022100151X,Available
022100161X,Available
022100171X,Available
022100251X,Available
023002011X,Available
023002021X,Available
023002041X,Available
023002151X,Available
023002171X,Available
023002251X,Available
062000011X,Available
062000021X,Available
062000041X,Available
062000151X,Available
062000171X,Available
062000251X,Available
062000721X,Available
066005011X,Available
066005021X,Available
066005041X,Available
066005151X,Available
066005171X,Available
067006011X,Available
067006021X,Available
067006041X,Available
067006151X,Available
067006161X,Available
067006171X,Available
067006251X,Available
067106721X,Available
012100211X,Available
012100481X,Available
012100511X,Available
012100611X,Available
012100641X,Available
013002211X,Available
013002511X,Available
013002611X,Available
013002641X,Available
016000211X,Available
016000481X,Available
016000511X,Available
016000611X,Available
016000641X,Available
016510001X,Available
022100211X,Available
022100481X,Available
022100511X,Available
022100611X,Available
022100641X,Available
023002211X,Available
023002511X,Available
023002611X,Available
023002641X,Available
053000001X,Available
054000001X,Available
062000211X,Available
062000511X,Available
062000611X,Available
062000641X,Available
062000721X,Available
066005211X,Available
066005511X,Available
066005611X,Available
066005641X,Available
067006211X,Available
067006511X,Available
067006611X,Available
067006641X,Available
072000211X,Available
072000511X,Available
012100191X,Available
012100211X,Available
012100381X,Available
012100401X,Available
012100411X,Available
012100431X,Available
012100441X,Available
012100511X,Available
012100611X,Available
012100691X,Available
013002211X,Available
013002401X,Available
013002411X,Available
013002431X,Available
013002441X,Available
013002511X,Available
013002611X,Available
016000001X,Available
016000191X,Available
016000211X,Available
016000381X,Available
016000401X,Available
016000411X,Available
016000431X,Available
016000441X,Available
016000511X,Available
016000611X,Available
016000691X,Available
016510001X,Available
022100191X,Available
022100211X,Available
022100381X,Available
022100401X,Available
022100411X,Available
022100431X,Available
022100441X,Available
022100511X,Available
022100611X,Available
022100691X,Available
023002211X,Available
023002401X,Available
023002411X,Available
023002431X,Available
023002441X,Available
023002511X,Available
023002611X,Available
024100201X,Available
053000001X,Available
054000001X,Available
062000401X,Available
062000511X,Available
062000721X,Available
066005401X,Available
066005411X,Available
067006191X,Available
067006401X,Available
067006411X,Available
067006431X,Available
067006511X,Available
067006611X,Available
067006691X,Available
072000401X,Available
072000411X,Available
072000511X,Available
074001201X,Available
012100401X,Available
012100411X,Available
012100431X,Available
012100511X,Available
012100611X,Available
012100691X,Available
013002401X,Available
013002411X,Available
013002431X,Available
013002511X,Available
013002611X,Available
016000401X,Available
016000411X,Available
016000431X,Available
016000511X,Available
016000611X,Available
016000691X,Available
016510001X,Available
022100401X,Available
022100411X,Available
022100431X,Available
022100511X,Available
022100611X,Available
022100691X,Available
023002401X,Available
023002411X,Available
023002431X,Available
023002511X,Available
023002611X,Available
046002461X,Available
053000001X,Available
054000001X,Available
062000401X,Available
062000411X,Available
062000431X,Available
062000511X,Available
062000611X,Available
062000721X,Available
063304691X,Available
066005401X,Available
066005411X,Available
066005431X,Available
066005511X,Available
066005611X,Available
066005691X,Available
066005711X,Available
067006401X,Available
067006411X,Available
067006431X,Available
067006511X,Available
067006611X,Available
067006691X,Available
067106721X,Available
072000511X,Available
073304691X,Available
012100141X,Available
012100381X,Available
012100401X,Available
012100411X,Available
012100431X,Available
012100511X,Available
012100611X,Available
012100691X,Available
013002141X,Available
013002401X,Available
013002411X,Available
013002431X,Available
013002511X,Available
013002611X,Available
014000731X,Available
016000001X,Available
016000141X,Available
016000381X,Available
016000401X,Available
016000411X,Available
016000431X,Available
016000511X,Available
016000611X,Available
016000691X,Available
022100141X,Available
022100381X,Available
022100401X,Available
022100411X,Available
022100431X,Available
022100511X,Available
022100611X,Available
022100691X,Available
023002141X,Available
023002401X,Available
023002411X,Available
023002431X,Available
023002511X,Available
023002611X,Available
052000001X,Available
053000001X,Available
054000001X,Available
062000401X,Available
062000411X,Available
062000431X,Available
062000511X,Available
062000721X,Available
063304381X,Available
063304691X,Available
066005141X,Available
066005381X,Available
066005401X,Available
066005411X,Available
066005431X,Available
066005511X,Available
066005691X,Available
067006141X,Available
067006381X,Available
067006401X,Available
067006411X,Available
067006431X,Available
067006511X,Available
067006691X,Available
067106721X,Available
067199721X,Available
072000401X,Available
072000431X,Available
072000511X,Available
073304691X,Available
012100191X,Available
012100381X,Available
012100401X,Available
012100411X,Available
012100431X,Available
012100441X,Available
012100511X,Available
012100611X,Available
012100661X,Available
012100691X,Available
013002401X,Available
013002411X,Available
013002441X,Available
013002511X,Available
013002611X,Available
013002661X,Available
016000191X,Available
016000381X,Available
016000401X,Available
016000411X,Available
016000431X,Available
016000441X,Available
016000511X,Available
016000611X,Available
016000661X,Available
016000691X,Available
016510001X,Available
022100191X,Available
022100381X,Available
022100401X,Available
022100411X,Available
022100431X,Available
022100441X,Available
022100511X,Available
022100611X,Available
022100661X,Available
022100691X,Available
023002401X,Available
023002411X,Available
023002441X,Available
023002511X,Available
023002611X,Available
023002661X,Available
052000001X,Available
053000001X,Available
054000001X,Available
062000401X,Available
062000411X,Available
062000511X,Available
062000611X,Available
062000661X,Available
062000721X,Available
063304191X,Available
063304381X,Available
066005191X,Available
066005381X,Available
066005401X,Available
066005411X,Available
066005441X,Available
066005511X,Available
066005611X,Available
066005661X,Available
067006191X,Available
067006351X,Available
067006381X,Available
067006401X,Available
067006411X,Available
067006431X,Available
067006441X,Available
067006511X,Available
067006611X,Available
067006661X,Available
067006691X,Available
067106721X,Available
067199721X,Available
072000401X,Available
072000411X,Available
072000511X,Available
072000611X,Available
012100141X,Available
012100151X,Available
012100211X,Available
012100351X,Available
012100381X,Available
012100401X,Available
012100411X,Available
012100431X,Available
012100441X,Available
012100511X,Available
012100611X,Available
012100691X,Available
013002141X,Available
013002151X,Available
013002351X,Available
013002401X,Available
013002411X,Available
013002431X,Available
013002441X,Available
013002511X,Available
013002611X,Available
014000731X,Available
016000001X,Available
016000141X,Available
016000151X,Available
016000211X,Available
016000351X,Available
016000381X,Available
016000401X,Available
016000411X,Available
016000431X,Available
016000441X,Available
016000511X,Available
016000611X,Available
016000691X,Available
016510001X,Available
022100141X,Available
022100151X,Available
022100211X,Available
022100351X,Available
022100381X,Available
022100401X,Available
022100411X,Available
022100431X,Available
022100441X,Available
022100511X,Available
022100611X,Available
022100691X,Available
023002141X,Available
023002151X,Available
023002351X,Available
023002401X,Available
023002411X,Available
023002431X,Available
023002441X,Available
023002511X,Available
023002611X,Available
052000001X,Available
053000001X,Available
054000001X,Available
062000401X,Available
062000411X,Available
062000431X,Available
062000441X,Available
062000511X,Available
062000611X,Available
062000721X,Available
063304381X,Available
063304401X,Available
063304691X,Available
066005151X,Available
066005211X,Available
066005381X,Available
066005401X,Available
066005411X,Available
066005431X,Available
066005441X,Available
066005511X,Available
066005611X,Available
066005691X,Available
067006141X,Available
067006151X,Available
067006211X,Available
067006351X,Available
067006381X,Available
067006401X,Available
067006411X,Available
067006431X,Available
067006441X,Available
067006511X,Available
067006611X,Available
067006691X,Available
067106721X,Available
067199721X,Available
072000401X,Available
072000411X,Available
072000511X,Available
072000721X,Available
073304691X,Available
074001271X,Available
012100081X,Available
012100211X,Available
012100291X,Available
012100481X,Available
012100511X,Available
012100611X,Available
012100641X,Available
013002211X,Available
013002291X,Available
013002511X,Available
013002611X,Available
013002641X,Available
016000001X,Available
016000081X,Available
016000211X,Available
016000291X,Available
016000481X,Available
016000511X,Available
016000611X,Available
016000641X,Available
016510001X,Available
022100081X,Available
022100211X,Available
022100291X,Available
022100481X,Available
022100511X,Available
022100611X,Available
022100641X,Available
023002211X,Available
023002291X,Available
023002511X,Available
023002611X,Available
023002641X,Available
053000001X,Available
054000001X,Available
062000611X,Available
062000721X,Available
066005211X,Available
066005611X,Available
067006081X,Available
067006211X,Available
067006291X,Available
067006481X,Available
067006611X,Available
067006641X,Available
072000211X,Available
072000611X,Available
012100061X,Available
012100481X,Available
012100501X,Available
012100511X,Available
013002061X,Available
013002501X,Available
013002511X,Available
016000001X,Available
016000061X,Available
016000481X,Available
016000501X,Available
016000511X,Available
022100061X,Available
022100481X,Available
022100501X,Available
022100511X,Available
023002061X,Available
023002501X,Available
023002511X,Available
062000501X,Available
062000511X,Available
063304501X,Available
066005501X,Available
066005511X,Available
067006061X,Available
067006481X,Available
067006501X,Available
067006511X,Available
072000501X,Available
072000511X,Available
073304501X,Available
012100011X,Available
012100051X,Available
012100061X,Available
012100071X,Available
012100081X,Available
012100101X,Available
012100121X,Available
012100141X,Available
012100191X,Available
012100211X,Available
012100291X,Available
012100331X,Available
012100481X,Available
012100501X,Available
012100511X,Available
012100521X,Available
012100561X,Available
012100601X,Available
012100611X,Available
012100641X,Available
012100701X,Available
012100761X,Available
012101001X,Available
013002001X,Available
013002011X,Available
013002061X,Available
013002071X,Available
013002101X,Available
013002121X,Available
013002141X,Available
013002211X,Available
013002291X,Available
013002501X,Available
013002511X,Available
013002611X,Available
013002641X,Available
013002701X,Available
013002761X,Available
014000011X,Available
014001021X,Available
014001041X,Available
014001211X,Available
016000001X,Available
016000011X,Available
016000051X,Available
016000061X,Available
016000071X,Available
016000081X,Available
016000101X,Available
016000121X,Available
016000141X,Available
016000191X,Available
016000211X,Available
016000291X,Available
016000331X,Available
016000481X,Available
016000501X,Available
016000511X,Available
016000521X,Available
016000601X,Available
016000611X,Available
016000641X,Available
016000701X,Available
016000761X,Available
016510001X,Available
016550001X,Available
022100011X,Available
022100051X,Available
022100061X,Available
022100071X,Available
022100081X,Available
022100101X,Available
022100121X,Available
022100141X,Available
022100191X,Available
022100211X,Available
022100291X,Available
022100331X,Available
022100481X,Available
022100501X,Available
022100511X,Available
022100521X,Available
022100561X,Available
022100601X,Available
022100611X,Available
022100641X,Available
022100701X,Available
022100761X,Available
022101001X,Available
023002001X,Available
023002011X,Available
023002061X,Available
023002071X,Available
023002101X,Available
023002121X,Available
023002141X,Available
023002211X,Available
023002291X,Available
023002501X,Available
023002511X,Available
023002611X,Available
023002641X,Available
023002701X,Available
023002761X,Available
024110111X,Available
052000001X,Available
053000001X,Available
054000001X,Available
062000011X,Available
062000061X,Available
062000071X,Available
062000101X,Available
062000121X,Available
062000141X,Available
062000211X,Available
062000291X,Available
062000501X,Available
062000511X,Available
062000611X,Available
062000641X,Available
062000701X,Available
062000721X,Available
062000761X,Available
062001001X,Available
063304051X,Available
063304081X,Available
063304481X,Available
063304521X,Available
063304601X,Available
066005001X,Available
066005011X,Available
066005051X,Available
066005061X,Available
066005071X,Available
066005081X,Available
066005101X,Available
066005121X,Available
066005191X,Available
066005211X,Available
066005291X,Available
066005481X,Available
066005501X,Available
066005511X,Available
066005521X,Available
066005561X,Available
066005601X,Available
066005611X,Available
066005641X,Available
066005701X,Available
066005761X,Available
067006001X,Available
067006011X,Available
067006051X,Available
067006061X,Available
067006071X,Available
067006081X,Available
067006101X,Available
067006121X,Available
067006141X,Available
067006171X,Available
067006191X,Available
067006211X,Available
067006291X,Available
067006331X,Available
067006481X,Available
067006501X,Available
067006511X,Available
067006521X,Available
067006601X,Available
067006611X,Available
067006641X,Available
067006701X,Available
067006761X,Available
067106721X,Available
067199721X,Available
072000061X,Available
072000071X,Available
072000101X,Available
072000141X,Available
072000211X,Available
072000501X,Available
072000511X,Available
072000611X,Available
072000701X,Available
072001001X,Available
073304051X,Available
073304081X,Available
073304481X,Available
073304521X,Available
073304601X,Available
074000011X,Available
074000021X,Available
074000031X,Available
074001021X,Available
074001041X,Available
074001181X,Available
082101561X,Available
082102561X,Available
082130001X,Available
082140001X,Available
083012561X,Available
083022561X,Available
083050001X,Available
083060001X,Available
086100171X,Available
001720131X,Available
001720261X,Available
001730131X,Available
001730261X,Available
012100011X,Available
012100021X,Available
012100031X,Available
012100041X,Available
012100061X,Available
012100081X,Available
012100141X,Available
012100151X,Available
012100161X,Available
012100171X,Available
012100181X,Available
012100211X,Available
012100221X,Available
012100231X,Available
012100251X,Available
012100331X,Available
012100351X,Available
012100361X,Available
012100401X,Available
012100411X,Available
012100441X,Available
012100461X,Available
012100471X,Available
012100491X,Available
012100511X,Available
012100561X,Available
012100611X,Available
012100741X,Available
012101001X,Available
013002001X,Available
013002011X,Available
013002021X,Available
013002041X,Available
013002061X,Available
013002141X,Available
013002151X,Available
013002171X,Available
013002181X,Available
013002211X,Available
013002221X,Available
013002251X,Available
013002331X,Available
013002351X,Available
013002361X,Available
013002401X,Available
013002411X,Available
013002441X,Available
013002491X,Available
013002511X,Available
013002611X,Available
014000731X,Available
014001041X,Available
014001051X,Available
014001071X,Available
014001081X,Available
014001091X,Available
016000001X,Available
016000011X,Available
016000021X,Available
016000031X,Available
016000041X,Available
016000061X,Available
016000081X,Available
016000141X,Available
016000151X,Available
016000161X,Available
016000171X,Available
016000181X,Available
016000211X,Available
016000221X,Available
016000231X,Available
016000251X,Available
016000331X,Available
016000351X,Available
016000361X,Available
016000401X,Available
016000411X,Available
016000441X,Available
016000491X,Available
016000511X,Available
016000611X,Available
016000711X,Available
016000741X,Available
016510001X,Available
016570001X,Available
022100011X,Available
022100021X,Available
022100031X,Available
022100041X,Available
022100061X,Available
022100081X,Available
022100141X,Available
022100151X,Available
022100161X,Available
022100171X,Available
022100181X,Available
022100211X,Available
022100221X,Available
022100231X,Available
022100251X,Available
022100331X,Available
022100351X,Available
022100361X,Available
022100401X,Available
022100411X,Available
022100441X,Available
022100461X,Available
022100471X,Available
022100491X,Available
022100511X,Available
022100611X,Available
022100741X,Available
022101001X,Available
023002001X,Available
023002011X,Available
023002021X,Available
023002041X,Available
023002061X,Available
023002141X,Available
023002151X,Available
023002171X,Available
023002181X,Available
023002211X,Available
023002221X,Available
023002251X,Available
023002331X,Available
023002351X,Available
023002361X,Available
023002401X,Available
023002411X,Available
023002441X,Available
023002491X,Available
023002511X,Available
023002611X,Available
024000731X,Available
024100011X,Available
024100021X,Available
024100031X,Available
024100041X,Available
024100051X,Available
024100101X,Available
024100131X,Available
036730131X,Available
036730261X,Available
037720131X,Available
037720261X,Available
038730131X,Available
038730261X,Available
039720131X,Available
039720261X,Available
046000031X,Available
046001571X,Available
046002461X,Available
052000001X,Available
053000001X,Available
054000001X,Available
062000011X,Available
062000021X,Available
062000041X,Available
062000071X,Available
062000141X,Available
062000151X,Available
062000171X,Available
062000181X,Available
062000211X,Available
062000221X,Available
062000251X,Available
062000351X,Available
062000361X,Available
062000471X,Available
062000491X,Available
062000511X,Available
062000611X,Available
062000721X,Available
062000751X,Available
062001001X,Available
063304081X,Available
066005011X,Available
066005021X,Available
066005041X,Available
066005061X,Available
066005141X,Available
066005151X,Available
066005161X,Available
066005171X,Available
066005181X,Available
066005211X,Available
066005221X,Available
066005231X,Available
066005251X,Available
066005331X,Available
066005351X,Available
066005361X,Available
066005461X,Available
066005471X,Available
066005491X,Available
066005511X,Available
066005561X,Available
066005611X,Available
066005711X,Available
067006001X,Available
067006011X,Available
067006021X,Available
067006041X,Available
067006061X,Available
067006081X,Available
067006141X,Available
067006151X,Available
067006161X,Available
067006171X,Available
067006181X,Available
067006211X,Available
067006221X,Available
067006231X,Available
067006251X,Available
067006331X,Available
067006351X,Available
067006361X,Available
067006441X,Available
067006461X,Available
067006471X,Available
067006491X,Available
067006511X,Available
067006531X,Available
067006611X,Available
067006711X,Available
067106721X,Available
067199721X,Available
072000011X,Available
072000041X,Available
072000061X,Available
072000141X,Available
072000151X,Available
072000171X,Available
072000181X,Available
072000251X,Available
072000351X,Available
072000361X,Available
072000491X,Available
072000511X,Available
072000611X,Available
072000721X,Available
072001001X,Available
073304521X,Available
074001021X,Available
074001051X,Available
074001061X,Available
074001071X,Available
074001081X,Available
074001091X,Available
074001111X,Available
074001121X,Available
074001161X,Available
074001211X,Available
074709741X,Available
074859761X,Available
074859771X,Available
082101561X,Available
082130001X,Available
086100071X,Available
086100081X,Available
086100091X,Available
086100101X,Available
086100111X,Available
086100121X,Available
086100131X,Available
086100161X,Available
131300,Available
231300,Available
013002351X,Available
067006351X,Available
062000151X,Available
001720001X,Available
001720241X,Available
001720251X,Available
001730001X,Available
001730241X,Available
001730251X,Available
012100051X,Available
012100061X,Available
012100071X,Available
012100081X,Available
012100121X,Available
012100141X,Available
012100151X,Available
012100171X,Available
012100211X,Available
012100291X,Available
012100351X,Available
012100361X,Available
012100401X,Available
012100481X,Available
012100491X,Available
012100501X,Available
012100511X,Available
012100521X,Available
012100561X,Available
012100601X,Available
012100611X,Available
012100641X,Available
012100701X,Available
012101001X,Available
013002001X,Available
013002061X,Available
013002071X,Available
013002121X,Available
013002141X,Available
013002211X,Available
013002291X,Available
013002351X,Available
013002361X,Available
013002401X,Available
013002501X,Available
013002511X,Available
013002611X,Available
013002641X,Available
013002701X,Available
014000011X,Available
016000001X,Available
016000051X,Available
016000061X,Available
016000071X,Available
016000081X,Available
016000121X,Available
016000141X,Available
016000151X,Available
016000171X,Available
016000211X,Available
016000291X,Available
016000351X,Available
016000361X,Available
016000401X,Available
016000481X,Available
016000491X,Available
016000501X,Available
016000511X,Available
016000521X,Available
016000601X,Available
016000611X,Available
016000641X,Available
016000701X,Available
016000711X,Available
016510001X,Available
016550001X,Available
016570001X,Available
022100051X,Available
022100061X,Available
022100071X,Available
022100081X,Available
022100121X,Available
022100141X,Available
022100151X,Available
022100171X,Available
022100211X,Available
022100291X,Available
022100351X,Available
022100361X,Available
022100401X,Available
022100481X,Available
022100491X,Available
022100501X,Available
022100511X,Available
022100521X,Available
022100561X,Available
022100601X,Available
022100611X,Available
022100641X,Available
022100701X,Available
022101001X,Available
023002001X,Available
023002061X,Available
023002071X,Available
023002121X,Available
023002141X,Available
023002211X,Available
023002291X,Available
023002351X,Available
023002361X,Available
023002401X,Available
023002501X,Available
023002511X,Available
023002611X,Available
023002641X,Available
023002701X,Available
036730001X,Available
036730241X,Available
036730251X,Available
037720001X,Available
037720241X,Available
037720251X,Available
038730001X,Available
038730241X,Available
038730251X,Available
039720001X,Available
039720241X,Available
039720251X,Available
046002461X,Available
052000001X,Available
053000001X,Available
054000001X,Available
062000061X,Available
062000401X,Available
062000501X,Available
062000511X,Available
062000611X,Available
062000701X,Available
062000721X,Available
062001001X,Available
063304051X,Available
063304081X,Available
063304481X,Available
063304521X,Available
063304601X,Available
066005051X,Available
066005061X,Available
066005081X,Available
066005211X,Available
066005481X,Available
066005501X,Available
066005511X,Available
066005521X,Available
066005561X,Available
066005601X,Available
066005611X,Available
066005641X,Available
066005701X,Available
066005711X,Available
067006051X,Available
067006061X,Available
067006081X,Available
067006361X,Available
067006401X,Available
067006481X,Available
067006491X,Available
067006501X,Available
067006511X,Available
067006521X,Available
067006611X,Available
067006701X,Available
067106721X,Available
067199721X,Available
072000061X,Available
072000211X,Available
072000501X,Available
072000511X,Available
072000701X,Available
072001001X,Available
073304051X,Available
073304081X,Available
073304481X,Available
073304521X,Available
074000011X,Available
074001191X,Available
082101561X,Available
082102561X,Available
082130001X,Available
082140001X,Available
083012561X,Available
083022561X,Available
083050001X,Available
083060001X,Available
086100171X,Available
231300,Available
012100061X,Available
012100081X,Available
012100101X,Available
012100121X,Available
012100141X,Available
012100171X,Available
012100191X,Available
012100211X,Available
012100291X,Available
012100301X,Available
012100351X,Available
012100401X,Available
012100481X,Available
012100501X,Available
012100511X,Available
012100521X,Available
012100561X,Available
012100611X,Available
012100621X,Available
012100641X,Available
012100741X,Available
012100751X,Available
012101001X,Available
013002001X,Available
013002061X,Available
013002101X,Available
013002121X,Available
013002141X,Available
013002171X,Available
013002211X,Available
013002291X,Available
013002301X,Available
013002351X,Available
013002401X,Available
013002501X,Available
013002511X,Available
013002611X,Available
013002621X,Available
013002641X,Available
014000731X,Available
016000001X,Available
016000061X,Available
016000081X,Available
016000101X,Available
016000121X,Available
016000141X,Available
016000171X,Available
016000191X,Available
016000211X,Available
016000291X,Available
016000301X,Available
016000351X,Available
016000401X,Available
016000481X,Available
016000501X,Available
016000511X,Available
016000521X,Available
016000611X,Available
016000621X,Available
016000641X,Available
016000711X,Available
016000741X,Available
016000751X,Available
016510001X,Available
022100061X,Available
022100081X,Available
022100101X,Available
022100121X,Available
022100141X,Available
022100171X,Available
022100191X,Available
022100211X,Available
022100291X,Available
022100301X,Available
022100351X,Available
022100401X,Available
022100481X,Available
022100501X,Available
022100511X,Available
022100521X,Available
022100561X,Available
022100611X,Available
022100621X,Available
022100641X,Available
022100741X,Available
022100751X,Available
022101001X,Available
023002001X,Available
023002061X,Available
023002101X,Available
023002121X,Available
023002141X,Available
023002171X,Available
023002211X,Available
023002291X,Available
023002301X,Available
023002351X,Available
023002401X,Available
023002501X,Available
023002511X,Available
023002611X,Available
023002621X,Available
023002641X,Available
024000731X,Available
046000021X,Available
046000031X,Available
046002461X,Available
052000001X,Available
053000001X,Available
054000001X,Available
062000121X,Available
062000141X,Available
062000171X,Available
062000211X,Available
062000351X,Available
062000511X,Available
062000611X,Available
062000621X,Available
062000641X,Available
062000701X,Available
062000721X,Available
062001001X,Available
063304191X,Available
066005001X,Available
066005121X,Available
066005141X,Available
066005191X,Available
066005211X,Available
066005291X,Available
066005481X,Available
066005511X,Available
066005561X,Available
066005611X,Available
066005621X,Available
066005641X,Available
066005711X,Available
066005741X,Available
067006061X,Available
067006071X,Available
067006081X,Available
067006101X,Available
067006121X,Available
067006141X,Available
067006171X,Available
067006191X,Available
067006211X,Available
067006291X,Available
067006351X,Available
067006481X,Available
067006511X,Available
067006611X,Available
067006621X,Available
067006641X,Available
067006711X,Available
067006741X,Available
067106721X,Available
067199721X,Available
072000121X,Available
072000211X,Available
072000291X,Available
072000301X,Available
072000511X,Available
072000611X,Available
072000621X,Available
072000641X,Available
072000721X,Available
073304191X,Available
073304481X,Available
074001221X,Available
082101561X,Available
082102561X,Available
082130001X,Available
082140001X,Available
012100211X,Available
012100431X,Available
012100441X,Available
013002211X,Available
013002431X,Available
013002441X,Available
016000001X,Available
016000211X,Available
016000431X,Available
016000441X,Available
022100211X,Available
022100431X,Available
022100441X,Available
023002211X,Available
023002431X,Available
023002441X,Available
062000211X,Available
062000431X,Available
062000441X,Available
062000721X,Available
072000431X,Available
012100061X,Available
012100191X,Available
012100211X,Available
012100291X,Available
012100301X,Available
012100501X,Available
012100511X,Available
012100561X,Available
012100611X,Available
012100621X,Available
012100641X,Available
012100751X,Available
012101001X,Available
013002061X,Available
013002211X,Available
013002291X,Available
013002301X,Available
013002501X,Available
013002511X,Available
013002611X,Available
013002621X,Available
013002641X,Available
014000731X,Available
016000001X,Available
016000061X,Available
016000191X,Available
016000211X,Available
016000291X,Available
016000301X,Available
016000501X,Available
016000511X,Available
016000611X,Available
016000621X,Available
016000641X,Available
016000711X,Available
016000751X,Available
016510001X,Available
022100061X,Available
022100191X,Available
022100211X,Available
022100291X,Available
022100301X,Available
022100501X,Available
022100511X,Available
022100561X,Available
022100611X,Available
022100621X,Available
022100641X,Available
022100751X,Available
022101001X,Available
023002061X,Available
023002211X,Available
023002291X,Available
023002301X,Available
023002501X,Available
023002511X,Available
023002611X,Available
023002621X,Available
023002641X,Available
024000731X,Available
046000041X,Available
046000161X,Available
046000241X,Available
046000401X,Available
046000421X,Available
046000481X,Available
046000741X,Available
046001011X,Available
046001021X,Available
046001031X,Available
046001571X,Available
046001741X,Available
046002441X,Available
046002461X,Available
046077771X,Available
052000001X,Available
053000001X,Available
054000001X,Available
062000211X,Available
062000291X,Available
062000301X,Available
062000501X,Available
062000511X,Available
062000611X,Available
062000621X,Available
062000641X,Available
062000701X,Available
062000721X,Available
063304191X,Available
066005001X,Available
066005061X,Available
066005191X,Available
066005211X,Available
066005291X,Available
066005301X,Available
066005501X,Available
066005511X,Available
066005561X,Available
066005611X,Available
066005641X,Available
066005711X,Available
066005751X,Available
067006061X,Available
067006191X,Available
067006211X,Available
067006291X,Available
067006301X,Available
067006501X,Available
067006511X,Available
067006611X,Available
067006641X,Available
067006711X,Available
067006751X,Available
067106721X,Available
067199721X,Available
072000061X,Available
072000211X,Available
072000291X,Available
072000301X,Available
072000511X,Available
072000611X,Available
072000621X,Available
072000641X,Available
072000721X,Available
073304191X,Available
074001281X,Available
082101561X,Available
082102561X,Available
082130001X,Available
082140001X,Available
016000511X,Available
022100511X,Available
023002511X,Available
066005511X,Available
072000511X,Available
001720011X,Available
001720021X,Available
001720031X,Available
001720041X,Available
001720061X,Available
001720071X,Available
001720121X,Available
001720141X,Available
001720151X,Available
001720161X,Available
001720171X,Available
001730011X,Available
001730021X,Available
001730031X,Available
001730041X,Available
001730061X,Available
001730071X,Available
001730121X,Available
001730141X,Available
001730151X,Available
001730161X,Available
001730171X,Available
012100041X,Available
012100051X,Available
012100141X,Available
012100351X,Available
012100481X,Available
012100511X,Available
012100561X,Available
012100701X,Available
013002041X,Available
013002141X,Available
013002351X,Available
013002511X,Available
013002701X,Available
016000001X,Available
016000041X,Available
016000051X,Available
016000141X,Available
016000351X,Available
016000481X,Available
016000511X,Available
016000701X,Available
016000711X,Available
016510001X,Available
01730041X,Available
022100041X,Available
022100051X,Available
022100141X,Available
022100351X,Available
022100481X,Available
022100511X,Available
022100561X,Available
022100701X,Available
023002041X,Available
023002141X,Available
023002351X,Available
023002511X,Available
023002701X,Available
036730011X,Available
036730021X,Available
036730031X,Available
036730041X,Available
036730061X,Available
036730071X,Available
036730121X,Available
036730141X,Available
036730151X,Available
036730161X,Available
036730171X,Available
037720011X,Available
037720021X,Available
037720031X,Available
037720041X,Available
037720061X,Available
037720071X,Available
037720121X,Available
037720141X,Available
037720151X,Available
037720161X,Available
037720171X,Available
038730011X,Available
038730021X,Available
038730031X,Available
038730041X,Available
038730061X,Available
038730071X,Available
038730121X,Available
038730141X,Available
038730151X,Available
038730161X,Available
038730171X,Available
039720011X,Available
039720021X,Available
039720031X,Available
039720041X,Available
039720061X,Available
039720071X,Available
039720121X,Available
039720141X,Available
039720151X,Available
039720161X,Available
039720171X,Available
046002461X,Available
053000001X,Available
054000001X,Available
061101651X,Available
061106781X,Available
062000041X,Available
062000141X,Available
062000351X,Available
062000511X,Available
062000611X,Available
062000701X,Available
062000721X,Available
062100781X,Available
062102651X,Available
063304481X,Available
066005141X,Available
066005481X,Available
066005511X,Available
066005561X,Available
066005701X,Available
066005711X,Available
067006041X,Available
067006051X,Available
067006351X,Available
067006481X,Available
067006511X,Available
067006701X,Available
067006711X,Available
067106721X,Available
067199721X,Available
072000511X,Available
072000701X,Available
073304481X,Available
074001171X,Available
074789741X,Available
074899781X,Available
082101561X,Available
082102561X,Available
082130001X,Available
082140001X,Available
083012561X,Available
083022561X,Available
083050001X,Available
083060001X,Available
086479741X,Available
086749781X,Available
098500101X,Available
098500161X,Available
098600101X,Available
098600161X,Available
001720051X,Available
001720101X,Available
001730051X,Available
001730101X,Available
016510001X,Available
036730051X,Available
036730101X,Available
037720051X,Available
037720101X,Available
038730051X,Available
038730101X,Available
039720051X,Available
039720101X,Available
061101641X,Available
062102621X,Available
074789731X,Available
086479731X,Available
098500051X,Available
098500091X,Available
098600091X,Available
012100211X,Available
012100291X,Available
012100381X,Available
012100401X,Available
012100411X,Available
012100421X,Available
012100431X,Available
012100511X,Available
012100561X,Available
012100611X,Available
012100661X,Available
012100691X,Available
013002291X,Available
013002401X,Available
013002411X,Available
013002431X,Available
013002511X,Available
013002611X,Available
013002661X,Available
016000211X,Available
016000291X,Available
016000381X,Available
016000401X,Available
016000411X,Available
016000421X,Available
016000431X,Available
016000511X,Available
016000611X,Available
016000661X,Available
016000691X,Available
016510001X,Available
022100211X,Available
022100291X,Available
022100381X,Available
022100401X,Available
022100411X,Available
022100421X,Available
022100431X,Available
022100511X,Available
022100561X,Available
022100611X,Available
022100661X,Available
022100691X,Available
023002291X,Available
023002401X,Available
023002411X,Available
023002431X,Available
023002511X,Available
023002611X,Available
023002661X,Available
052000001X,Available
053000001X,Available
054000001X,Available
062000401X,Available
062000411X,Available
062000431X,Available
062000511X,Available
062000611X,Available
062000721X,Available
063304691X,Available
066005401X,Available
066005411X,Available
066005431X,Available
066005511X,Available
066005561X,Available
066005611X,Available
066005691X,Available
067006381X,Available
067006401X,Available
067006411X,Available
067006431X,Available
067006511X,Available
067006611X,Available
067006661X,Available
067006691X,Available
067106721X,Available
072000401X,Available
072000411X,Available
072000511X,Available
082101561X,Available
082102561X,Available
082130001X,Available
082140001X,Available
083012561X,Available
083022561X,Available
083050001X,Available
083060001X,Available
012100141X,Available
012100151X,Available
012100171X,Available
012100211X,Available
012100381X,Available
012100401X,Available
012100411X,Available
012100431X,Available
012100441X,Available
012100511X,Available
012100601X,Available
012100611X,Available
012100691X,Available
013002141X,Available
013002151X,Available
013002171X,Available
013002401X,Available
013002411X,Available
013002431X,Available
013002511X,Available
013002611X,Available
016000141X,Available
016000151X,Available
016000171X,Available
016000211X,Available
016000381X,Available
016000401X,Available
016000411X,Available
016000431X,Available
016000441X,Available
016000511X,Available
016000601X,Available
016000611X,Available
016000691X,Available
016510001X,Available
022100141X,Available
022100151X,Available
022100171X,Available
022100211X,Available
022100381X,Available
022100401X,Available
022100411X,Available
022100431X,Available
022100441X,Available
022100511X,Available
022100601X,Available
022100611X,Available
022100691X,Available
023002141X,Available
023002151X,Available
023002171X,Available
023002401X,Available
023002411X,Available
023002431X,Available
023002511X,Available
023002611X,Available
053000001X,Available
054000001X,Available
062000141X,Available
062000171X,Available
062000401X,Available
062000411X,Available
062000431X,Available
062000511X,Available
062000611X,Available
062000721X,Available
066005141X,Available
066005151X,Available
066005171X,Available
066005401X,Available
066005411X,Available
066005431X,Available
066005441X,Available
066005511X,Available
066005611X,Available
067006141X,Available
067006171X,Available
067006381X,Available
067006401X,Available
067006411X,Available
067006431X,Available
067006441X,Available
067006511X,Available
067006611X,Available
067006691X,Available
067106721X,Available
072000171X,Available
072000401X,Available
072000431X,Available
072000511X,Available
072000611X,Available
072000721X,Available
001720111X,Available
001730111X,Available
036730111X,Available
037720111X,Available
038730111X,Available
039720111X,Available
012100051X,Available
012100061X,Available
012100071X,Available
012100081X,Available
012100291X,Available
012100481X,Available
012100501X,Available
012100511X,Available
012100521X,Available
012100561X,Available
012100611X,Available
013002061X,Available
013002291X,Available
013002501X,Available
013002511X,Available
013002611X,Available
016000051X,Available
016000061X,Available
016000071X,Available
016000081X,Available
016000291X,Available
016000481X,Available
016000501X,Available
016000511X,Available
016000521X,Available
016000611X,Available
016510001X,Available
016550001X,Available
022100051X,Available
022100061X,Available
022100071X,Available
022100081X,Available
022100291X,Available
022100481X,Available
022100501X,Available
022100511X,Available
022100521X,Available
022100561X,Available
022100611X,Available
023002061X,Available
023002291X,Available
023002501X,Available
023002511X,Available
023002611X,Available
053000001X,Available
054000001X,Available
062000501X,Available
062000511X,Available
062000611X,Available
062000721X,Available
063304081X,Available
063304481X,Available
063304521X,Available
066005051X,Available
066005081X,Available
066005481X,Available
066005501X,Available
066005511X,Available
066005521X,Available
066005561X,Available
066005611X,Available
067006081X,Available
067006481X,Available
067006501X,Available
067006511X,Available
067006521X,Available
067006611X,Available
067106721X,Available
072000501X,Available
072000511X,Available
072000611X,Available
073304481X,Available
073304521X,Available
082101561X,Available
082102561X,Available
082130001X,Available
082140001X,Available
083012561X,Available
083022561X,Available
083050001X,Available
083060001X,Available
012100051X,Available
012100061X,Available
012100081X,Available
012100481X,Available
012100501X,Available
012100511X,Available
012100521X,Available
012100561X,Available
013002501X,Available
013002511X,Available
016000051X,Available
016000061X,Available
016000081X,Available
016000481X,Available
016000501X,Available
016000511X,Available
016000521X,Available
016510001X,Available
022100051X,Available
022100061X,Available
022100081X,Available
022100481X,Available
022100501X,Available
022100511X,Available
022100521X,Available
022100561X,Available
023002501X,Available
023002511X,Available
053000001X,Available
054000001X,Available
062000501X,Available
062000511X,Available
062000721X,Available
063304081X,Available
063304481X,Available
063304521X,Available
066005081X,Available
066005481X,Available
066005501X,Available
066005511X,Available
066005521X,Available
066005561X,Available
067006081X,Available
067006481X,Available
067006501X,Available
067006511X,Available
067006521X,Available
067106721X,Available
072000501X,Available
072000511X,Available
073304481X,Available
073304521X,Available
082101561X,Available
082102561X,Available
082130001X,Available
082140001X,Available
083012561X,Available
083022561X,Available
083050001X,Available
083060001X,Available
131300,Available
231300,Available
012100141X,Available
012100211X,Available
012100291X,Available
012100301X,Available
012100511X,Available
012100611X,Available
012100641X,Available
013002141X,Available
013002211X,Available
013002291X,Available
013002301X,Available
013002511X,Available
013002611X,Available
013002641X,Available
016000001X,Available
016000141X,Available
016000211X,Available
016000291X,Available
016000301X,Available
016000511X,Available
016000611X,Available
016000641X,Available
016000711X,Available
016510001X,Available
022100141X,Available
022100211X,Available
022100291X,Available
022100301X,Available
022100511X,Available
022100611X,Available
022100641X,Available
023002141X,Available
023002211X,Available
023002291X,Available
023002301X,Available
023002511X,Available
023002611X,Available
023002641X,Available
046000031X,Available
046002461X,Available
053000001X,Available
054000001X,Available
062000211X,Available
062000511X,Available
062000611X,Available
062000721X,Available
066005211X,Available
066005511X,Available
066005611X,Available
066005711X,Available
067006211X,Available
067006511X,Available
067006611X,Available
067006641X,Available
067106721X,Available
067199721X,Available
072000211X,Available
072000511X,Available
072000611X,Available
072000721X,Available
012100041X,Available
013002041X,Available
016000041X,Available
022100041X,Available
023002041X,Available
062000041X,Available
066005041X,Available
067006011X,Available
067006041X,Available
067006171X,Available
012100211X,Available
012100291X,Available
012100301X,Available
012100511X,Available
012100611X,Available
013002211X,Available
013002291X,Available
013002301X,Available
013002511X,Available
013002611X,Available
016000211X,Available
016000291X,Available
016000301X,Available
016000511X,Available
016000611X,Available
016510001X,Available
022100211X,Available
022100291X,Available
022100301X,Available
022100511X,Available
022100611X,Available
023002211X,Available
023002291X,Available
023002301X,Available
023002511X,Available
023002611X,Available
046000481X,Available
053000001X,Available
054000001X,Available
062000611X,Available
062000721X,Available
066005611X,Available
067006611X,Available
072000611X,Available
012100141X,Available
012100151X,Available
012100161X,Available
012100171X,Available
012100211X,Available
012100221X,Available
012100251X,Available
012100411X,Available
012100471X,Available
012100491X,Available
012100511X,Available
012100611X,Available
013002001X,Available
013002141X,Available
013002151X,Available
013002171X,Available
013002211X,Available
013002221X,Available
013002251X,Available
013002411X,Available
013002511X,Available
013002611X,Available
014001111X,Available
016000001X,Available
016000141X,Available
016000151X,Available
016000161X,Available
016000171X,Available
016000211X,Available
016000221X,Available
016000251X,Available
016000411X,Available
016000491X,Available
016000511X,Available
016000611X,Available
016570001X,Available
022100141X,Available
022100151X,Available
022100161X,Available
022100171X,Available
022100211X,Available
022100221X,Available
022100251X,Available
022100411X,Available
022100471X,Available
022100491X,Available
022100511X,Available
022100611X,Available
023002001X,Available
023002141X,Available
023002151X,Available
023002171X,Available
023002211X,Available
023002221X,Available
023002251X,Available
023002411X,Available
023002511X,Available
023002611X,Available
024100061X,Available
052000001X,Available
053000001X,Available
054000001X,Available
062000141X,Available
062000151X,Available
062000171X,Available
062000221X,Available
062000251X,Available
062000411X,Available
062000511X,Available
062000611X,Available
066005141X,Available
066005151X,Available
066005161X,Available
066005171X,Available
066005221X,Available
066005251X,Available
066005411X,Available
066005511X,Available
066005611X,Available
067006141X,Available
067006151X,Available
067006161X,Available
067006171X,Available
067006211X,Available
067006251X,Available
067006411X,Available
067006471X,Available
067006511X,Available
067006611X,Available
072000141X,Available
072000171X,Available
072000251X,Available
072000511X,Available
074001101X,Available
012100101X,Available
012100171X,Available
012100211X,Available
012100401X,Available
012100411X,Available
012100431X,Available
012100441X,Available
012100511X,Available
012100601X,Available
012100611X,Available
012100691X,Available
012100761X,Available
012101001X,Available
013002171X,Available
013002211X,Available
013002401X,Available
013002411X,Available
013002431X,Available
013002441X,Available
013002511X,Available
013002611X,Available
013002761X,Available
016000001X,Available
016000101X,Available
016000171X,Available
016000211X,Available
016000401X,Available
016000411X,Available
016000431X,Available
016000441X,Available
016000511X,Available
016000601X,Available
016000611X,Available
016000691X,Available
016000761X,Available
016510001X,Available
022100101X,Available
022100171X,Available
022100211X,Available
022100401X,Available
022100411X,Available
022100431X,Available
022100441X,Available
022100511X,Available
022100601X,Available
022100611X,Available
022100691X,Available
022100761X,Available
022101001X,Available
023002171X,Available
023002211X,Available
023002401X,Available
023002411X,Available
023002431X,Available
023002441X,Available
023002511X,Available
023002611X,Available
023002761X,Available
053000001X,Available
054000001X,Available
062000171X,Available
062000211X,Available
062000401X,Available
062000411X,Available
062000431X,Available
062000441X,Available
062000511X,Available
062000611X,Available
062000701X,Available
062000721X,Available
062000761X,Available
063304401X,Available
063304601X,Available
063304691X,Available
066005401X,Available
066005411X,Available
066005431X,Available
066005441X,Available
066005511X,Available
066005601X,Available
066005611X,Available
066005691X,Available
066005761X,Available
067006401X,Available
067006411X,Available
067006431X,Available
067006441X,Available
067006511X,Available
067006601X,Available
067006611X,Available
067006691X,Available
067006761X,Available
067199721X,Available
072000401X,Available
072000431X,Available
072000441X,Available
072000511X,Available
072000611X,Available
072000721X,Available
012100401X,Available
012100411X,Available
012100441X,Available
012100511X,Available
012100611X,Available
013002401X,Available
013002411X,Available
013002441X,Available
013002511X,Available
013002611X,Available
016000401X,Available
016000411X,Available
016000441X,Available
016000511X,Available
016000611X,Available
016510001X,Available
022100401X,Available
022100411X,Available
022100441X,Available
022100511X,Available
022100611X,Available
023002401X,Available
023002411X,Available
023002441X,Available
023002511X,Available
023002611X,Available
053000001X,Available
054000001X,Available
062000401X,Available
062000411X,Available
062000441X,Available
062000721X,Available
066005401X,Available
066005411X,Available
066005441X,Available
066005511X,Available
067006401X,Available
067006411X,Available
067006441X,Available
067006511X,Available
067006611X,Available
072000511X,Available
013002141X,Available
016000141X,Available
023002141X,Available
012100101X,Available
012100121X,Available
012100141X,Available
012100191X,Available
012100211X,Available
012100291X,Available
012100301X,Available
012100411X,Available
012100481X,Available
012100511X,Available
012100611X,Available
012101001X,Available
013002001X,Available
013002101X,Available
013002121X,Available
013002141X,Available
013002211X,Available
013002291X,Available
013002301X,Available
013002511X,Available
013002611X,Available
016000001X,Available
016000101X,Available
016000121X,Available
016000141X,Available
016000191X,Available
016000211X,Available
016000291X,Available
016000301X,Available
016000411X,Available
016000481X,Available
016000511X,Available
016000611X,Available
016510001X,Available
022100101X,Available
022100121X,Available
022100141X,Available
022100191X,Available
022100211X,Available
022100291X,Available
022100301X,Available
022100411X,Available
022100481X,Available
022100511X,Available
022100611X,Available
022101001X,Available
023002001X,Available
023002101X,Available
023002121X,Available
023002141X,Available
023002211X,Available
023002291X,Available
023002301X,Available
023002511X,Available
023002611X,Available
046001031X,Available
046001601X,Available
046002461X,Available
053000001X,Available
054000001X,Available
062000211X,Available
062000291X,Available
062000301X,Available
062000511X,Available
062000611X,Available
062000721X,Available
066005211X,Available
066005291X,Available
066005301X,Available
066005511X,Available
066005611X,Available
066005711X,Available
067006101X,Available
067006211X,Available
067006291X,Available
067006301X,Available
067006511X,Available
067006611X,Available
067006711X,Available
067106721X,Available
072000211X,Available
072000291X,Available
072000301X,Available
072000511X,Available
072000611X,Available
012100011X,Available
012100041X,Available
012100141X,Available
012100211X,Available
012100331X,Available
012100351X,Available
012100361X,Available
012100491X,Available
012100641X,Available
013002011X,Available
013002041X,Available
013002141X,Available
013002351X,Available
013002361X,Available
014001191X,Available
016000011X,Available
016000041X,Available
016000141X,Available
016000211X,Available
016000331X,Available
016000351X,Available
016000361X,Available
016000491X,Available
016000641X,Available
016570001X,Available
022100011X,Available
022100041X,Available
022100141X,Available
022100211X,Available
022100331X,Available
022100351X,Available
022100361X,Available
022100491X,Available
023002011X,Available
023002041X,Available
023002141X,Available
023002351X,Available
023002361X,Available
062000011X,Available
062000041X,Available
062000141X,Available
062000211X,Available
062000611X,Available
066005011X,Available
066005041X,Available
066005141X,Available
066005211X,Available
066005331X,Available
066005641X,Available
067006011X,Available
067006041X,Available
067006141X,Available
067006211X,Available
067006331X,Available
067106721X,Available
074001131X,Available
012100061X,Available
012100191X,Available
012100211X,Available
012100281X,Available
012100291X,Available
012100301X,Available
012100401X,Available
012100481X,Available
012100501X,Available
012100511X,Available
012100521X,Available
012100561X,Available
012100611X,Available
012100621X,Available
012100641X,Available
012100741X,Available
012100751X,Available
013002001X,Available
013002061X,Available
013002211X,Available
013002291X,Available
013002301X,Available
013002401X,Available
013002501X,Available
013002511X,Available
013002611X,Available
013002621X,Available
013002641X,Available
014000731X,Available
016000001X,Available
016000061X,Available
016000191X,Available
016000211X,Available
016000281X,Available
016000291X,Available
016000301X,Available
016000401X,Available
016000481X,Available
016000501X,Available
016000511X,Available
016000521X,Available
016000611X,Available
016000621X,Available
016000641X,Available
016000741X,Available
016000751X,Available
016510001X,Available
022100061X,Available
022100191X,Available
022100211X,Available
022100281X,Available
022100291X,Available
022100301X,Available
022100401X,Available
022100481X,Available
022100501X,Available
022100511X,Available
022100521X,Available
022100561X,Available
022100611X,Available
022100621X,Available
022100641X,Available
022100741X,Available
022100751X,Available
023002001X,Available
023002061X,Available
023002211X,Available
023002291X,Available
023002301X,Available
023002401X,Available
023002501X,Available
023002511X,Available
023002611X,Available
023002621X,Available
023002641X,Available
024000731X,Available
052000001X,Available
053000001X,Available
054000001X,Available
062000061X,Available
062000071X,Available
062000211X,Available
062000291X,Available
062000301X,Available
062000511X,Available
062000611X,Available
062000621X,Available
062000641X,Available
062000701X,Available
062000721X,Available
062000761X,Available
062001001X,Available
063304191X,Available
063304481X,Available
066005061X,Available
066005191X,Available
066005211X,Available
066005281X,Available
066005291X,Available
066005301X,Available
066005401X,Available
066005481X,Available
066005511X,Available
066005561X,Available
066005611X,Available
066005621X,Available
066005641X,Available
066005741X,Available
066005751X,Available
067006061X,Available
067006191X,Available
067006211X,Available
067006291X,Available
067006301X,Available
067006401X,Available
067006481X,Available
067006501X,Available
067006511X,Available
067006521X,Available
067006611X,Available
067006621X,Available
067006641X,Available
067006741X,Available
067006751X,Available
067106721X,Available
067199721X,Available
072000061X,Available
072000211X,Available
072000291X,Available
072000301X,Available
072000511X,Available
072000611X,Available
072000621X,Available
072000641X,Available
072000721X,Available
073304191X,Available
073304281X,Available
073304481X,Available
074001251X,Available
082101561X,Available
082102561X,Available
082130001X,Available
082140001X,Available
083012561X,Available
083022561X,Available
083050001X,Available
083060001X,Available
013002171X,Available
062000721X,Available
012100211X,Available
012100511X,Available
012100611X,Available
012100741X,Available
013002511X,Available
013002611X,Available
016000211X,Available
016000511X,Available
016000611X,Available
016000741X,Available
016510001X,Available
022100211X,Available
022100511X,Available
022100611X,Available
022100741X,Available
023002511X,Available
023002611X,Available
053000001X,Available
054000001X,Available
062000611X,Available
062000721X,Available
066005211X,Available
066005611X,Available
067006211X,Available
067006611X,Available
067006741X,Available
067199721X,Available
072000611X,Available
074001241X,Available
012100211X,Available
012100511X,Available
013002211X,Available
013002511X,Available
016000511X,Available
016510001X,Available
022100511X,Available
023002511X,Available
053000001X,Available
054000001X,Available
062000211X,Available
062000511X,Available
066005211X,Available
066005511X,Available
067006511X,Available
072000511X,Available
001720211X,Available
001730211X,Available
012100481X,Available
012100501X,Available
012100511X,Available
012100561X,Available
012100611X,Available
012100701X,Available
013002501X,Available
013002511X,Available
013002611X,Available
013002701X,Available
016000481X,Available
016000501X,Available
016000511X,Available
016000611X,Available
016000701X,Available
016510001X,Available
022100481X,Available
022100501X,Available
022100511X,Available
022100611X,Available
022100701X,Available
023002501X,Available
023002511X,Available
023002611X,Available
023002701X,Available
036730211X,Available
037720211X,Available
038730211X,Available
039720211X,Available
053000001X,Available
054000001X,Available
062000501X,Available
062000511X,Available
062000701X,Available
062000721X,Available
063304481X,Available
066005481X,Available
066005501X,Available
066005511X,Available
066005561X,Available
066005701X,Available
067006481X,Available
067006501X,Available
067006511X,Available
067006701X,Available
067106721X,Available
067199721X,Available
072000501X,Available
072000511X,Available
073304481X,Available
082101561X,Available
082130001X,Available
012100061X,Available
012100191X,Available
012100211X,Available
012100281X,Available
012100291X,Available
012100301X,Available
012100511X,Available
012100611X,Available
012100641X,Available
012101001X,Available
013002001X,Available
013002061X,Available
013002211X,Available
013002291X,Available
013002301X,Available
013002511X,Available
013002611X,Available
013002641X,Available
014000731X,Available
016000001X,Available
016000061X,Available
016000191X,Available
016000211X,Available
016000281X,Available
016000291X,Available
016000301X,Available
016000511X,Available
016000611X,Available
016000641X,Available
016000711X,Available
016510001X,Available
022100061X,Available
022100191X,Available
022100211X,Available
022100281X,Available
022100291X,Available
022100301X,Available
022100511X,Available
022100611X,Available
022100641X,Available
022101001X,Available
023002001X,Available
023002061X,Available
023002211X,Available
023002291X,Available
023002301X,Available
023002511X,Available
023002611X,Available
023002641X,Available
046000421X,Available
046001031X,Available
046001601X,Available
046001741X,Available
046002341X,Available
046002451X,Available
046002461X,Available
046002521X,Available
046077771X,Available
053000001X,Available
054000001X,Available
062000061X,Available
062000211X,Available
062000291X,Available
062000301X,Available
062000511X,Available
062000611X,Available
062000721X,Available
066005211X,Available
066005291X,Available
066005301X,Available
066005511X,Available
066005611X,Available
066005711X,Available
067006061X,Available
067006211X,Available
067006291X,Available
067006301X,Available
067006511X,Available
067006611X,Available
067006711X,Available
067106721X,Available
067199721X,Available
072000061X,Available
072000211X,Available
072000291X,Available
072000301X,Available
072000511X,Available
072000611X,Available
001720201X,Available
001720271X,Available
001730201X,Available
001730271X,Available
002020201X,Available
012100011X,Available
012100051X,Available
012100061X,Available
012100071X,Available
012100151X,Available
012100171X,Available
012100211X,Available
012100291X,Available
012100381X,Available
012100401X,Available
012100481X,Available
012100501X,Available
012100511X,Available
012100611X,Available
012100691X,Available
012100701X,Available
012100751X,Available
013002011X,Available
013002061X,Available
013002151X,Available
013002211X,Available
013002291X,Available
013002401X,Available
013002501X,Available
013002511X,Available
013002611X,Available
013002701X,Available
016000011X,Available
016000051X,Available
016000061X,Available
016000071X,Available
016000151X,Available
016000171X,Available
016000211X,Available
016000291X,Available
016000381X,Available
016000401X,Available
016000481X,Available
016000501X,Available
016000511X,Available
016000611X,Available
016000691X,Available
016000701X,Available
016000711X,Available
016000751X,Available
016510001X,Available
022100011X,Available
022100051X,Available
022100061X,Available
022100071X,Available
022100151X,Available
022100171X,Available
022100211X,Available
022100291X,Available
022100381X,Available
022100401X,Available
022100481X,Available
022100501X,Available
022100511X,Available
022100611X,Available
022100691X,Available
022100701X,Available
022100751X,Available
023002061X,Available
023002151X,Available
023002211X,Available
023002291X,Available
023002401X,Available
023002501X,Available
023002511X,Available
023002611X,Available
023002701X,Available
024000731X,Available
036730201X,Available
036730271X,Available
037720201X,Available
037720271X,Available
038730201X,Available
038730271X,Available
039720201X,Available
039720271X,Available
046000031X,Available
046000481X,Available
046002461X,Available
053000001X,Available
054000001X,Available
062000011X,Available
062000061X,Available
062000151X,Available
062000211X,Available
062000401X,Available
062000511X,Available
062000611X,Available
062000721X,Available
063304051X,Available
063304381X,Available
063304481X,Available
063304691X,Available
066005011X,Available
066005051X,Available
066005061X,Available
066005151X,Available
066005171X,Available
066005211X,Available
066005291X,Available
066005381X,Available
066005401X,Available
066005481X,Available
066005511X,Available
066005611X,Available
066005691X,Available
066005711X,Available
066005751X,Available
067006011X,Available
067006051X,Available
067006061X,Available
067006071X,Available
067006151X,Available
067006171X,Available
067006211X,Available
067006291X,Available
067006381X,Available
067006401X,Available
067006481X,Available
067006501X,Available
067006511X,Available
067006611X,Available
067006691X,Available
067006701X,Available
067006711X,Available
067006751X,Available
067106721X,Available
067199721X,Available
072000211X,Available
072000291X,Available
072000511X,Available
073304481X,Available
074001231X,Available
012100071X,Available
012100101X,Available
012100121X,Available
012100191X,Available
012100211X,Available
012100401X,Available
012100611X,Available
012100641X,Available
012100741X,Available
012101001X,Available
013002001X,Available
013002071X,Available
013002101X,Available
013002121X,Available
013002211X,Available
013002611X,Available
013002641X,Available
014000011X,Available
014001021X,Available
016000001X,Available
016000071X,Available
016000101X,Available
016000121X,Available
016000191X,Available
016000211X,Available
016000431X,Available
016000611X,Available
016000641X,Available
016000741X,Available
016510001X,Available
022100071X,Available
022100101X,Available
022100121X,Available
022100191X,Available
022100211X,Available
022100611X,Available
022100641X,Available
022100741X,Available
022101001X,Available
023002001X,Available
023002071X,Available
023002101X,Available
023002121X,Available
023002211X,Available
023002611X,Available
023002641X,Available
024110111X,Available
046002461X,Available
052000001X,Available
053000001X,Available
054000001X,Available
062000071X,Available
062000101X,Available
062000121X,Available
062000211X,Available
062000611X,Available
062000701X,Available
062000721X,Available
062001001X,Available
063304191X,Available
066005001X,Available
066005071X,Available
066005101X,Available
066005121X,Available
066005191X,Available
066005211X,Available
066005611X,Available
066005641X,Available
066005741X,Available
067006001X,Available
067006071X,Available
067006101X,Available
067006121X,Available
067006191X,Available
067006211X,Available
067006611X,Available
067006741X,Available
067106721X,Available
067199721X,Available
072000101X,Available
072000121X,Available
072000211X,Available
072000611X,Available
072001001X,Available
073304191X,Available
074000011X,Available
074001021X,Available
012100511X,Available
013002511X,Available
016000511X,Available
022100511X,Available
023002511X,Available
067006511X,Available
013002211X,Available
013002611X,Available
062000721X,Available
012100511X,Available
013002511X,Available
016000511X,Available
022100511X,Available
023002511X,Available
062000511X,Available
062000721X,Available
066005511X,Available
067006511X,Available
072000511X,Available
012100401X,Available
012100411X,Available
012100511X,Available
012100611X,Available
013002401X,Available
013002411X,Available
013002511X,Available
013002611X,Available
016000401X,Available
016000411X,Available
016000511X,Available
016000611X,Available
016510001X,Available
022100401X,Available
022100411X,Available
022100511X,Available
022100611X,Available
023002401X,Available
023002411X,Available
023002511X,Available
023002611X,Available
062000401X,Available
062000411X,Available
062000511X,Available
062000611X,Available
062000721X,Available
066005401X,Available
066005411X,Available
066005511X,Available
066005611X,Available
067006401X,Available
067006411X,Available
067006511X,Available
067006611X,Available
067106721X,Available
072000401X,Available
072000511X,Available
072000611X,Available
067006521X,Available
012100511X,Available
013002511X,Available
016000511X,Available
022100511X,Available
023002511X,Available
053000001X,Available
054000001X,Available
066005511X,Available
067006511X,Available
072000511X,Available
062000251X,Available
086100071X,Available
012100511X,Available
012100611X,Available
013002511X,Available
013002611X,Available
016000511X,Available
016000611X,Available
022100511X,Available
022100611X,Available
023002511X,Available
023002611X,Available
053000001X,Available
054000001X,Available
062000511X,Available
062000611X,Available
066005511X,Available
066005611X,Available
067006511X,Available
067006611X,Available
067199721X,Available
072000511X,Available
072000611X,Available
023002611X,Available
062000721X,Available
062000721X,Available
001720081X,Available
001720091X,Available
001728001X,Available
001730071X,Available
001730081X,Available
001730091X,Available
001738001X,Available
016000711X,Available
016510001X,Available
036730071X,Available
036730081X,Available
036730091X,Available
036738001X,Available
037720081X,Available
037720091X,Available
037728001X,Available
038730071X,Available
038730081X,Available
038730091X,Available
038738001X,Available
039720081X,Available
039720091X,Available
039728001X,Available
046002461X,Available
066005711X,Available
001720221X,Available
001720231X,Available
001730221X,Available
001730231X,Available
036730221X,Available
036730231X,Available
037720221X,Available
037720231X,Available
038730221X,Available
038730231X,Available
039720221X,Available
039720231X,Available
001724001X,Available
001724011X,Available
001724021X,Available
001724031X,Available
001734001X,Available
001734011X,Available
001734021X,Available
001734031X,Available
016510001X,Available
036734001X,Available
036734011X,Available
036734021X,Available
036734031X,Available
037724001X,Available
037724011X,Available
037724021X,Available
037724031X,Available
038734001X,Available
038734011X,Available
038734021X,Available
038734031X,Available
039724001X,Available
039724011X,Available
039724021X,Available
039724031X,Available
061105761X,Available
061106751X,Available
062100751X,Available
062100761X,Available
074899751X,Available
074899761X,Available
086749751X,Available
086749761X,Available
098500111X,Available
098500121X,Available
098500191X,Available
098600111X,Available
098600121X,Available
098600191X,Available
062000721X,Available
012100511X,Available
013002511X,Available
016000511X,Available
066005511X,Available
012100611X,Available
013002611X,Available
016000611X,Available
022100611X,Available
023002611X,Available
053000001X,Available
054000001X,Available
062000721X,Available
066005611X,Available
067006611X,Available
001108601X,Available
001108921X,Available
001109321X,Available
001720031X,Available
001720041X,Available
001720061X,Available
001720161X,Available
001730041X,Available
001730051X,Available
001730161X,Available
001736001X,Available
002102001X,Available
002102002X,Available
002102003X,Available
002102004X,Available
002102011X,Available
002102012X,Available
002102013X,Available
002102014X,Available
002102021X,Available
002102022X,Available
002102023X,Available
002102024X,Available
002102154X,Available
002102161X,Available
002102162X,Available
002102163X,Available
002102164X,Available
002102171X,Available
002102172X,Available
002102173X,Available
002102174X,Available
002102181X,Available
002102182X,Available
002102183X,Available
002102184X,Available
002102191X,Available
002102192X,Available
002102193X,Available
002102194X,Available
002102201X,Available
002102231X,Available
002102232X,Available
002102233X,Available
002102241X,Available
002102242X,Available
002102243X,Available
002102244X,Available
003103181X,Available
003103191X,Available
011400001X,Available
012100211X,Available
012100611X,Available
013002211X,Available
013002611X,Available
014000011X,Available
014000201X,Available
014000211X,Available
014000301X,Available
014000311X,Available
014000701X,Available
014000711X,Available
014000801X,Available
014000811X,Available
014000901X,Available
014000951X,Available
014100781X,Available
016000411X,Available
016510001X,Available
018010001X,Available
018020001X,Available
018070001X,Available
018103781X,Available
022100211X,Available
022100611X,Available
023002211X,Available
023002611X,Available
024000031X,Available
024000101X,Available
024000201X,Available
024000211X,Available
024000301X,Available
024000311X,Available
024000701X,Available
024000711X,Available
024000801X,Available
024000811X,Available
024000901X,Available
024000951X,Available
024100781X,Available
036730041X,Available
036730051X,Available
036730161X,Available
036736001X,Available
037720031X,Available
037720041X,Available
037720061X,Available
037720161X,Available
038730041X,Available
038730051X,Available
038734011X,Available
038736001X,Available
038738001X,Available
039720031X,Available
039720041X,Available
039720061X,Available
039720161X,Available
060101411X,Available
0601014111,Available
061100151X,Available
061101581X,Available
061101641X,Available
061101681X,Available
062000041X,Available
062000171X,Available
062000721X,Available
062102571X,Available
062103111X,Available
062103121X,Available
066005211X,Available
067106721X,Available
067199721X,Available
072000721X,Available
074000011X,Available
074639821X,Available
074789721X,Available
074789731X,Available
074899711X,Available
086500001X,Available
086769721X,Available
090000101X,Available
090000201X,Available
090000301X,Available
090000701X,Available
090600001X,Available
090600011X,Available
090600081X,Available
090600091X,Available
0946999919,Available
098600048X,Available
098600091X,Available
1000000000,Available
1000000002,Available
023002211X,Available
062000721X,Available
001736001X,Available
016510001X,Available
036736001X,Available
038736001X,Available
012100211X,Available
012100611X,Available
012100751X,Available
013002211X,Available
013002611X,Available
015100781X,Available
015202781X,Available
016000211X,Available
016000611X,Available
016000711X,Available
016000751X,Available
016510001X,Available
022100211X,Available
022100611X,Available
022100751X,Available
023002211X,Available
023002611X,Available
025100781X,Available
025202781X,Available
046077771X,Available
053000001X,Available
054000001X,Available
062000611X,Available
062000721X,Available
065100781X,Available
065202781X,Available
066005211X,Available
066005611X,Available
066005751X,Available
067006211X,Available
067006611X,Available
067006751X,Available
067199721X,Available
072000611X,Available
074001141X,Available
085100781X,Available
085202781X,Available
012100211X,Available
012100611X,Available
013002211X,Available
013002611X,Available
015100781X,Available
015202781X,Available
016000211X,Available
016000611X,Available
016000711X,Available
016510001X,Available
022100211X,Available
022100611X,Available
023002211X,Available
023002611X,Available
025100781X,Available
025202781X,Available
046077771X,Available
053000001X,Available
054000001X,Available
062000611X,Available
062000721X,Available
065100781X,Available
065202781X,Available
066005611X,Available
067006611X,Available
085100781X,Available
085202781X,Available
012100211X,Available
012100611X,Available
013002211X,Available
013002611X,Available
015100781X,Available
015202781X,Available
016000211X,Available
016000611X,Available
016000711X,Available
016510001X,Available
022100211X,Available
022100611X,Available
023002211X,Available
023002611X,Available
025100781X,Available
025202781X,Available
046077771X,Available
062000211X,Available
062000721X,Available
065100781X,Available
065202781X,Available
085100781X,Available
085202781X,Available
012100041X,Available
012100171X,Available
012100191X,Available
012100211X,Available
012100611X,Available
013002041X,Available
013002211X,Available
013002611X,Available
015100781X,Available
015202781X,Available
016000001X,Available
016000041X,Available
016000171X,Available
016000191X,Available
016000211X,Available
016000611X,Available
016510001X,Available
022100041X,Available
022100171X,Available
022100191X,Available
022100211X,Available
022100611X,Available
023002041X,Available
023002211X,Available
023002611X,Available
025100781X,Available
025202781X,Available
046077771X,Available
053000001X,Available
054000001X,Available
062000211X,Available
062000611X,Available
062000721X,Available
065100781X,Available
065202781X,Available
066005611X,Available
067006211X,Available
067006611X,Available
072000211X,Available
072000611X,Available
085100781X,Available
085202781X,Available
016000711X,Available
046077771X,Available
016000411X,Available
046077771X,Available
012100041X,Available
012100171X,Available
012100211X,Available
013002041X,Available
013002171X,Available
013002211X,Available
015100781X,Available
015202781X,Available
016000041X,Available
016000171X,Available
016000211X,Available
016000711X,Available
016510001X,Available
022100041X,Available
022100171X,Available
022100211X,Available
023002041X,Available
023002171X,Available
023002211X,Available
025100781X,Available
025202781X,Available
046077771X,Available
052000001X,Available
053000001X,Available
054000001X,Available
062000041X,Available
062000171X,Available
062000721X,Available
065100781X,Available
065202781X,Available
066005041X,Available
066005171X,Available
067006041X,Available
067006171X,Available
067106721X,Available
072000041X,Available
072000171X,Available
085100781X,Available
085202781X,Available
012100301X,Available
012100611X,Available
013002301X,Available
013002611X,Available
016000301X,Available
016000611X,Available
016000711X,Available
022100301X,Available
022100611X,Available
023002301X,Available
023002611X,Available
025202781X,Available
046077771X,Available
053000001X,Available
054000001X,Available
067006301X,Available
085202781X,Available
012100191X,Available
012100211X,Available
012100291X,Available
012100611X,Available
013002211X,Available
013002291X,Available
013002611X,Available
015100781X,Available
015202781X,Available
016000001X,Available
016000191X,Available
016000211X,Available
016000291X,Available
016000611X,Available
016000711X,Available
016510001X,Available
022100191X,Available
022100211X,Available
022100291X,Available
022100611X,Available
023002211X,Available
023002291X,Available
023002611X,Available
025100781X,Available
025202781X,Available
046077771X,Available
053000001X,Available
054000001X,Available
062000211X,Available
062000611X,Available
062000721X,Available
065100781X,Available
065202781X,Available
066005211X,Available
066005291X,Available
066005611X,Available
067006211X,Available
067006291X,Available
067006611X,Available
067106721X,Available
067199721X,Available
072000211X,Available
072000611X,Available
085100781X,Available
085202781X,Available
012100211X,Available
012100291X,Available
012100301X,Available
012100611X,Available
013002211X,Available
013002291X,Available
013002301X,Available
013002611X,Available
015100781X,Available
015202781X,Available
016000211X,Available
016000291X,Available
016000301X,Available
016000611X,Available
016000711X,Available
016510001X,Available
022100211X,Available
022100291X,Available
022100301X,Available
022100611X,Available
023002211X,Available
023002291X,Available
023002301X,Available
023002611X,Available
025100781X,Available
025202781X,Available
046077771X,Available
053000001X,Available
054000001X,Available
062000211X,Available
062000291X,Available
062000301X,Available
062000611X,Available
062000721X,Available
065100781X,Available
065202781X,Available
066005211X,Available
066005291X,Available
066005301X,Available
066005611X,Available
067006211X,Available
067006291X,Available
067006301X,Available
067006611X,Available
067106721X,Available
072000211X,Available
072000291X,Available
072000301X,Available
072000611X,Available
072000721X,Available
085100781X,Available
085202781X,Available
001720031X,Available
001720041X,Available
001720161X,Available
001730031X,Available
001730041X,Available
015100781X,Available
015202781X,Available
016000711X,Available
016510001X,Available
025100781X,Available
025202781X,Available
036730031X,Available
036730041X,Available
037720031X,Available
037720041X,Available
037720161X,Available
038730031X,Available
038730041X,Available
038730161X,Available
039720031X,Available
039720041X,Available
039720161X,Available
046077771X,Available
065100781X,Available
065202781X,Available
085100781X,Available
085202781X,Available
001720051X,Available
001730051X,Available
015100781X,Available
015202781X,Available
016510001X,Available
025100781X,Available
025202781X,Available
036730051X,Available
037720051X,Available
038730051X,Available
039720051X,Available
065100781X,Available
065202781X,Available
074789731X,Available
085100781X,Available
085202781X,Available
025202781X,Available
085202781X,Available
025202781X,Available
085202781X,Available
012100191X,Available
012100211X,Available
012100291X,Available
012100301X,Available
012100611X,Available
012100741X,Available
012100751X,Available
013002211X,Available
013002291X,Available
013002301X,Available
013002611X,Available
015100781X,Available
015202781X,Available
016000001X,Available
016000191X,Available
016000211X,Available
016000291X,Available
016000301X,Available
016000611X,Available
016000711X,Available
016000741X,Available
016000751X,Available
016510001X,Available
022100191X,Available
022100211X,Available
022100291X,Available
022100301X,Available
022100611X,Available
022100741X,Available
022100751X,Available
023002211X,Available
023002291X,Available
023002301X,Available
023002611X,Available
025100781X,Available
025202781X,Available
046077771X,Available
053000001X,Available
054000001X,Available
062000211X,Available
062000291X,Available
062000301X,Available
062000611X,Available
062000721X,Available
065100781X,Available
065202781X,Available
066005211X,Available
066005291X,Available
066005301X,Available
066005611X,Available
067006211X,Available
067006291X,Available
067006301X,Available
067006611X,Available
067106721X,Available
067199721X,Available
072000211X,Available
072000291X,Available
072000301X,Available
072000611X,Available
072000721X,Available
085100781X,Available
085202781X,Available
012100291X,Available
016000291X,Available
022100291X,Available
012100041X,Available
012100211X,Available
012100291X,Available
012100301X,Available
012100611X,Available
013002041X,Available
013002211X,Available
013002291X,Available
013002301X,Available
013002611X,Available
015100781X,Available
015202781X,Available
016000041X,Available
016000211X,Available
016000291X,Available
016000301X,Available
016000611X,Available
016510001X,Available
022100041X,Available
022100211X,Available
022100291X,Available
022100301X,Available
022100611X,Available
023002041X,Available
023002211X,Available
023002291X,Available
023002301X,Available
023002611X,Available
025100781X,Available
025202781X,Available
046077771X,Available
053000001X,Available
054000001X,Available
062000611X,Available
062000721X,Available
065100781X,Available
065202781X,Available
066005291X,Available
067006291X,Available
067006611X,Available
072000611X,Available
085100781X,Available
085202781X,Available
012100611X,Available
013002611X,Available
015100781X,Available
015202781X,Available
016000611X,Available
022100611X,Available
023002611X,Available
025100781X,Available
025202781X,Available
053000001X,Available
054000001X,Available
065100781X,Available
065202781X,Available
067199721X,Available
085100781X,Available
085202781X,Available
012100211X,Available
012100291X,Available
012100301X,Available
012100611X,Available
013002211X,Available
013002291X,Available
013002301X,Available
013002611X,Available
015100781X,Available
015202781X,Available
016000211X,Available
016000291X,Available
016000301X,Available
016000611X,Available
016000711X,Available
016510001X,Available
022100211X,Available
022100291X,Available
022100301X,Available
022100611X,Available
023002211X,Available
023002291X,Available
023002301X,Available
023002611X,Available
025100781X,Available
025202781X,Available
046077771X,Available
053000001X,Available
054000001X,Available
062000291X,Available
062000301X,Available
062000611X,Available
062000721X,Available
065100781X,Available
065202781X,Available
066005211X,Available
066005291X,Available
066005611X,Available
067006211X,Available
067006291X,Available
067006301X,Available
067006611X,Available
072000211X,Available
072000291X,Available
072000301X,Available
072000611X,Available
085100781X,Available
085202781X,Available
012100041X,Available
012100171X,Available
012100611X,Available
012100751X,Available
013002041X,Available
013002171X,Available
016000041X,Available
016000171X,Available
016000611X,Available
016000711X,Available
016000751X,Available
016510001X,Available
022100041X,Available
022100171X,Available
022100611X,Available
022100751X,Available
023002041X,Available
023002171X,Available
046077771X,Available
053000001X,Available
054000001X,Available
062000041X,Available
062000171X,Available
062000721X,Available
066005041X,Available
066005171X,Available
066005751X,Available
067006041X,Available
067006171X,Available
067106721X,Available
072000171X,Available
072000721X,Available
074001231X,Available
012100611X,Available
015100781X,Available
015202781X,Available
016000211X,Available
016000611X,Available
016510001X,Available
022100611X,Available
025100781X,Available
046077771X,Available
053000001X,Available
054000001X,Available
065100781X,Available
065202781X,Available
067006611X,Available
067199721X,Available
085100781X,Available
013002211X,Available
023002211X,Available
016000711X,Available
038738001X,Available
046077771X,Available
001720031X,Available
002102174X,Available
002102182X,Available
002102184X,Available
002102191X,Available
011400001X,Available
014000201X,Available
014000211X,Available
014000951X,Available
018010001X,Available
024000201X,Available
024000211X,Available
024000811X,Available
024000951X,Available
037720031X,Available
039720031X,Available
0601014111,Available
062000721X,Available
062103111X,Available
062103121X,Available
067106721X,Available
090000201X,Available
090600081X,Available
090600091X,Available
0946999919,Available
012100211X,Available
012100291X,Available
012100301X,Available
013002211X,Available
013002291X,Available
016000211X,Available
016000291X,Available
016000301X,Available
016000711X,Available
016510001X,Available
022100211X,Available
022100291X,Available
022100301X,Available
023002211X,Available
023002291X,Available
046077771X,Available
053000001X,Available
054000001X,Available
062000211X,Available
062000721X,Available
066005211X,Available
067006211X,Available
067006291X,Available
067006301X,Available
067106721X,Available
072000211X,Available
016510001X,Available
062103111X,Available
062103121X,Available
012100611X,Available
016000611X,Available
022100611X,Available
046077771X,Available
053000001X,Available
054000001X,Available
001720031X,Available
014000211X,Available
014000811X,Available
024000211X,Available
037720031X,Available
039720031X,Available
0601014111,Available
062000611X,Available
062000721X,Available
062103111X,Available
062103121X,Available
067006611X,Available
090000201X,Available
090600081X,Available
012100171X,Available
013002171X,Available
016000171X,Available
016510001X,Available
022100171X,Available
023002171X,Available
012100611X,Available
013002611X,Available
016000611X,Available
022100611X,Available
023002611X,Available
053000001X,Available
054000001X,Available
062000611X,Available
066005611X,Available
067006611X,Available
039720031X,Available
012100211X,Available
012100611X,Available
013002211X,Available
013002611X,Available
016000211X,Available
016000611X,Available
016510001X,Available
022100211X,Available
022100611X,Available
023002211X,Available
023002611X,Available
053000001X,Available
054000001X,Available
062000611X,Available
062000721X,Available
067006611X,Available
012100211X,Available
013002211X,Available
016000211X,Available
022100211X,Available
023002211X,Available
053000001X,Available
054000001X,Available
062103111X,Available
062103121X,Available
001108921X,Available
001720031X,Available
001730051X,Available
002102001X,Available
002102003X,Available
002102011X,Available
002102013X,Available
002102021X,Available
002102022X,Available
002102023X,Available
002102161X,Available
002102162X,Available
002102163X,Available
002102164X,Available
002102171X,Available
002102181X,Available
002102182X,Available
002102183X,Available
002102191X,Available
002102193X,Available
002102201X,Available
002102231X,Available
002102233X,Available
002102234X,Available
002102241X,Available
002102243X,Available
003000011X,Available
003102161X,Available
003102171X,Available
003103181X,Available
003103191X,Available
011400001X,Available
014000201X,Available
014000211X,Available
014000301X,Available
014000311X,Available
014000701X,Available
014000951X,Available
016510001X,Available
018010001X,Available
018020001X,Available
024000201X,Available
024000211X,Available
024000301X,Available
024000311X,Available
024000951X,Available
036730051X,Available
037720031X,Available
038730051X,Available
039720031X,Available
0601014111,Available
062000721X,Available
062102571X,Available
062103111X,Available
062103121X,Available
067006711X,Available
067106721X,Available
086769721X,Available
090000201X,Available
090000301X,Available
090000701X,Available
090600001X,Available
090600081X,Available
090600091X,Available
0946999919,Available
1000000000,Available
012100211X,Available
012100291X,Available
012100611X,Available
012100751X,Available
013002211X,Available
013002291X,Available
013002611X,Available
016000211X,Available
016000291X,Available
016000611X,Available
016000711X,Available
016000751X,Available
016510001X,Available
022100211X,Available
022100291X,Available
022100611X,Available
022100751X,Available
023002211X,Available
023002291X,Available
023002611X,Available
046077771X,Available
053000001X,Available
054000001X,Available
062000211X,Available
062000291X,Available
062000611X,Available
062000721X,Available
066005211X,Available
066005291X,Available
066005611X,Available
066005751X,Available
067006211X,Available
067006291X,Available
067006611X,Available
067006711X,Available
067106721X,Available
072000211X,Available
072000291X,Available
072000611X,Available
016510001X,Available
016510001X,Available
016000711X,Available
046077771X,Available
001720031X,Available
001720041X,Available
001720161X,Available
001730041X,Available
002102014X,Available
002102234X,Available
002102243X,Available
002102244X,Available
011400001X,Available
014000201X,Available
014000211X,Available
014000951X,Available
018010001X,Available
018070001X,Available
023002611X,Available
024000201X,Available
024000211X,Available
024000951X,Available
036730041X,Available
037720031X,Available
037720041X,Available
037720161X,Available
038730041X,Available
039720031X,Available
039720041X,Available
039720161X,Available
0601014111,Available
0601027410,Available
062000721X,Available
062103111X,Available
062103121X,Available
067006611X,Available
067199721X,Available
090000201X,Available
090600001X,Available
090600081X,Available
098990021X,Available
1000000000,Available
012100751X,Available
016000751X,Available
022100751X,Available
066005751X,Available
067006751X,Available
067199721X,Available
012100291X,Available
012100611X,Available
013002291X,Available
013002611X,Available
016000291X,Available
016000611X,Available
016000711X,Available
016510001X,Available
022100291X,Available
022100611X,Available
023002291X,Available
023002611X,Available
046077771X,Available
053000001X,Available
054000001X,Available
062000721X,Available
067006291X,Available
067006611X,Available
016000711X,Available
046077771X,Available
012100211X,Available
012100291X,Available
012100611X,Available
013002211X,Available
013002291X,Available
013002611X,Available
016000211X,Available
016000291X,Available
016000611X,Available
016000711X,Available
016510001X,Available
022100211X,Available
022100291X,Available
022100611X,Available
023002211X,Available
023002291X,Available
023002611X,Available
046077771X,Available
053000001X,Available
054000001X,Available
062000211X,Available
062000721X,Available
066005211X,Available
066005291X,Available
067006211X,Available
067006291X,Available
067006611X,Available
072000291X,Available
016510001X,Available
038730041X,Available
039720041X,Available
039720161X,Available
012100211X,Available
013002211X,Available
016000211X,Available
016510001X,Available
022100211X,Available
023002211X,Available
062000721X,Available
012100211X,Available
012100611X,Available
013002211X,Available
013002611X,Available
016000211X,Available
016000611X,Available
022100211X,Available
022100611X,Available
023002211X,Available
023002611X,Available
023002611X,Available
062000721X,Available
002102022X,Available
002102201X,Available
003000011X,Available
012100611X,Available
013002611X,Available
014000201X,Available
014000301X,Available
014000951X,Available
022100611X,Available
023002611X,Available
024000211X,Available
024000951X,Available
0601014111,Available
062000721X,Available
062103111X,Available
062103121X,Available
090000201X,Available
090000301X,Available
090600081X,Available
0946999919,Available
012100611X,Available
016000611X,Available
016510001X,Available
022100611X,Available
053000001X,Available
054000001X,Available
016000711X,Available
046077771X,Available
012100211X,Available
013002211X,Available
016000211X,Available
022100211X,Available
023002211X,Available
053000001X,Available
054000001X,Available
062000211X,Available
066005211X,Available
067006211X,Available
012100611X,Available
013002611X,Available
016000611X,Available
016000711X,Available
016510001X,Available
022100611X,Available
023002611X,Available
046077771X,Available
053000001X,Available
054000001X,Available
066005611X,Available
067006611X,Available
012100211X,Available
012100611X,Available
013002211X,Available
013002611X,Available
016000211X,Available
016000611X,Available
016510001X,Available
022100211X,Available
022100611X,Available
023002211X,Available
023002611X,Available
053000001X,Available
054000001X,Available
062000211X,Available
062000721X,Available
066005211X,Available
067006211X,Available
067006611X,Available
012100611X,Available
013002611X,Available
016000611X,Available
016510001X,Available
022100611X,Available
023002611X,Available
053000001X,Available
054000001X,Available
002102161X,Available
002102201X,Available
011400001X,Available
014000201X,Available
018010001X,Available
024000201X,Available
024000951X,Available
062000721X,Available
062103111X,Available
062103121X,Available
067006291X,Available
067106721X,Available
090000201X,Available
090600081X,Available
090600091X,Available
012100291X,Available
012100611X,Available
013002291X,Available
013002611X,Available
016000291X,Available
016000611X,Available
016000711X,Available
022100291X,Available
022100611X,Available
023002291X,Available
023002611X,Available
046077771X,Available
053000001X,Available
054000001X,Available
062000291X,Available
062000611X,Available
062000721X,Available
066005291X,Available
066005611X,Available
067006291X,Available
067006611X,Available
067106721X,Available
002102201X,Available
014000811X,Available
0601014111,Available
062103111X,Available
062103121X,Available
090600081X,Available
012100611X,Available
013002611X,Available
016000611X,Available
016510001X,Available
022100611X,Available
023002611X,Available
053000001X,Available
054000001X,Available
012100291X,Available
012100611X,Available
012100761X,Available
013002291X,Available
013002611X,Available
016000291X,Available
016000611X,Available
016000761X,Available
022100291X,Available
022100611X,Available
022100761X,Available
023002291X,Available
023002611X,Available
046077771X,Available
053000001X,Available
054000001X,Available
012100611X,Available
013002611X,Available
016000611X,Available
022100611X,Available
023002611X,Available
046077771X,Available
053000001X,Available
054000001X,Available
002102001X,Available
002102011X,Available
002102021X,Available
002102161X,Available
002102171X,Available
002102181X,Available
002102191X,Available
002102201X,Available
002102231X,Available
003103191X,Available
011400001X,Available
014000201X,Available
014000301X,Available
014000951X,Available
018010001X,Available
024000031X,Available
024000201X,Available
024000951X,Available
0601014111,Available
062000721X,Available
062103111X,Available
062103121X,Available
067006611X,Available
067106721X,Available
090000201X,Available
090000301X,Available
090600001X,Available
090600081X,Available
090600091X,Available
1000000000,Available
012100211X,Available
012100291X,Available
012100301X,Available
012100611X,Available
013002211X,Available
013002291X,Available
013002301X,Available
013002611X,Available
016000211X,Available
016000291X,Available
016000301X,Available
016000611X,Available
016000711X,Available
022100211X,Available
022100291X,Available
022100301X,Available
022100611X,Available
023002211X,Available
023002291X,Available
023002301X,Available
023002611X,Available
046077771X,Available
053000001X,Available
054000001X,Available
062000211X,Available
062000291X,Available
062000301X,Available
062000611X,Available
062000721X,Available
066005291X,Available
066005301X,Available
066005611X,Available
067006211X,Available
067006291X,Available
067006301X,Available
067006611X,Available
067106721X,Available
072000291X,Available
072000301X,Available
072000611X,Available
0601014111,Available
012100291X,Available
012100611X,Available
013002291X,Available
016000291X,Available
016000611X,Available
022100291X,Available
022100611X,Available
023002291X,Available
062103111X,Available
062103121X,Available
062103111X,Available
062103121X,Available
001720031X,Available
001730051X,Available
002102002X,Available
002102004X,Available
002102011X,Available
002102012X,Available
002102014X,Available
002102022X,Available
002102023X,Available
002102024X,Available
002102183X,Available
002102191X,Available
002102193X,Available
002102232X,Available
002102233X,Available
002102234X,Available
002102241X,Available
002102242X,Available
002102243X,Available
011400001X,Available
014000201X,Available
014000211X,Available
014000951X,Available
018010001X,Available
024000201X,Available
024000211X,Available
024000951X,Available
036730051X,Available
037720031X,Available
038730051X,Available
039720031X,Available
0601014111,Available
062000721X,Available
062103111X,Available
062103121X,Available
067106721X,Available
067199721X,Available
072000721X,Available
090000201X,Available
090600001X,Available
090600081X,Available
090600091X,Available
1000000000,Available
012100291X,Available
013002291X,Available
016000291X,Available
016000711X,Available
016510001X,Available
022100291X,Available
023002291X,Available
046077771X,Available
053000001X,Available
054000001X,Available
062000291X,Available
062000721X,Available
066005291X,Available
067006291X,Available
067106721X,Available
072000291X,Available
072000721X,Available
016510001X,Available
016510001X,Available
012100291X,Available
013002291X,Available
016000291X,Available
022100291X,Available
023002291X,Available
046077771X,Available
053000001X,Available
054000001X,Available
067199721X,Available
012100291X,Available
013002291X,Available
016000291X,Available
022100291X,Available
023002291X,Available
046077771X,Available
067006291X,Available
002102242X,Available
002102244X,Available
011400001X,Available
014000201X,Available
016000711X,Available
018010001X,Available
024000201X,Available
090000201X,Available
090600081X,Available
090600091X,Available
012100291X,Available
013002291X,Available
016000291X,Available
016000711X,Available
022100291X,Available
023002291X,Available
046077771X,Available
053000001X,Available
054000001X,Available
062000291X,Available
066005291X,Available
067006291X,Available
072000291X,Available
062103111X,Available
062103121X,Available
062103111X,Available
062103121X,Available
062103111X,Available
062103121X,Available
001720031X,Available
001720051X,Available
001720161X,Available
001730031X,Available
001730051X,Available
001730161X,Available
002102001X,Available
002102002X,Available
002102003X,Available
002102004X,Available
002102011X,Available
002102012X,Available
002102013X,Available
002102014X,Available
002102021X,Available
002102154X,Available
002102174X,Available
002102181X,Available
002102201X,Available
002102233X,Available
002102241X,Available
002102242X,Available
002102243X,Available
002102244X,Available
003102174X,Available
003103191X,Available
011400001X,Available
012100211X,Available
012100611X,Available
013002211X,Available
013002611X,Available
014000201X,Available
014000211X,Available
014000301X,Available
014000311X,Available
014000701X,Available
014000711X,Available
014000731X,Available
014000801X,Available
014000811X,Available
014000951X,Available
018010001X,Available
018020001X,Available
018070001X,Available
022100211X,Available
022100611X,Available
023002211X,Available
023002611X,Available
024000201X,Available
024000211X,Available
024000311X,Available
024000701X,Available
024000711X,Available
024000731X,Available
024000801X,Available
024000811X,Available
024000951X,Available
036730031X,Available
036730051X,Available
036730161X,Available
037720031X,Available
037720051X,Available
037720161X,Available
038730031X,Available
038730051X,Available
039720031X,Available
039720051X,Available
039720161X,Available
060101411X,Available
0601014111,Available
0601021512,Available
062000211X,Available
062000291X,Available
062000721X,Available
062103111X,Available
062103121X,Available
067006171X,Available
067006211X,Available
067006291X,Available
067006611X,Available
067106721X,Available
067199721X,Available
072000721X,Available
090000201X,Available
090000301X,Available
090000701X,Available
090600001X,Available
090600011X,Available
090600081X,Available
090600091X,Available
0946999919,Available
1000000000,Available
012100211X,Available
012100611X,Available
012100751X,Available
016000211X,Available
016000611X,Available
016000711X,Available
016000751X,Available
016510001X,Available
022100211X,Available
022100611X,Available
022100751X,Available
046077771X,Available
053000001X,Available
054000001X,Available
062000721X,Available
066005611X,Available
066005751X,Available
067006211X,Available
067006611X,Available
067006751X,Available
067199721X,Available
012100611X,Available
016000611X,Available
016510001X,Available
022100611X,Available
012100611X,Available
013002611X,Available
016000611X,Available
022100611X,Available
023002611X,Available
053000001X,Available
054000001X,Available
062000611X,Available
066005611X,Available
067006611X,Available
012100611X,Available
012100751X,Available
016000611X,Available
016000751X,Available
022100611X,Available
022100751X,Available
012100171X,Available
012100211X,Available
012100611X,Available
013002171X,Available
013002211X,Available
013002611X,Available
016000171X,Available
016000211X,Available
016000611X,Available
016510001X,Available
022100171X,Available
022100211X,Available
022100611X,Available
023002171X,Available
023002211X,Available
023002611X,Available
053000001X,Available
054000001X,Available
062000721X,Available
016000711X,Available
046077771X,Available
012100171X,Available
012100211X,Available
012100741X,Available
013002171X,Available
013002211X,Available
016000171X,Available
016000211X,Available
016000711X,Available
016000741X,Available
016510001X,Available
022100171X,Available
022100211X,Available
022100741X,Available
023002171X,Available
023002211X,Available
046077771X,Available
062000721X,Available
067006171X,Available
067106721X,Available
012100211X,Available
012100291X,Available
012100611X,Available
013002211X,Available
013002291X,Available
013002611X,Available
016000211X,Available
016000291X,Available
016000611X,Available
016000711X,Available
016510001X,Available
022100211X,Available
022100291X,Available
022100611X,Available
023002211X,Available
023002291X,Available
023002611X,Available
046077771X,Available
053000001X,Available
054000001X,Available
062000211X,Available
062000291X,Available
062000611X,Available
062000721X,Available
066005211X,Available
066005291X,Available
066005611X,Available
067006211X,Available
067006291X,Available
067006611X,Available
072000211X,Available
072000291X,Available
012100211X,Available
012100611X,Available
013002211X,Available
013002611X,Available
016000211X,Available
016000611X,Available
016510001X,Available
022100211X,Available
022100611X,Available
023002211X,Available
023002611X,Available
053000001X,Available
054000001X,Available
062000721X,Available
067006211X,Available
067006611X,Available
001720031X,Available
001720041X,Available
001720161X,Available
001730031X,Available
016510001X,Available
036730031X,Available
037720031X,Available
037720161X,Available
038730031X,Available
038730161X,Available
039720031X,Available
039720161X,Available
001720051X,Available
001730051X,Available
016510001X,Available
036730051X,Available
037720051X,Available
038730051X,Available
039720051X,Available
074789731X,Available
012100291X,Available
013002291X,Available
016000291X,Available
016510001X,Available
022100291X,Available
023002291X,Available
053000001X,Available
054000001X,Available
066005291X,Available
072000291X,Available
012100211X,Available
012100291X,Available
012100611X,Available
012100741X,Available
012100751X,Available
013002211X,Available
013002291X,Available
013002611X,Available
014000731X,Available
016000211X,Available
016000291X,Available
016000611X,Available
016000711X,Available
016000741X,Available
016000751X,Available
016510001X,Available
022100211X,Available
022100291X,Available
022100611X,Available
022100741X,Available
022100751X,Available
023002211X,Available
023002291X,Available
023002611X,Available
024000731X,Available
046077771X,Available
053000001X,Available
054000001X,Available
062000211X,Available
062000291X,Available
062000611X,Available
062000721X,Available
066005211X,Available
066005291X,Available
066005611X,Available
066005741X,Available
067006211X,Available
067006291X,Available
067006611X,Available
067006741X,Available
067106721X,Available
067199721X,Available
072000211X,Available
072000291X,Available
072000611X,Available
072000721X,Available
013002211X,Available
062000721X,Available
012100211X,Available
012100611X,Available
013002211X,Available
013002611X,Available
016000211X,Available
016000611X,Available
016510001X,Available
022100211X,Available
022100611X,Available
023002211X,Available
023002611X,Available
053000001X,Available
054000001X,Available
067006211X,Available
012100171X,Available
012100611X,Available
012100751X,Available
013002171X,Available
016000171X,Available
016000611X,Available
016000711X,Available
016000751X,Available
016510001X,Available
022100171X,Available
022100611X,Available
022100751X,Available
046077771X,Available
062000171X,Available
062000721X,Available
066005171X,Available
066005611X,Available
066005751X,Available
067006171X,Available
067006751X,Available
067106721X,Available
067199721X,Available
013002211X,Available
062000721X,Available
002102201X,Available
014000811X,Available
024000811X,Available
0601014111,Available
062103111X,Available
062103121X,Available
090600081X,Available
012100611X,Available
013002611X,Available
016000611X,Available
022100611X,Available
023002611X,Available
053000001X,Available
054000001X,Available
067006611X,Available
012100611X,Available
016000611X,Available
022100611X,Available
053000001X,Available
054000001X,Available
012100211X,Available
013002211X,Available
016000211X,Available
022100211X,Available
023002211X,Available
053000001X,Available
054000001X,Available
0601014111,Available
062103111X,Available
062103121X,Available
012100191X,Available
016000191X,Available
016510001X,Available
022100191X,Available
062103111X,Available
062103121X,Available
062103111X,Available
062103121X,Available
011400001X,Available
0601014111,Available
062103111X,Available
062103121X,Available
012100211X,Available
012100611X,Available
016000211X,Available
016000611X,Available
016510001X,Available
022100211X,Available
022100611X,Available
012100211X,Available
016000211X,Available
016510001X,Available
022100211X,Available
053000001X,Available
054000001X,Available
062103111X,Available
062103121X,Available
062103111X,Available
062103121X,Available
062103111X,Available
062103121X,Available
011400001X,Available
014000951X,Available
024000811X,Available
024000951X,Available
0601014111,Available
062000721X,Available
062103111X,Available
062103121X,Available
090600001X,Available
016000711X,Available
046077771X,Available
012100301X,Available
012100611X,Available
013002301X,Available
013002611X,Available
016000301X,Available
016000611X,Available
016000711X,Available
022100301X,Available
022100611X,Available
023002301X,Available
023002611X,Available
046077771X,Available
053000001X,Available
054000001X,Available
067006301X,Available
012100611X,Available
016000611X,Available
022100611X,Available
012100291X,Available
013002291X,Available
016000291X,Available
016510001X,Available
022100291X,Available
023002291X,Available
062000721X,Available
062103111X,Available
062103121X,Available
002102154X,Available
011400001X,Available
014000201X,Available
014000951X,Available
018010001X,Available
024000201X,Available
024000951X,Available
0601014111,Available
062000721X,Available
062103111X,Available
062103121X,Available
067106721X,Available
086500001X,Available
090000201X,Available
090600081X,Available
090600091X,Available
1000000000,Available
016000711X,Available
046077771X,Available
012100611X,Available
013002611X,Available
016000611X,Available
022100611X,Available
023002611X,Available
046077771X,Available
012100611X,Available
013002611X,Available
016000611X,Available
016000711X,Available
016510001X,Available
022100611X,Available
023002611X,Available
046077771X,Available
053000001X,Available
054000001X,Available
062000611X,Available
062000721X,Available
066005611X,Available
067006611X,Available
067106721X,Available
072000611X,Available
012100291X,Available
012100611X,Available
013002611X,Available
016000291X,Available
016000611X,Available
022100291X,Available
022100611X,Available
023002611X,Available
062103111X,Available
062103121X,Available
062103111X,Available
062103121X,Available
062103111X,Available
062103121X,Available
001720041X,Available
002102201X,Available
014000201X,Available
014000211X,Available
018010001X,Available
024000201X,Available
024000211X,Available
037720041X,Available
039720041X,Available
0601014111,Available
062000721X,Available
062103111X,Available
062103121X,Available
090000201X,Available
012100291X,Available
012100611X,Available
013002291X,Available
013002611X,Available
016000291X,Available
016000611X,Available
022100291X,Available
022100611X,Available
023002291X,Available
023002611X,Available
046077771X,Available
053000001X,Available
054000001X,Available
062000291X,Available
062000611X,Available
062000721X,Available
066005291X,Available
067006291X,Available
067006611X,Available
016510001X,Available
002102201X,Available
002102241X,Available
011400001X,Available
014000201X,Available
014000211X,Available
018010001X,Available
023002291X,Available
024000201X,Available
024000211X,Available
0601014111,Available
062000721X,Available
062103111X,Available
062103121X,Available
090000201X,Available
090600001X,Available
090600081X,Available
062000721X,Available
012100291X,Available
012100611X,Available
013002291X,Available
013002611X,Available
016000291X,Available
016000611X,Available
022100291X,Available
022100611X,Available
023002291X,Available
023002611X,Available
046077771X,Available
053000001X,Available
054000001X,Available
062000291X,Available
062000611X,Available
062000721X,Available
067006291X,Available
067006611X,Available
072000291X,Available
072000611X,Available
012100291X,Available
012100611X,Available
013002291X,Available
013002611X,Available
016000291X,Available
016000611X,Available
016510001X,Available
022100291X,Available
022100611X,Available
023002291X,Available
023002611X,Available
046077771X,Available
053000001X,Available
054000001X,Available
062000291X,Available
062000721X,Available
067006291X,Available
067006611X,Available
072000291X,Available
0601014111,Available
062103111X,Available
062103121X,Available
012100191X,Available
016000191X,Available
022100191X,Available
053000001X,Available
054000001X,Available
012100291X,Available
012100611X,Available
016000291X,Available
016000611X,Available
022100291X,Available
022100611X,Available
062103111X,Available
062103121X,Available
002102243X,Available
011400001X,Available
014000201X,Available
018010001X,Available
062000721X,Available
072000721X,Available
090000201X,Available
090600081X,Available
090600091X,Available
012100291X,Available
013002291X,Available
016000291X,Available
016000711X,Available
022100291X,Available
023002291X,Available
046077771X,Available
053000001X,Available
054000001X,Available
062000291X,Available
062000721X,Available
066005291X,Available
067006291X,Available
072000291X,Available
072000721X,Available
002102023X,Available
011400001X,Available
014000201X,Available
014000211X,Available
018010001X,Available
024000201X,Available
024000211X,Available
0601014111,Available
062000291X,Available
062000721X,Available
062103111X,Available
062103121X,Available
090000201X,Available
090600081X,Available
012100291X,Available
012100611X,Available
013002291X,Available
013002611X,Available
016000291X,Available
016000611X,Available
022100291X,Available
022100611X,Available
023002291X,Available
023002611X,Available
046077771X,Available
053000001X,Available
054000001X,Available
062000291X,Available
062000721X,Available
066005291X,Available
066005611X,Available
067006611X,Available
002102201X,Available
014000731X,Available
014000811X,Available
0601014111,Available
062103111X,Available
062103121X,Available
090600081X,Available
012100611X,Available
013002611X,Available
014000731X,Available
016000611X,Available
016510001X,Available
022100611X,Available
023002611X,Available
001730051X,Available
018010001X,Available
023002611X,Available
024000211X,Available
036730051X,Available
038730051X,Available
0601014111,Available
062000721X,Available
062103111X,Available
062103121X,Available
090000201X,Available
090600081X,Available
012100211X,Available
012100611X,Available
013002211X,Available
013002611X,Available
016000211X,Available
016000611X,Available
016510001X,Available
022100211X,Available
022100611X,Available
023002211X,Available
023002611X,Available
053000001X,Available
054000001X,Available
062000611X,Available
062000721X,Available
066005211X,Available
066005611X,Available
067006211X,Available
067006611X,Available
072000211X,Available
072000611X,Available
023002611X,Available
062000721X,Available
062103111X,Available
062103121X,Available
012100611X,Available
013002611X,Available
016000611X,Available
022100611X,Available
023002611X,Available
046077771X,Available
053000001X,Available
054000001X,Available
046077771X,Available
053000001X,Available
054000001X,Available
062000721X,Available
062103111X,Available
012100611X,Available
013002611X,Available
016000611X,Available
022100611X,Available
023002611X,Available
046077771X,Available
053000001X,Available
054000001X,Available
062000721X,Available
062103111X,Available
067006611X,Available
001730051X,Available
002102174X,Available
002102181X,Available
002102182X,Available
002102191X,Available
002102201X,Available
011400001X,Available
014000201X,Available
014000211X,Available
018010001X,Available
024000201X,Available
024000211X,Available
024000951X,Available
036730051X,Available
038730051X,Available
0601014111,Available
062000721X,Available
062103111X,Available
062103121X,Available
067106721X,Available
090000201X,Available
090600081X,Available
090600091X,Available
012100291X,Available
013002291X,Available
016000291X,Available
016000711X,Available
022100291X,Available
023002291X,Available
046077771X,Available
053000001X,Available
054000001X,Available
062000291X,Available
062000721X,Available
066005291X,Available
067006291X,Available
067106721X,Available
072000291X,Available
016510001X,Available
062103111X,Available
062103121X,Available
1000MOA2,Available
1000MOA3,Available
10000INT,Available
10000MMF,Available
10000000,Available
10000001,Available
10000002,Available
10000003,Available
10000004,Available
10000005,Available
10000008,Available
11000ABF,Available
11000ABI,Available
11000ABP,Available
11000ABV,Available
11000CDX,Available
11000CMF,Available
11000CMI,Available
11000CMO,Available
11000CMP,Available
11000CMV,Available
11000CMZ,Available
11000COV,Available
11000CPF,Available
11000CPI,Available
11000CPO,Available
11000CPV,Available
11000CPZ,Available
11000CRF,Available
11000GNF,Available
11000GNV,Available
11000MBF,Available
11000MBS,Available
11000MBV,Available
11000PCL,Available
11000PFD,Available
11000PVE,Available
11000TBA,Available
11000TBF,Available
11000TBG,Available
11000TBL,Available
11000TRS,Available
11000WIS,Available
12000ABF,Available
12000ABI,Available
12000ABP,Available
12000ABV,Available
12000CDX,Available
12000CMF,Available
12000CMI,Available
12000CMV,Available
12000CMZ,Available
12000COV,Available
12000CPF,Available
12000CPI,Available
12000CPV,Available
12000CPZ,Available
12000CRF,Available
12000GNF,Available
12000GNV,Available
12000MBF,Available
12000MBS,Available
12000MBV,Available
12000PCL,Available
12000PFD,Available
12000PVE,Available
12000TBA,Available
12000TBF,Available
12000TBG,Available
12000TBL,Available
12000TRS,Available
12000WIS,Available
130000RV,Available
140000RV,Available
15000ABF,Available
15000ABI,Available
15000ABP,Available
15000ABV,Available
15000CDX,Available
15000CMF,Available
15000CMI,Available
15000CMO,Available
15000CMP,Available
15000CMV,Available
15000CMZ,Available
15000COV,Available
15000CPF,Available
15000CPI,Available
15000CPO,Available
15000CPV,Available
15000CPZ,Available
15000CRF,Available
15000GNF,Available
15000GNV,Available
15000MBF,Available
15000MBS,Available
15000MBV,Available
15000PCL,Available
15000PFD,Available
15000PVE,Available
15000TBA,Available
15000TBF,Available
15000TBG,Available
15000TBL,Available
15000TRS,Available
15000WIS,Available
16TBFAIL,Available
1600FAIL,Available
16000000,Available
16020000,Available
170000RV,Available
17000000,Available
18000PRE,Available
18000TBA,Available
18000000,Available
18010000,Available
18020000,Available
18030000,Available
18040000,Available
18060000,Available
19010000,Available
19020000,Available
19060000,Available
19070000,Available
19080000,Available
21000ABF,Available
21000ABI,Available
21000ABP,Available
21000ABV,Available
21000CDX,Available
21000CMF,Available
21000CMI,Available
21000CMO,Available
21000CMP,Available
21000CMV,Available
21000CMZ,Available
21000COV,Available
21000CPF,Available
21000CPI,Available
21000CPO,Available
21000CPV,Available
21000CPZ,Available
21000CRF,Available
21000GNF,Available
21000GNV,Available
21000MBF,Available
21000MBS,Available
21000MBV,Available
21000PCL,Available
21000PFD,Available
21000PVE,Available
21000TBA,Available
21000TBF,Available
21000TBG,Available
21000TBL,Available
21000TRS,Available
21000WIS,Available
22000ABF,Available
22000ABI,Available
22000ABP,Available
22000ABV,Available
22000CDX,Available
22000CMF,Available
22000CMI,Available
22000CMV,Available
22000CMZ,Available
22000COV,Available
22000CPF,Available
22000CPI,Available
22000CPV,Available
22000CPZ,Available
22000CRF,Available
22000GNF,Available
22000GNV,Available
22000MBF,Available
22000MBS,Available
22000MBV,Available
22000PCL,Available
22000PFD,Available
22000PVE,Available
22000TBA,Available
22000TBF,Available
22000TBG,Available
22000TBL,Available
22000TRS,Available
22000WIS,Available
230000RP,Available
240000RP,Available
27000PCL,Available
270000RP,Available
27000000,Available
28060000,Available
30000RET,Available
35000RET,Available
42000ABF,Available
42000ABI,Available
42000ABP,Available
42000ABV,Available
42000CDX,Available
42000CMF,Available
42000CMI,Available
42000CMV,Available
42000CMZ,Available
42000COV,Available
42000CPF,Available
42000CPI,Available
42000CPV,Available
42000CPZ,Available
42000CRF,Available
42000GNF,Available
42000GNV,Available
42000MAN,Available
42000MBF,Available
42000MBS,Available
42000MBV,Available
42000PCL,Available
42000PFD,Available
42000PVE,Available
42000TBA,Available
42000TBF,Available
42000TBG,Available
42000TBL,Available
42000TRS,Available
42000WIS,Available
43000ABF,Available
43000ABV,Available
43000CMF,Available
43000CMI,Available
43000CMO,Available
43000CMP,Available
43000CMV,Available
43000CMZ,Available
43000COV,Available
43000CPF,Available
43000CPI,Available
43000CPO,Available
43000CPV,Available
43000CPZ,Available
43000CRF,Available
43000EXT,Available
43000GNF,Available
43000GNV,Available
43000MBF,Available
43000MBS,Available
43000MBV,Available
43000MMF,Available
43000TBF,Available
43000TBG,Available
43000TBL,Available
43000TRS,Available
43000WIS,Available
440000RV,Available
52000ABF,Available
52000ABI,Available
52000ABP,Available
52000ABV,Available
52000CDX,Available
52000CMF,Available
52000CMI,Available
52000CMV,Available
52000CMZ,Available
52000COV,Available
52000CPF,Available
52000CPI,Available
52000CPV,Available
52000CPZ,Available
52000CRF,Available
52000GNF,Available
52000GNV,Available
52000MBF,Available
52000MBS,Available
52000MBV,Available
52000PCL,Available
52000PFD,Available
52000PVE,Available
52000TBA,Available
52000TBF,Available
52000TBG,Available
52000TBL,Available
52000TRS,Available
52000WIS,Available
53000ABF,Available
53000ABV,Available
53000CMF,Available
53000CMI,Available
53000CMO,Available
53000CMP,Available
53000CMV,Available
53000CMZ,Available
53000COV,Available
53000CPF,Available
53000CPI,Available
53000CPO,Available
53000CPV,Available
53000CPZ,Available
53000CRF,Available
53000GNF,Available
53000GNV,Available
53000MBF,Available
53000MBS,Available
53000MBV,Available
53000TBF,Available
53000TBG,Available
53000TBL,Available
53000TRS,Available
53000WIS,Available
54000FIN,Available
540000RP,Available
55000000,Available
56000000,Available
56000001,Available
61000ABF,Available
61000ABI,Available
61000ABP,Available
61000ABV,Available
61000CDX,Available
61000CMF,Available
61000CMI,Available
61000CMO,Available
61000CMP,Available
61000CMV,Available
61000CMZ,Available
61000COV,Available
61000CPF,Available
61000CPI,Available
61000CPO,Available
61000CPV,Available
61000CPZ,Available
61000CRF,Available
61000GNF,Available
61000GNV,Available
61000MBF,Available
61000MBS,Available
61000MBV,Available
61000PCL,Available
61000PFD,Available
61000PVE,Available
61000TBA,Available
61000TBF,Available
61000TBG,Available
61000TBL,Available
61000TRS,Available
61000WIS,Available
62000ABF,Available
62000ABI,Available
62000ABP,Available
62000ABV,Available
62000CDX,Available
62000CMF,Available
62000CMI,Available
62000CMO,Available
62000CMP,Available
62000CMV,Available
62000CMZ,Available
62000COV,Available
62000CPF,Available
62000CPI,Available
62000CPO,Available
62000CPV,Available
62000CPZ,Available
62000CRF,Available
62000GNF,Available
62000GNV,Available
62000MAN,Available
62000MBF,Available
62000MBS,Available
62000MBV,Available
62000PCL,Available
62000PFD,Available
62000PVE,Available
62000TBA,Available
62000TBF,Available
62000TBG,Available
62000TBL,Available
62000TRS,Available
62000WIS,Available
63000TBF,Available
63000TBG,Available
82000WIS,Available
82500WIS,Available
82600WIS,Available
82700WIS,Available
83000WIS,Available
83500WIS,Available
83600WIS,Available
83700WIS,Available
11000ABF,Available
11000ABV,Available
11000CRF,Available
11000PVE,Available
11000TRS,Available
12000ABF,Available
12000ABV,Available
12000TRS,Available
15000ABF,Available
15000ABV,Available
15000CRF,Available
15000PVE,Available
15000TRS,Available
21000ABF,Available
21000ABV,Available
21000CRF,Available
21000PVE,Available
21000TRS,Available
22000ABF,Available
22000ABV,Available
22000TRS,Available
42000ABF,Available
42000ABV,Available
42000MAN,Available
52000TRS,Available
61000ABF,Available
61000ABV,Available
61000PVE,Available
61000TRS,Available
62000ABF,Available
62000ABV,Available
62000PVE,Available
62000TRS,Available
74000DIV,Available
440000RV,Available
11000ABF,Available
11000CMF,Available
11000CMV,Available
11000MBF,Available
11000MBV,Available
11000TBL,Available
12000ABF,Available
12000CMF,Available
12000CMV,Available
12000MBF,Available
12000MBV,Available
15000ABF,Available
15000CMF,Available
15000CMV,Available
15000MBF,Available
15000MBV,Available
15000TBL,Available
21000ABF,Available
21000CMF,Available
21000CMV,Available
21000MBF,Available
21000MBV,Available
21000TBL,Available
22000ABF,Available
22000CMF,Available
22000CMV,Available
22000MBF,Available
22000MBV,Available
30000RET,Available
42000ABF,Available
42000CMF,Available
42000CMV,Available
42000MBF,Available
42000MBV,Available
43000ABF,Available
43000CMF,Available
43000CMV,Available
43000MBV,Available
43000TBL,Available
53000ABF,Available
53000CMF,Available
53000CMV,Available
53000MBF,Available
53000MBV,Available
62000ABF,Available
62000CMF,Available
62000CMV,Available
62000MBF,Available
62000MBV,Available
62000TBL,Available
440000RV,Available
11000ABF,Available
11000ABI,Available
11000ABV,Available
11000CMF,Available
11000CMI,Available
11000CMV,Available
11000COV,Available
11000CRF,Available
11000GNF,Available
11000MBF,Available
11000MBV,Available
11000PCL,Available
11000PVE,Available
11000TBA,Available
11000TBG,Available
11000TRS,Available
12000ABF,Available
12000ABI,Available
12000ABV,Available
12000CMF,Available
12000CMI,Available
12000CMV,Available
12000CRF,Available
12000MBF,Available
12000MBV,Available
12000PCL,Available
130000RV,Available
140000RV,Available
15000ABF,Available
15000ABI,Available
15000ABV,Available
15000CMF,Available
15000CMI,Available
15000CMV,Available
15000COV,Available
15000CRF,Available
15000GNF,Available
15000MBF,Available
15000MBV,Available
15000PCL,Available
15000PVE,Available
15000TBA,Available
15000TBG,Available
15000TRS,Available
21000ABF,Available
21000ABI,Available
21000ABV,Available
21000CMF,Available
21000CMI,Available
21000CMV,Available
21000COV,Available
21000CRF,Available
21000GNF,Available
21000MBF,Available
21000MBV,Available
21000PCL,Available
21000PVE,Available
21000TBA,Available
21000TBG,Available
21000TRS,Available
22000ABF,Available
22000ABI,Available
22000ABV,Available
22000CMF,Available
22000CMI,Available
22000CMV,Available
22000CRF,Available
22000MBF,Available
22000MBV,Available
22000PCL,Available
230000RP,Available
240000RP,Available
27000PCL,Available
42000ABF,Available
42000ABI,Available
42000ABV,Available
42000CMF,Available
42000CMI,Available
42000CMV,Available
42000CRF,Available
42000GNF,Available
42000MAN,Available
42000MBF,Available
42000PCL,Available
43000EXT,Available
440000RV,Available
52000ABV,Available
52000CMV,Available
52000MBF,Available
52000PCL,Available
54000FIN,Available
540000RP,Available
61000ABF,Available
61000ABI,Available
61000ABV,Available
61000CMF,Available
61000CMI,Available
61000CMV,Available
61000COV,Available
61000CRF,Available
61000GNF,Available
61000MBF,Available
61000PCL,Available
61000PVE,Available
61000TBA,Available
61000TBG,Available
61000TRS,Available
62000ABF,Available
62000ABI,Available
62000ABV,Available
62000CMF,Available
62000CMI,Available
62000CMV,Available
62000COV,Available
62000GNF,Available
62000MAN,Available
62000MBF,Available
62000PCL,Available
62000PVE,Available
74000DIV,Available
440000RV,Available
11000ABF,Available
11000ABV,Available
15000ABF,Available
15000ABV,Available
21000ABF,Available
21000ABV,Available
30000RET,Available
61000ABF,Available
61000ABV,Available
62000ABF,Available
62000ABV,Available
74000DIV,Available
11000COV,Available
11000CRF,Available
11000PVE,Available
15000CRF,Available
15000PVE,Available
21000CRF,Available
21000PVE,Available
61000COV,Available
61000CRF,Available
61000PVE,Available
62000PVE,Available
11000ABF,Available
11000ABV,Available
12000ABF,Available
15000ABF,Available
15000ABV,Available
21000ABF,Available
21000ABV,Available
42000ABF,Available
52000ABV,Available
61000ABF,Available
61000ABV,Available
62000ABF,Available
62000ABV,Available
11000ABF,Available
11000ABI,Available
11000CMF,Available
12000ABF,Available
15000ABF,Available
15000ABI,Available
15000CMF,Available
21000ABF,Available
21000ABI,Available
21000CMF,Available
42000ABF,Available
52000ABV,Available
61000ABF,Available
61000ABI,Available
61000CMF,Available
62000ABF,Available
10000INT,Available
43000MMF,Available
11000PVE,Available
15000PVE,Available
21000PVE,Available
61000PVE,Available
11000PVE,Available
15000PVE,Available
21000PVE,Available
61000PVE,Available
62000PVE,Available
1000JSCL,Available
10000JSC,Available
10000LRP,Available
100000CB,Available
10000000,Available
10000001,Available
10000002,Available
11000ABF,Available
11000ABV,Available
11000CDX,Available
11000CMF,Available
11000CMI,Available
11000CMO,Available
11000CMP,Available
11000CMV,Available
11000CMZ,Available
11000COD,Available
11000COV,Available
11000CPF,Available
11000CPI,Available
11000CPO,Available
11000CPV,Available
11000CPZ,Available
11000CRF,Available
11000GNF,Available
11000GNV,Available
11000MBF,Available
11000MBS,Available
11000MBV,Available
11000PVE,Available
11000TBF,Available
11000TBG,Available
11000TBL,Available
11000TRS,Available
11000WIS,Available
12000ABF,Available
12000ABV,Available
12000CDX,Available
12000CMF,Available
12000CMI,Available
12000CMV,Available
12000CMZ,Available
12000COD,Available
12000COV,Available
12000CPF,Available
12000CPI,Available
12000CPV,Available
12000CPZ,Available
12000CRF,Available
12000GNF,Available
12000GNV,Available
12000MBF,Available
12000MBS,Available
12000MBV,Available
12000PVE,Available
12000TBF,Available
12000TBG,Available
12000TBL,Available
12000TRS,Available
12000WIS,Available
130000RV,Available
140000RV,Available
15000ABF,Available
15000ABV,Available
15000CDX,Available
15000CMF,Available
15000CMI,Available
15000CMO,Available
15000CMP,Available
15000CMV,Available
15000CMZ,Available
15000COD,Available
15000COV,Available
15000CPF,Available
15000CPI,Available
15000CPO,Available
15000CPV,Available
15000CPZ,Available
15000CRF,Available
15000GNF,Available
15000GNV,Available
15000MBF,Available
15000MBS,Available
15000MBV,Available
15000PVE,Available
15000TBF,Available
15000TBG,Available
15000TBL,Available
15000TRS,Available
15000WIS,Available
16000000,Available
16020000,Available
170000RV,Available
17000000,Available
18000000,Available
18010000,Available
18020000,Available
18030000,Available
18040000,Available
18060000,Available
19010000,Available
19020000,Available
19060000,Available
19070000,Available
21000ABF,Available
21000ABV,Available
21000CDX,Available
21000CMF,Available
21000CMI,Available
21000CMO,Available
21000CMP,Available
21000CMV,Available
21000CMZ,Available
21000COD,Available
21000COV,Available
21000CPF,Available
21000CPI,Available
21000CPO,Available
21000CPV,Available
21000CPZ,Available
21000CRF,Available
21000GNF,Available
21000GNV,Available
21000MBF,Available
21000MBS,Available
21000MBV,Available
21000PVE,Available
21000TBF,Available
21000TBG,Available
21000TBL,Available
21000TRS,Available
21000WIS,Available
22000ABF,Available
22000ABV,Available
22000CDX,Available
22000CMF,Available
22000CMI,Available
22000CMV,Available
22000CMZ,Available
22000COD,Available
22000COV,Available
22000CPF,Available
22000CPI,Available
22000CPV,Available
22000CPZ,Available
22000CRF,Available
22000GNF,Available
22000GNV,Available
22000MBF,Available
22000MBS,Available
22000MBV,Available
22000PVE,Available
22000TBF,Available
22000TBG,Available
22000TBL,Available
22000TRS,Available
22000WIS,Available
230000RP,Available
240000RP,Available
270000RP,Available
27000000,Available
30000RET,Available
35000RET,Available
42000ABF,Available
42000ABV,Available
42000CDX,Available
42000CMF,Available
42000CMI,Available
42000CMV,Available
42000CMZ,Available
42000COD,Available
42000COV,Available
42000CPF,Available
42000CPI,Available
42000CPV,Available
42000CPZ,Available
42000CRF,Available
42000GNF,Available
42000GNV,Available
42000MBF,Available
42000MBS,Available
42000MBV,Available
42000PVE,Available
42000TBF,Available
42000TBG,Available
42000TBL,Available
42000TRS,Available
42000WIS,Available
43000CMF,Available
43000CMI,Available
43000CMO,Available
43000CMP,Available
43000CMV,Available
43000CMZ,Available
43000COD,Available
43000CPF,Available
43000CPI,Available
43000CPO,Available
43000CPV,Available
43000CPZ,Available
43000GNF,Available
43000GNV,Available
43000MBF,Available
43000MBS,Available
43000MBV,Available
43000TBF,Available
43000TBG,Available
43000TBL,Available
43000TRS,Available
43000WIS,Available
440000RV,Available
52000ABF,Available
52000ABV,Available
52000CDX,Available
52000CMF,Available
52000CMI,Available
52000CMV,Available
52000CMZ,Available
52000COD,Available
52000COV,Available
52000CPF,Available
52000CPI,Available
52000CPV,Available
52000CPZ,Available
52000CRF,Available
52000GNF,Available
52000GNV,Available
52000MBF,Available
52000MBS,Available
52000MBV,Available
52000PVE,Available
52000TBF,Available
52000TBG,Available
52000TBL,Available
52000TRS,Available
52000WIS,Available
53000CMF,Available
53000CMI,Available
53000CMO,Available
53000CMP,Available
53000CMV,Available
53000CMZ,Available
53000COD,Available
53000CPF,Available
53000CPI,Available
53000CPO,Available
53000CPV,Available
53000CPZ,Available
53000GNF,Available
53000GNV,Available
53000MBF,Available
53000MBS,Available
53000MBV,Available
53000TBF,Available
53000TBG,Available
53000TBL,Available
53000TRS,Available
53000WIS,Available
540000RP,Available
55000000,Available
56000000,Available
61000ABF,Available
61000ABV,Available
61000CDX,Available
61000CMF,Available
61000CMI,Available
61000CMO,Available
61000CMP,Available
61000CMV,Available
61000CMZ,Available
61000COD,Available
61000COV,Available
61000CPF,Available
61000CPI,Available
61000CPO,Available
61000CPV,Available
61000CPZ,Available
61000CRF,Available
61000GNF,Available
61000GNV,Available
61000MBF,Available
61000MBS,Available
61000MBV,Available
61000PVE,Available
61000TBF,Available
61000TBG,Available
61000TBL,Available
61000TRS,Available
61000WIS,Available
62000ABF,Available
62000ABV,Available
62000CDX,Available
62000CMF,Available
62000CMI,Available
62000CMO,Available
62000CMP,Available
62000CMV,Available
62000CMZ,Available
62000COD,Available
62000COV,Available
62000CPF,Available
62000CPI,Available
62000CPO,Available
62000CPV,Available
62000CPZ,Available
62000CRF,Available
62000GNF,Available
62000GNV,Available
62000MAN,Available
62000MBF,Available
62000MBS,Available
62000MBV,Available
62000PVE,Available
62000TBF,Available
62000TBG,Available
62000TBL,Available
62000TRS,Available
62000WIS,Available
63000TBF,Available
63000TBG,Available
82000WIS,Available
82500WIS,Available
82600WIS,Available
82700WIS,Available
83000WIS,Available
83500WIS,Available
83600WIS,Available
83700WIS,Available
11000PVE,Available
15000PVE,Available
21000PVE,Available
11000ABV,Available
11000CRF,Available
12000CRF,Available
130000RV,Available
140000RV,Available
15000ABV,Available
15000CRF,Available
21000ABV,Available
21000CRF,Available
22000ABV,Available
22000CRF,Available
230000RP,Available
240000RP,Available
42000ABV,Available
42000CRF,Available
440000RV,Available
540000RP,Available
61000CRF,Available
62000CRF,Available