account,externalReferenceId
38832157,CI0358FF3F76F542B49A
97730177,CI6B599A804F894FDFA4
97730402,CI43E561AB8A3A48E2A6
97730296,CI88F5F64DDC084BC39E
86100012,CIA948357111CB447595
97730076,CI112A3C98668E45D790
97730301,CIC9A4CFAC280C42049B
97730578,CI7283E0E6C66047C187
97717286,CI95B7F4523E644D07BC
97730179,CI29E503CD9A0C48E081
97730403,CI9AED2F3706C04E5E9C
86100013,CI58E7D631308844F098
97730078,CI9302244577F9480696
97730305,CIE3547AB2886C4D0C92
97730581,CI22F8F13C4E8C45C3A9
97736044,CI8806E8E3F13C476E88
97730185,CI687C896782614172A1
97730405,CI29788F62EF27484A8C
86100014,CI48F41A6DC0D94CAFA1
97730083,CI2B47291D41194DD6B2
97730308,CIA0991E5ED9814F82B5
97730582,CICD1B9C6A9F8E43288A
97610919,CI1691034EEAE8423499
97730187,CIC10558D965BC481B99
97730406,CI733E7FB7726A49E2A3
86100015,CI78FFDC19CA8F4CC9A0
97730087,CI100CAC989D084546BE
97730311,CI454630D6B6754A6C98
97730583,CI20B6583E6CE24DEB94
97728628,CI4EBB139671C24EEE87
97730193,CICD4104AE5FF5430E86
97730411,CI2B4BF605738F464BA5
86100016,CIBA253F6AF0DE473BB4
97730088,CIE12710E52FD041B5A2
97730314,CI607853E1AD2F4C9EAB
97730584,CI37DB0D546A854CCC85
97728628,CI553D79D26F924D93A9
97730200,CI075D8F795EF54014A6
97730412,CI2D98A2D3A0204BFAB0
86100018,CIDAC7CCFF3E374815B1
97730091,CID243A4C11D2E4E2CA6
97730315,CI66B0F47EDB3F4DB184
97730590,CID0A964FF473548D984
97728637,CIBD87E46E295447C0BE
97730222,CIB5BC844C1C7F425582
97730415,CI495D583C1F59457C9B
86100018,CIF88FF5415843463384
97730101,CI54F68C13285B4F2C99
97730316,CI0671E0DB06CA45279D
97730595,CI6FFAC150F7E44B20AD
97728637,CIBE58C1E15CD54CF9B1
97730224,CI5D04EBEEDDD54ECF94
97730416,CI711B0E8E05EB4C8989
97730105,CI539D8F5C779146AE85
86100019,CI8F60C24417B04833AE
97730321,CIF9C5844F48494100BA
97730602,CI28ADFD8532574C888F
97728627,CIC897B42D9201412ABD
97730226,CIC023EE850BC7421D89
97730420,CIACDF2108F4C64A50B0
86100020,CI7CE441A772B84805A9
97730106,CICC491CBB647244B388
97730323,CI575C7C96EA7948C79C
97730605,CI45BFAEAE37F74D8B89
97740936,CI35EF03F0E4994AC2AF
97730228,CIAC84CFBFF40647C49B
97730437,CI658E7BABC0DC40C8A9
86100021,CI20BE2B495D4F47A183
97730107,CI24B6171AEE564C4C85
97730324,CI3370BC4BD0E04A499E
97730606,CI28FE787C153C4564BA
97729179,CI717A532641F449A58B
97730233,CI4D949650257C4F7498
97730445,CI8602344C073547ABA2
86100022,CIEA9A59BF281A48549B
97730326,CI7FD3F14D5A0146FC9D
97730110,CI8B41D57B81B44ACBAD
97730234,CIE9F3BBAFC7234B9F89
97728634,CI6E4BA4A42F624E4F8E
97730451,CIA821643A05D54CA0BB
86100023,CIFC43A8CA060943FC99
97730111,CI410C86CEB73E417E90
97730331,CIB88127D81CD940709D
97730607,CI902B6E9819514336A3
97730608,CI7661643D0F9B41FA88
97728638,CIFC7E353D8EFF47CC86
97730238,CIBC7260CAD06047E6BE
97730452,CI62742803E583484A91
86100024,CIB564484500BB47EF94
97730112,CI1B7D9EBFD8D643889E
97730335,CID2D20ED264164C088D
97730615,CIF079B7503A9947DE8F
97728629,CI815DEBC78217453BAF
97730238,CI7E1C0FC13A7F4C02B3
97730460,CIFF94C6106CDB4B6099
86100025,CI056A5B5AF2A24606BC
97730114,CIF695974C8E7D404F89
97730336,CI745E086B2B774F9D8C
97730616,CI3B410835986B4208AE
97730002,CIC793D794973C43A696
97730243,CI679A25356A7A4A65A1
97730461,CI75204B16C68343FB99
86100026,CI34802C439F6A4016B0
97730337,CIF4FAB8663DC849EFB9
97730619,CI37431E8E151E470383
97730005,CIE1A202CD95154E3EAC
97730246,CIF87DA0111F454CE39A
97730462,CI56E281DDBAF64E0390
86100027,CIAFE03B52724A4C4F91
97730124,CI90ADED0D5BF5406C9B
97730339,CI3B1C6F3E45794087B3
97730125,CI9687DFA7A2F9439EB7
97730667,CI5129EA8650204E0FA1
97730022,CI123131CF3F9A4123AA
97730463,CI1D3C8EF9B55044BBA0
97730251,CI97AD5298D67A477491
86100028,CI003FC9FBE316499DB8
97730126,CI39213A310214473BB6
97730342,CIC953C6FD2F834C279F
97730668,CI542FF854B30A4601B4
97730030,CI7C110FC0DD97446280
97730266,CIB95E21BF93804E6E91
97730466,CI3DDCE86977914C9F81
86100029,CIE9E72E2A7C7340ED96
97730343,CID2EDD85BEE3B419492
97730127,CI94CCE94048074DCF9C
97730670,CI0876315E821A48C6A5
97730054,CIAB641792966947DEBA
97730268,CI6C156DCE95A14DEAB7
97730467,CIE0E826A5AA87499AB7
86100030,CIF88A28ECF4184AF7BA
97730344,CIF69DF6B2465E452095
86100001,CI5CE7B1F623CB4FAE8A
97730129,CI8205DFE1C68C428DA9
97730057,CIDD0DDC5968244D2495
97730271,CIE60FFC8E016044C3A2
97728629,CI20A29BFD2D0B4C8994
97730238,CI7EE9049B6D5B40D381
97730460,CI7F070515233F41EBA3
86100025,CIF2A8E343E3FA4DF88C
97730336,CI14799CCBB48D4DB0A5
97730616,CIBCD5E584D42041FB9E
97730002,CI00B929E5590A4FE0A7
97730243,CI32E2442C394646BB9F
97730461,CI4153ED9ECF8F4678A5
86100026,CI8A15D437F2654B8AAB
97730124,CIF53353B0DC5B4BAEA0
97730114,CI9ED7AE1D9D4C4F3EAA
97730337,CIA846A5BEFE0B456C99
97730619,CI32230A09135D44B687
97730005,CIB9F58778E01A4E5F9B
97730246,CI4DE1F14E7ED34B82A6
97730462,CIC0F25B56E503464CAB
86100027,CI84E424BE35FE4E6292
97730125,CI249BB97D095B43A497
97730339,CI3C39435A008C43DA95
97730667,CIC0D03F121BF64FD0A6
97730022,CIC4081443CE2140D8BD
97730251,CIFDE36EA5CFAB415FA3
97730463,CIA59C20A398494C66BC
97730126,CI52B4704A04784EAF91
86100028,CI671664C512E74F548A
97730342,CI8BA4465055474CAC9F
97730668,CI32EC32618EFA452BA5
97730030,CI3375C1AE2D83447083
97730266,CI4D5B2C3423754B2885
97730466,CI77B8084780034CD3A2
86100029,CI17AB875DAF0343E9BD
97730127,CIBCC9E74FB2AD4C6EB0
97730343,CI7023C3C7B729450EAC
97730670,CI4AB6F2871DFE4B0F9A
97730054,CI330893E101614104BF
97730268,CI8658D7EBECE24B1AB3
97730467,CI289B437A32B9427FB0
86100030,CI9527737C7DEF432AA4
97730129,CI019D2ED42776419E83
97730344,CIA7F882321E864B439A
86100001,CIA2AE82823E1A49379D
97730057,CI0B64B5333DDA4A1F8A
97730271,CIF152913A11794D038B
97730468,CI67DE61FCE3324BB796
86100031,CICF7966F2417B4619AD
97730143,CI79AA8FFC623F4A3197
97730345,CI590A6B604EED449380
86100002,CIE8F78FFF6298471DAF
97730058,CI64294AEB98A64CEFAE
97730274,CI2A56F1B0103B43C3B9
97730470,CI297D9D40C3474C43BA
86100032,CI4BDCA544739B457886
97730151,CI8CA496B4D76742B3AD
97730346,CI5F13DB282D7944039B
86100003,CID153F159E2694E25B2
97730059,CIFE9EC73C575041CEBD
97730277,CID18D8582A10248BEB9
97730475,CI16B93CCB90AB4C4C81
86100033,CIADC92B1EE4C14EE5A6
97730153,CIC53C98BC1DEE412B86
97730347,CIE99B103016C746CE95
86100004,CI298495A57AA04B109F
97730060,CI382FBF582F6D4300A1
97730283,CIC4A106A6089C4963B8
97730476,CI4A8CF5B166AF40E580
86100034,CI02D886FEE72E4A7F94
97730158,CICFC21D9D5EEA474284
97730348,CI9384DD3B1002489B94
86100005,CID352A9FF71444AF09E
97730062,CIC7F63F219AD14947AB
97730285,CID30EDBF69D7D4FC4B8
97730477,CIAC99B262A68140FFAE
86100035,CIE88F620A29F74ACABB
97730162,CI7419601AE15E48A2AC
97730350,CI2474D0FAA55840A893
86100006,CIB20B55961E114C7682
97730063,CI719680DF72414AB691
97730286,CI44CE2272026543C395
97730481,CIE4D3EFF892CA4D58B8
86100036,CI8C4486AC9BC0497C9C
97730353,CICDD980CAE3E9447FB0
86100007,CIFD9D374F913E466696
97730064,CIEC377C17F8E940A395
97730287,CI431ECD8143B54BE78E
97730167,CI940F05356DCC4CFCA4
97730482,CI5F1A4A6CFD494AC883
97662981,CIFDDA0CC12C224BE1BA
97730170,CID6360524DD6F429196
97730354,CI45B33107D18D45958C
86100008,CIB10BE76278084467B4
97730067,CIFBD591E89DD249BDA2
97730290,CI40C797D15AB44213A9
97730484,CIA7248AD8556B4D359E
97643309,CI52B6EFC448D1443589
97730172,CI1A314B8E8F824771A2
97730356,CI19A5F915074D450EAA
86100009,CI6CA46459FFE7495793
97730069,CI6739AD4C0CEA4BF4AC
97730294,CIDE2C887AA15C469FAB
97730487,CI2AE418ABFE0445C8BC
97732048,CI863358F4B6364901BF
97730174,CI234FD013C1B94E28B1
97730379,CI83215F8633D44B569D
86100010,CI57CD5484C0774EBDA4
97730071,CI4B619B97D79D4F91A0
97730295,CIA0F378D81CCC4A5AAD
97730488,CI48C66F2D3C2D40F681
97745795,CI0F267BC20BF24EC798
97730176,CIA50AFB4168564CF695
97730396,CID506CE430E3A4E3AB9
86100011,CI409A50AD8F8E406EB2
97730075,CI50F37EFB9AC644EAB1
97730296,CIF59A4068DD9E4174B0
97730570,CID627442E14F44EAFA6
38832157,CI054B6997DDBD42A8AD
97730177,CI46CE4FCA9D0943D0A0
97730402,CI09B6B859F579414C84
86100012,CI9EB24C56B5B3444599
97730076,CIAB2A72FF89684FE49A
97730301,CI91BE66790581415E87
97730578,CIF881464B28C740B6A5
97717286,CI36857CE2E5DC4F8AB4
97730179,CI733DE39A0DB043908F
97730403,CI8DA8585068864041A7
86100013,CI120983DC88CD4BEF98
97730078,CI6C91916AFF204C6096
97730305,CIC61EAEFF66094604AD
97730581,CI987FA490770E4318B4
97736044,CI16C230462C9B4A859A
97730185,CI001C0968E5A44297A5
97730405,CID4E5B2C871FB4439B0
86100014,CI7A6165288916423788
97730083,CI5DA5CC236FAB4D63AB
97730308,CI8FDF0465ED44475898
97730582,CI03BA7DA3651748D1B6
97730187,CIA50197427A8846C7A2
97730406,CIFA47AD6FB83F4C47A8
97610919,CI906EA76BB25246A5B5
86100015,CI1FF1C285BA1E42CC85
97730087,CI2C294A11281E402087
97730311,CICFEDCF9267AF4FCAAA
97730583,CIB1251E3D6A5C48AFA3
38825966,CI7835AFCF77034FBABD
97730193,CI49E00E9012F1489AB0
97730411,CI0C0D9687CA6C41EDA5
97730088,CI2E265BF2E7AD4844A8
86100016,CI59153DE8148B4D78AA
97730314,CI1A430AFC3EFC49189B
97730584,CIA6FB876C59E04C5981
97728628,CIC8CD2C2EA6B747E0A8
97730200,CIE66C6819C38B43018E
97730412,CI65AD3AF1CDB14DB4B3
86100017,CI59478EAA9A044B2B8A
97730091,CI2559A6C6B03E4CC099
97730315,CI833EA5299D1646469E
97730590,CI9A5429952E63466DA4
97728746,CIAD4CD488FA3B4F3281
97730222,CIEFFFF3A771FA4FB0A7
86100018,CIC86FC8D4F75E4BCB86
97730415,CI84BC68D9A203420786
97730316,CI01B93F21D06E4FFCAE
97730101,CI9193EF19618D4AF198
97730595,CI7E2597A4735F47ED93
97728637,CI253CE36BE3CA496180
97730224,CI1CDB934327A746A5A0
97730416,CI35602958C86543DBA7
86100019,CI0D37434765FF4EBA9A
97730105,CI578C3B0474C04F8C82
97730321,CIF7FB3681AC7847D7AB
97730602,CIC89A6598C1124DBF8E
97728627,CIFF8627FAE12843989B
97730226,CI3DC06270315B4202AA
86100020,CIA069606986F243C3B4
97730420,CI7CF4046FE6F6490DA2
97730106,CIFF50B2B68D474306BB
97730323,CIBD78AB34106341FC9F
97730605,CI9E70B0D805BC4D7280
97740936,CIDD72631593C44451AD
97730228,CI5499F8F2228B4AD1B2
97730437,CIDDB1142452EA4CD58D
86100021,CI03EE722ECD6E4178BF
97730107,CI7C21EBB41E4D4D93BD
97730606,CIB65163561EBF4505A7
97730324,CI7DA8EE107EB349F795
97729179,CI26F320E5CC55470496
97730233,CI377E4089D991473992
97730445,CI48712DCE7599462C94
86100022,CIF81BB2B5BE8042148B
97730110,CI4E2B33B9D3FA4E34B0
97730326,CI3204C960186749E8A7
97730607,CI062763E57B3F419BA7
97728634,CI85D28C76B1CD42248B
97730234,CI3DAB4C63A7C64E43A2
86100023,CI016ED484F4584E1BA5
97730451,CI99F4F66BF84A41BF90
97730331,CI34A9D2D8537346AAAC
97730608,CI0A8B418878B642D1AD
97730111,CI815754BBAB0C486F8E
97728638,CI522191C22FA645C682
97730235,CI3AB2CF36EB0749539C
97730452,CICF5D6CB7DD4C443B8C
86100024,CI7BBD1CA788BD4E92BD
97730112,CIFEE17D90063D4E5583
97730335,CI15FD31546A554DB693
97730615,CI4F8ECA45E7514F04AB
97728629,CI66983651BC61490C98
97730238,CI0DCFCFE82922492993
97730460,CI01BCABDAD96A45EB97
86100025,CI21D34B20963543E091
97730114,CIAD6F7D9E95E0400DB9
97730336,CI4625752BC1A94A46BE
97730616,CI0B84C1AFD41F43F1BD
97730002,CI3A6E416797F04C1081
97730243,CI9A58E32BD45947DB99
97730461,CI532910D356FE46D6BD
86100025,CIE54A50478FD843259D
97730124,CIA437B7C3FE8D4B1786
97730337,CIACD85DBE27184D7CAD
97730619,CI5ADEF40BB81F4813BF
97730005,CI571354338DAE4F55B5
97730246,CI36267A8F2A7A4AF18C
97730462,CI78AB9B96DFFE4A63B5
86100027,CIE596E7F7783A4AF39D
97730125,CID2C05369C99E41DB84
97730339,CI89F12072F97D4275BB
97730667,CI02597E9584F640BBA9
97730022,CI3B1F3A89134E45F29F
97730251,CIA32C34C82437423D8C
97730463,CID5ACC962D7284D4E9F
97730126,CI6031A99F55D34232B2
86100028,CI6693511E931948E5B4
97730342,CIB439298CAE104EB8B8
97730668,CIFB122D3984964E63AE
97730030,CI2AC75A7CFC1B41D79F
97730266,CI06C2A4FF3513429BB8
97730466,CIDE494E5BEACD4DA58F
86100029,CID30C9A5627654168BD
97730127,CI9E8A9F9350954FA1A5
97730343,CI5E480F743255458B99
97730670,CID316CA70A9C74C958C
97730054,CIFF05964B71124D4884
97730268,CI6ED502C8CDB3466B8F
97730467,CIA455FEA84C1D44AFB6
86100030,CIA49DA0A03CE24CCFB8
97730129,CIB6EB0B6E52C24E699D
97730344,CIC9329BF819C5406888
86100001,CIE7FF6D22099A45B8A6
97730057,CIE387310C073248E783
97730468,CI3F439D439D9D424CAE
86100031,CICCA7C87AD019454DB0
97730143,CI66420586652A435EB8
97730345,CI67379110927E42EAA0
86100002,CIAC225216D25341F4AF
97730274,CIED1D6092C3B544F68D
97730470,CI5C0CBD58505B4496A7
86100032,CIBB802A73C1B74D7A8D
97730058,CI8343966A20F7484784
97730151,CI23A8CCC5840A4EBCA6
97730346,CI1E5A34806464430FBB
86100003,CI591180593FB14DFC86
97730059,CI9A72EC4AB9984A5582
97730277,CI1192EB4747814D809A
97730271,CI99544E21B33D495D9D
97730475,CI9F03575351F74395AA
86100033,CIB5E50D13A7794879AA
97730153,CI6FF7B92B649A4821AF
97730347,CIE765C251096F4A0CBE
86100004,CIC4E16CE2B557403283
97730283,CI4288511443114EE896
97730476,CIB4728AB7EE764F469E
97730060,CI8E9347E28F464AACB7
86100034,CIA15A7F66485347DC80
97730348,CI16A1BE9395F84D4C90
86100005,CIE4ECD13A42CC48EE8C
97730477,CI5D13CDE94D5B4ED0BB
97730285,CI58B34549CC274EA2AD
97730062,CI79F2FF7AAC5347E99D
86100035,CID4AACED886184547A2
97730158,CI87E08161A022482E8E
97730162,CIE034020ACA2E4CAA95
97730350,CI07ED5504B88F40719B
86100006,CIF463C6449A914460A2
97730063,CI3C115DEB467C4F37AB
97730286,CID2F968594ACC4B028A
97730481,CID78761D42FCD47FAB7
86100036,CI358426B2F488425D83
97730167,CI81CFFEEF0E44414487
97730353,CID5B1FEB416F049F89E
86100007,CID657B53027F544C780
97730064,CIBCB836FDA1214836B3
97730287,CIAC87CE0B94424E5995
97730482,CIBB2664D0D5DD449B86
97662981,CIE479061BD5CC430486
97730170,CIAE88FFE29D2A4781B2
97730354,CI82FB2BB84535407BBC
86100008,CI6C9E72B038374B2AAC
97730067,CIE5052AF1F3EE480D9A
97730290,CI53ED7D8987A541EE99
97730484,CI3E1B0EB82D594AA282
97643309,CIEF16E7F82F06454AB8
97730172,CI66E67FB0F2E7437B9F
97730356,CIFE2859C475424E8EA3
86100009,CI0770CE03E8B440E39B
97730294,CI3C808A6A18244DA193
97730487,CIC2D54CA573D84BB18C
97732048,CI0B9C9572CC0143D286
97730174,CIBFEB87C9FD0240A181
97730379,CI49613ADAD63F444780
86100010,CIF8F3BAC8440E4EDDA8
97730071,CI1AD0C3E7FC2A4FD3B7
97730295,CI0371FD4A227B4D7895
97730488,CIE0FB2011B200413589
97745795,CIEB4734E533314C5091
97730176,CI65356541DC7644F1A6
97730396,CIAD537F662AF64C31A0
86100011,CI0545F2776BB44244A3
97730075,CIC393F24A2CE44C928D
97730296,CI871457D566F7409C81
97730570,CIF33AF568417843BDB5
38832157,CI8DC44C29A20B4B9880
97730177,CIB956C7FFDCF84B16B5
97730402,CIEEB4D4CBBECD4C9AA0
97730069,CI94501C44D3714C06AA
86100012,CID75B0CD3B1DE497E94
97730076,CIF5C5F08386084B36B1
97730301,CICAD83CA465F24FFE9E
97730578,CI41CEE5F47A7A41BDB0
97717286,CI2EBF460434E840A1B8
97730179,CI75C9AA65D5654A2F9A
97730403,CIBE32D5F351D649F796
86100013,CI48D2BD8D4CA34EABA2
97730078,CI879F2B0C204F41C991
97730308,CID7CD05D181AA4BB899
97730581,CIB4C12244343C4281B4
97736044,CI0E0294585E8347148B
97730185,CI9308B38024B04A66A0
86100014,CICBCA5B72F262485DA9
97730083,CI4763C8E270EC4FFE97
97730308,CIDE3F02690E02466681
97730582,CI5354C6A3EDDA4ADBAF
97610919,CIB760C6CE1F0449ACB3
97730187,CI3B6DA11D572E4DB995
97730406,CI0E6FC5959EF045D699
97730406,CI9FF9A516299740C38D
86100015,CI4A211F54FBC043CEAD
97730087,CIA3B19B53DA42490D82
97730311,CI34C2FF10B00C4940B0
97730583,CID9BE2EF4FDA0493185
38825966,CI502557F240CB47719C
97730193,CIF0B5041A9A3A489EBD
97730411,CIB145CF7B2085420088
86100016,CI81F1CEB9D40A439C9E
97730314,CI8B583FC8BC5A42E683
97730088,CI97A229E4BBC84600A9
97730584,CI5CCC256FF936404384
97728628,CI9DE9B5012D724FA6A6
97730200,CIE373DC4FF97A4B3A8C
97730412,CI6C3B9ED442B84BA29B
86100017,CIED16E27BDBB04AD19C
97730091,CI47C96C0F13FB46209E
97730315,CI4E9D080C0C574397AB
97730590,CIB2449F6D98B2463ABC
97730222,CIC00FB0630A344B6DAA
97728746,CI79530C43DBB14B34A2
97730415,CI1281E2969DDA4C05A6
86100018,CI6A57082B91EC44F6A2
97730101,CI469FE77A54A24EC7AB
97730316,CI2E9664ADEA1D4FA2B3
97730595,CI7A7B2A4488ED40589F
97728637,CID575D2656BB24028BD
97730224,CI176DB0D830F840CFB7
97730416,CIA781E3DEBB06400E8B
86100019,CIB97094D591EA4F69BE
97730105,CID9362E08BE7541D598
97730321,CI47DF0048CB4A4D84BF
97730602,CI5001002DEE0C47529F
97730226,CIBEEE7853F95F43DE9F
97730420,CI781E90835A594C21A6
97730106,CI2EE2FD609CCE4C6299
86100020,CI8D130322735241228C
97730323,CI1C9532D517394DBD90
97730605,CI2780C3FB131942FD9E
97730228,CIE42055D248C6429CB8
97730437,CICCABE0C17A854F888F
86100021,CIDE5E2E3DE41A4CD8BC
97730107,CI32830B29474F43F396
97730324,CIE4DC492AE5304A8A93
97730606,CI414716F9B853462693
97729179,CI7B9F7DCFBCE8498281
97730233,CI4CF86A8ACC87449F82
97730445,CIEA79339F41AF4276B4
86100022,CI2B9D8F872D434DCCA6
97730110,CI8AF000D4C07F4AA5A9
97730326,CIA727F1FBBBD04D11BB
97730607,CI0ADAAA3F0739437FB2
97728634,CIE09387B8342D4088AD
97730234,CI73FFFADF8DFE4CAEA9
97730451,CI234240B5C5994E2687
86100023,CI196D9901B4724441B6
97730111,CI2D4D5759FA04406284
97730331,CIBC9D79DA8DB74B4DB4
97730608,CI4F43F85FFB52449792
97728638,CI3409DFE6565D47A68D
97730452,CI8207DB8A6FB048BFA5
86100024,CIA9473CE53A2F4518BB
97730112,CIF0CFDDF4189245ACBF
97730335,CI69D911783BCE45FC8D
97740936,CI92FF321476D94A908D
97730615,CICB7E5A27025743AF91
97728629,CIF8C2F049AF1C429A94
97730238,CI65D355AF37AA4E3594
97730460,CI9C54C950676F45F08C
97728627,CI98CDD07EC8594A4BAC
86100025,CI6D52CD300891451C89
97730235,CI9964C55840FF4A268C
97730114,CI733CBCE648B9460FB6
97730336,CI320239D9AA88411F86
97730616,CI1FFE20420F894A888B
97730002,CI012099631E2B466D87
97730243,CI63FE9012411145E2BA
97730461,CIAF180FA5FE1B4E30B9
86100026,CIBF7325437D8742E296
97730124,CI4603CF39CE7641F393
97730337,CI4F8B362B515A4B0D94
97730619,CI0B0330448B8E43C18A
97730005,CID790694121394E7698
97730246,CI2150E090070C4672AB
97730462,CIEA8840EBA2834CEDA6
86100027,CI44C2B9CD8731423BA3
97730125,CIEB70D18D807840FD8A
97730339,CI42D438924D1B4CED84
97730022,CIC386A5173152418D86
97730667,CI6040EF8C9D154542B5
97730251,CI60BE321852834C0686
97730463,CI3FC6913D07944A46AC
86100028,CI0BCED3FD1D1C41BC89
97730126,CI55A990BEB9ED49CCA0
97730343,CIE437D505B8F443FFA9
97730668,CI0285798CE1454AAEAB
97730030,CI6C0CCBCC9DDE4E2BAD
97730266,CI6B6947B7B49248659E
97730466,CIF05FB116531D44888D
86100029,CI665454FA17FD4433B1
97730127,CI6DCBFB9A9D3C42638F
97730343,CID3ED3CBA8718409184
97730670,CIFF14E4304F5F460BA7
97730054,CIE59BF0BA8AED490298
97730268,CIC2C3F6D53658457F96
97730467,CIC8BEE369C25F4D8484
86100030,CI789950F360764066AE
97730129,CI80FCF16CE77C45DD84
97730344,CI6F86D2037D7F43DD92
86100001,CIBA632ED038184317B3
97730057,CIEBAC811A628846F19B
97730271,CIC88E95EE0B5B4811BA
97730468,CI2654A5D0095F4A06B1
86100031,CI2A34D0B0CE15483784
97730143,CIDE1945E069B04C3A8C
97730345,CI700A0170F939413EB2
86100002,CIDC426660E9164F7380
97730058,CI9A434D33454443449C
97730470,CI11B529B0B7224F2AB3
97730274,CI90BC662647F940079F
86100032,CIED71C4058EE54B1183
97730345,CI71EF3920CB954008BC
97730059,CI488B29CEBE994FBFA0
97730277,CIB9B927AACE2E41CB91
97730475,CIAE73E00B7B484733A6
97730151,CI81A2064C19994A1D9C
86100003,CI8191F34747B0474794
86100033,CI02763E4334674C2E9A
97730153,CI0C80CAF1D9EC4AE2A3
86100004,CI0B07BC0C5E1B44FBAA
97730347,CI867A3FFD1BB649A8A3
97730060,CIF4EE2613B3AB4B68AB
97730283,CI72246818229545B789
97730476,CI0BD13121E5164F40A3
86100034,CI2563A4EBF57B47769F
97730158,CIB341092C3156427C86
97730348,CI28C6A6F26932493589
86100005,CI86176E86F8FC4C1983
97730062,CIFC7796AF3D3A4485BD
97730285,CI2F1D7E97A4034F40B5
97730477,CI277CD4B23F154E8588
86100035,CI340E8C150DA244B18B
97730162,CIAB9E42D0A40B479588
97730350,CIF5692DB4401542EAB0
86100006,CI20113DA9D0C84BA2BD
97730063,CI296DD7386B804333B1
97730286,CI8565B16DEF6C4B93AE
97730481,CI3756AF082C4C47A08B
97730167,CI3E4587135CF343708F
86100036,CI78432A5833104EBBBB
97730353,CIE08FA7E70D25447FBF
86100007,CI18B4D01A2DAD41B385
97730064,CIC11F42A3D97F45B0AE
97730482,CI508374927A8A43A29B
97662981,CIE45CA4CF6BE447BFBF
97730170,CIAABF99200F9D47C38E
97730354,CIA3F137AF7F0042CE9B
97730067,CI6F3A29A47C5D447593
97730290,CI4C5AB60CD6604E96AF
97643309,CICBC9675C821B4BFCAD
97730172,CICE85828AFAD04E6EB0
97730356,CI15676E0059EF4C4B94
86100009,CICC5CA5F3E2A34B82A2
97730069,CI596F2FC444EA4E20AC
97730294,CIA106F0A3DFD147C380
97730487,CI40C0968A0B53422A9D
97732048,CI0204ACECAE5A493184
97730174,CI37C45EA7CAA04E59BB
97730379,CI5866A6E002794E27BF
86100010,CI78B91E209657482F9E
97730071,CI8EBEAF00833F4CC697
97730484,CI80E914528F4D41289D
97730295,CIA5E8FDF8D5F94EBDAB
97730488,CI5B9BF72D4E8840E4A6
97745795,CIAD439B6DC6894230BD
97730176,CI5C3BD104DFDB433493
97730396,CI08C3D833A0D043A59D
86100011,CI8EEF4AB52D3D47AC89
97730075,CID3005406A2C04E2BA8
86100008,CI9BA602EAC3CD42B9BC
97730296,CID71DBF06E9394064B8
97730570,CIF3684805E40249FFA2
38832157,CIAF720087212E4061A3
97730177,CI0426122A55AC41E7AB
97730402,CI31CDD72F7F37492C86
86100012,CIBA07D304EC7D4F0F9A
97730076,CI4CCA61C49D1D4B6DA8
97730301,CI2A16D7220E8F4A9D94
97730578,CIA81B7B394705479F8A
97717286,CI155A0261693A4AFDB9
97730179,CI27BD0A43C3EC424891
97730403,CI7E576ED7C4004392A7
86100013,CI0FB5483305E0455F81
97730287,CI91CB6372A3984B4290
97730078,CI3C01FAA832C54ECBB3
97730305,CIAC7011707E074C7BBC
97730581,CIE2B48E7056DC434C9A
97736044,CIF7C886F40BE64E3FB6
97730185,CI75D2BDF21186414BAE
97730405,CIE114563CE5C84C6F95
86100014,CIE44A3A6B29F24B1185
97730083,CI7EDD6738EA3E4532B1
97730308,CI9C2CB6372B394B84B4
97730582,CI4011529155C844B9AA
97610919,CI22FEA404C5B6467080
97730187,CI68BEC20F456B4AA995
97730406,CI0BD8EFD6F4F8402C8C
86100015,CIB556043499484FE78F
97730087,CI69BA9957F8CB4AD58B
97730311,CI218B7BCAAA9D4A1084
97730583,CI1B01FBD5861D40CBA9
38825966,CIDB026DEE06CC49A1AE
97730411,CI170427A3D83D49DA9B
97730193,CI6456AB1B121842E8A3
86100016,CI7F24A84B369D45F3A7
97730088,CI39FE2EBA12734FB185
97730314,CIB3A088E384944FFE87
97730584,CID19CA5E7720B439895
97728628,CI6F3161BB2A104B5FBD
97730200,CI2B7793EF7F774EE7B6
97730412,CI08099596347A46E6AF
86100017,CIBBABC17A22BD4D91AE
97730091,CIA86D75A229794A4BB3
97730315,CIE252238960074AA1A2
97730590,CI5707EF4ED2884ED4B6
97728746,CIA5D620996E354C6A94
97730222,CI734D3E2B98F34C6798
86100018,CI74AC7ED0C14F4D0EB1
97730101,CI0F87F3B490954764B4
97730595,CI7531B4F605534E588F
97730316,CI889674CE7C174154B1
97728637,CIA1C8B03729FB4D77AB
97730415,CI9133A58BA8944DDCB7
97730224,CI82C3ECB80F4C48F0AC
97730416,CIBFEEA84955C34B17B8
86100019,CIA6F482DAB09140918C
97730105,CI5DF81177302649EA83
97730321,CI4EE41D6CF9B74ECBBC
97730602,CI529DBA8E0A3242B19A
97728627,CIB784477B86D14E9FA8
97730226,CI3724B7D221314E2FA3
97730420,CI0544C3B7F0154B0CAF
86100020,CI649D4996BFDF4AC286
97730106,CIDED21003993140978B
97730605,CI6EEDA29D187D4EC185
97730323,CI750A7B44B98748B487
97740936,CI23907ADA96074B5AB9
97730228,CI65ABFEFDA31441A5BF
97730437,CIF657B1F1871841A682
86100021,CI18C865C9F14C4F46AF
97730107,CIE6ADA0119D8F4916AC
97730324,CIA6BAECD9BB58457EAB
97729179,CICA4573408242444DB6
97730233,CIF7D85190784C4F2B8B
97730606,CI9BFAC2682E5E49EE8E
97730445,CI926C2354ACF244B781
86100022,CI4BBB9485D6C741E8A4
97730110,CI15F0B3C39239400F9E
97730326,CI1C45FC7F276D45B8AA
97730607,CI440AC14AEE8F4AA198
97728634,CI3C82ECAE0FCF4BD795
97730234,CIE79FE122B71E4491AA
97730451,CI3C57C495C2344E0CB3
86100023,CIF93F8FABCEE442B48C
97730111,CI9DFDE487B201488086
97730331,CI504A6C5BDD48441BA8
97730608,CIF177438905DA40F2B1
97728638,CI0C6070D6881241BCB0
97730235,CI4199E164D2124A5296
97730452,CID0BCA4DD2485488083
86100024,CICF0CAF97B931443792
97730112,CI2592136BBAB54CB387
97730335,CI0B8505B9D8E44E7D83
97730615,CI014C4BD83DA54C8D9F
97728629,CIC0360704D8244C0CB2
97730238,CI37472A97F6B54DA78F
97730460,CIAD65A6855A204B1784
86100025,CIBB1BB3E98E9D45B5B9
97730114,CIC02F5507B06240779B
97730616,CIE7D237B3BC5747F183
97730336,CI61F45E4C819B4B7BB5
97730002,CI58208494BEDE4E0790
97730243,CIAA828761D7584816BA
86100026,CI442B0B2C4F4C41D693
97730461,CI75FE0DD95E8C4622BD
97730124,CI62F725D9F5EC49B4A8
97730337,CI07E540CCB93D4112A0
97730619,CIB72448B4E4D74F41BF
97730005,CIA24AD72444A54C39BD
97730246,CI12FD07795F1B417DAA
97730462,CI4AADD431FC66452A89
86100027,CIDBCC838A131C4181BB
97730125,CIC5B785F7B5BD4BD08E
97730339,CI142B7B55D2734B47AC
97730667,CIDFC1F276557D4B888A
97730022,CI7515509E18164BD489
97730251,CIBEBCF77D0749487AAB
97730463,CI5A04D2FB9F24476F8D
86100028,CI3F0FBB4073434F61A2
97730126,CI37A5CFBCC3574B3A8E
97730342,CIDCE36336C1D14D04A3
97730668,CI7CE3F90075CF4B93B7
97730030,CIE6D7D9F5FCF04B4C81
97730251,CI76CE40A3841A4C75BF
97730466,CI0CAA9559B0A442FE80
86100029,CIEA35D636BF894F189F
97730127,CIA542B3942CBD48599B
97730343,CIB9C9E8282BDA4942A3
97730670,CICCCBDE44B8604C0E8A
97730054,CIAB25C95853D44D3C9F
97730268,CI0B905BB9321B45869E
97730467,CIA5400746E24F4F22A8
86100030,CI019EC48332384C9882
97730129,CI4F3CACD97BA84B42BF
97730344,CI406D939FF00A4A81A5
86100001,CI83C51AF8914F42FDA5
97730057,CIA5FE60C7D86C4340B4
97730271,CI651672937935460F8D
97730468,CI1AE905D00EDE453E8C
86100031,CID466B409C10A42E7A4
97730143,CI1045DAA2CE6F49ADAA
97730345,CIB893A54B23144705A4
86100002,CIDA89FB27E19645D48B
97730058,CI222573E377FF4128A6
97730274,CIB5B140A6FD84457B8E
97730470,CI88CFDFC3F6404586A4
86100032,CI517CA9FD93BF45AAA2
97730151,CI514CB125700D41C5A2
97730346,CI2F9B9AE5D8A74F1198
86100003,CIFB2A375EE70548AAB4
97730059,CI792602C60F5F4A58B6
97730277,CI44C763BEDAED4A8D8A
97730475,CI663540917679447DAB
86100033,CI5B989AC826994D5EA6
97730153,CI71D6B77CB86947788D
97730347,CI1184ACDBEEE84B07A9
86100004,CI45291C2A5F114FBCA0
97730060,CIA4F52BE5398148D98B
97730283,CI0D101BB090C545F6B3
97730476,CI18096C301B814CC7AD
86100034,CIE94BE1B12C004077BF
97730158,CI35F418ECE440465195
97730348,CI3E2C3B07F4804E16B6
86100005,CI2ACEFC9451C24674A2
97730062,CID52A4C9FDE594CCAAD
97730285,CI4FED34363B634B95B3
97730477,CI54941EBA1748408495
86100035,CIC2C9A8B3D88242EFAE
97730162,CI6430C3D5D4F040BCA7
97730350,CIE6476916EA5A4FE1B9
86100006,CICEC87D790721403DBF
97730063,CIF7EDBF40256047FF9B
97730286,CIAEB550CDDFAA45E89C
97730481,CI8A719A1EA9334DF38A
86100036,CICEEA6F8EE4444D1B87
97730167,CIAC5A8D97F1634E6C81
97730353,CI7AD6DBB67A6749B881
86100007,CIBD90F024E31E4181BC
97730064,CIF840519D971D488AA9
97730287,CID7EB40C4359B42E6B3
97730482,CI775D23D18F9F43C4A3
97662981,CIE6E951C606F94295A3
97730170,CI7E63D5192E12406086
97730354,CI68780C15B1D944E39A
86100008,CI0327D51EDA93496D95
97730067,CI0E7756B520F04DBD9E
97730290,CI47E12492691647F084
97730484,CI7FF93E85A6EF46168D
97643309,CIC3AE366383084588A4
97730172,CIFBB60F0375EA4C4FA6
97730356,CIE6DC864F4F1D4C6DB1
86100009,CID8D437B0D561458587
97730069,CI3815E7C1776240FCA1
97730294,CI68191A6AABF64BEA88
97730487,CIAF7F1FCAF90B4E5783
97732048,CID923C52BD0AA476BBB
97730174,CI9731768C974D4C71A3
97730379,CIA9A9507C45BA4DDD9F
86100010,CIF821CCF1DFD24202B6
97730071,CIE2A71E593ED44516AD
97730295,CID2982B9D75374869BB
97730488,CI3E9ACCD1DE254225A3
97745795,CIDD22249020A3459798
97730176,CI7A733E87FB854F2A81
97730396,CIE28C44C4ECF440F787
86100011,CI6471A5CE34734194B2
97730075,CIF8D7076720AE44A2BA
97730295,CI159D5675AAD448BCAC
97730570,CI40EB3AACAE034E3682
38832157,CI59F53597C5544C69A6
97730177,CI426A37B9C94A4A41AC
97730402,CI60A2A959E6814AD8AB
86100012,CI59F9B45CBC304CEF9F
97730076,CI54A6A65823134439B6
97730301,CIF89A95F30F104EE2BB
97730578,CIC3B1EAF9E5724C40AD
97717286,CI246E7DDFB7CD4F758C
97730179,CI133070851476499ABA
97730403,CID193C1200E62446FB8
86100013,CIBDA21CFDCF24456BA7
97730078,CIDAE66BA52337424F82
97730305,CI82B8718FA0AD4E298C
97730578,CIBAEDAF21E7624EA0A9
97736044,CI5F5C5194A64F457F90
97730185,CI1167E623F9F84D0496
97730405,CID47DD182FAB14028BA
86100014,CI005D6241DCFE47709B
97730083,CID05D55087483466590
97730308,CI63B92DB4B6B042BCA6
97610919,CI75ADDD188380462589
97730582,CI808CB44A08FE4D4C81
97730187,CIE99325E7E2FE4DC28C
97730406,CI47FEC2EDB91945EE84
86100015,CI4B92FE8A072146FA9D
97730087,CIF16C9AF36D6740C3AC
97730311,CI7EE0759DE020447898
38825966,CIDABCA7D6C0DE4E2DAA
97730583,CI90E53D6F60CD438685
97730193,CI449DD9E4F7954711B6
86100016,CIF7DED3133AE94D0296
97730088,CIDB39354222E447DDB0
97730411,CI9EFBA849F5D34BC6AB
97730314,CI9EE4859AE7C048A2AE
97730584,CI9A080D6DA68F4C1089
97728628,CI74CF89027D574724BA
97730200,CIBA330C31E61B4AF187
97730412,CI3910950788F74F2C8F
86100017,CI76AF3038C24A4CD6B5
97730091,CI83BF3AA6508C41BFB6
97730315,CI63AE97F2E54C426D95
97730590,CI02D8CBBFD0BF437489
97730222,CICC1C3A3B48BA455BA6
97728746,CI733060B6DF254B0390
86100018,CIB3644E8E60C44A76BC
97730415,CI733BBCA9A26B43E1AD
97730101,CI21DA34BC7E3441828F
97730316,CIE342B503236344E892
97730595,CIBF5FCEFE2C4A408197
97728637,CI055132BF6F64460987
97730224,CIE496B5E127F44CAE98
97730416,CI7A13A8B2A64E4ACBA3
86100019,CIC0B3CD89E6E041FF93
97730321,CI23ECEB81FF6245F58B
97730105,CI93370A477F954E55BF
97730602,CI42EA389E4726464CA1
97728627,CI0A3CE62E63CD4E44B8
97730226,CIEEABFB26270944E4AB
86100020,CIADC62CB01F4D4B5AA0
97730420,CI7CCE014CE3BC4371B8
97730106,CI4DF313277FD34329BB
97730323,CIEB282D2A119D419CB4
97730605,CIFEE77A7C23954C6081
97740936,CIC554335129D4465A91
97730437,CI1ECC54A97DE24F4299
86100021,CIA5A982155B184B50BC
97730228,CI95CED7C0E7504CCF98
97730107,CI5E4391F6632D4E0F88
97730324,CI7087052A5A6C4F7083
97730606,CIB3595871E1E0487BAB
97729179,CIC819D9CA3F1A4485BA
97730233,CIE67886DCA44146C399
97730445,CIE4F6B9D0BC5B4F6FA7
86100022,CI6614EEC457954858BB
97730110,CI18D0F025543E4D91BF
97730326,CI774CCC87FB2F49F9AC
97730607,CI530CB38D6E9D4D6E91
97728634,CI6DD2971F16564601B9
97730234,CIA504846780434DAFAD
97730451,CI5AD42CFA21554722A6
86100023,CIA78926766EC043A1A2
97730111,CIC51880DFE609443C80
97730331,CIEC885535673F40C6AC
97730608,CID75EC3A9628B44318C
97728638,CI441D76D6556A4A0096
97730235,CI44319778A75F4C3B9B
97730452,CIDAECA741A6D6428EB9
86100024,CIBA1FBA8E4CFF4657B0
97730111,CI7DADFFA6CB7A4AC3A6
97730335,CI5CA430DD66574A4380
97730615,CIBB948FD92A71408997
97728629,CI933C839CE85546C2AF
97730238,CI4C9B0C892C3449A3AD
97730460,CIBA92E39643674D1699
86100025,CI71EB9726CF1D4A55BD
97730114,CI1E96F9BF20214D5FB7
97730336,CI5BB94D3C9C88484A83
97730616,CIE8C89BE66ABE47E384
97730002,CI92C20334ACB54F37B8
97730243,CI54F6CE59E8B54938A3
97730461,CI765EB9E5EC2F466F94
86100026,CIEEB8976CC4F74EFCB9
97730124,CIF7D2C9BC7A1B46E4B4
97730337,CI9E6712B46CFC405595
97730619,CI3593E97D9619410CB0
97730005,CIC74D918D9C0B4B3D91
97730246,CIA22717F94FFD4B5A8B
97730462,CI53217FB283174856A6
86100027,CI0B481E9360C642AA9E
97730125,CIF5AD2A3AA2B843FEA1
97730339,CI77ECF3EDF4844C0E86
97730667,CI0EFBCC9641644A6091
97730022,CIBAE8F3FFC19B486CB8
97730251,CICA79CE7FF3DD4F3F92
86100025,CI8793D1F429B7411C88
97728637,CI90B07AE0E5684E3B94
97730114,CIEBB8FD7E1DCE4F0B90
97730336,CI5E551007707B491CBA
97730616,CIB0289E66EE88414E9C
97730002,CI85143E8A13B64E84B3
97730243,CIB815EC0FCB38485298
97730461,CI25CECF037E5F4A6FB6
86100026,CI5C0A3835F10F4C61B2
97730124,CI4A2832C7EC1D4B3E9C
97730337,CIF3C285D85F624613BA
97730619,CI18C95FF155B447C8A1
97730005,CID16CC58CA94349D588
97730246,CI19145F77EA424DB8B3
97730462,CI42C20585164849298A
86100027,CIC79E4A46D60C44B2A2
97730125,CI08D64D4ACB9C4FA1B7
97730339,CI0910E1593E544DD8BC
97730667,CI54D111E05CFE417F95
97730022,CIA3F501A88FB54AAD92
97730251,CI02780B6A00684054A9
97730463,CID77CE5F712B44089BF
86100028,CIA5D6697CE3F54001B5
97730342,CI406E8D2D7882480784
97730668,CIBE192C464D48403480
97730126,CI97EDA5013C114964A5
97730030,CI364BFDBCD0E2470FB8
97730266,CI724F4B9FE3A04DC7A6
97730466,CIA35A6664847F447B8F
86100029,CI29F48E3CED0D45DF9A
97730127,CI64AD7B900E694BAAAA
97730343,CIC2E00257F7E24F3E95
97730670,CIED21564B1A7743C690
97730054,CI73DF0CAD43474AF097
97730467,CI8A538C683284474AAC
97730268,CI9D9883CE10F74011AF
97730129,CIF36859F4D51441649E
97730344,CI517D123CF9314F8CBA
86100001,CICB132C1C0D5F4D09A2
86100030,CI9018FFAFAB1F4D749A
97730057,CI97693AC28E914D6CB7
97730468,CI05583CC1260D49E28C
97730271,CI8FF9ED2FDFEB4068AA
86100031,CI46A8E9635F494D9FB8
97730143,CIDEA9A37F4B6B4A65B5
97730345,CIF435B0AF227E40BC8C
97730058,CI9E44712BF50E40D188
86100002,CI9520E9E35A0942F2AC
97730274,CI7934EE5F82B049ADA3
97730470,CICB030DCAB719417A95
86100032,CIDAFFC25E563B4D45BD
97730151,CI8F87BBBDECAC4F0C9F
97730346,CI055E2EE37C7042FCB9
86100003,CI65286F32608A44E898
97730059,CI8FB539CFDCF34F35BA
97730277,CI55AD5B55AB56487C87
97730475,CI0AD7A40E5F49464195
86100033,CI99B07B87487240478A
97730153,CI072DF01BE42A43C18C
97730347,CI23988CAC8EE640A0A4
86100004,CI2E90E50B488F468494
97730060,CIA5FB455CD2E64502BE
97730283,CI4A1606AB03F04D80A8
97730476,CI362DD27D39DB4274B3
86100034,CI539BF20A0EBA4E74B1
97730158,CI113B79D42B4946498E
97730348,CIFB65A2AC595A4EA6B3
86100005,CI15750AC5982B47B0AD
97730062,CIB569A89284E6440194
97730285,CI3927B619C2E44B12B2
97730477,CI255212AF206D4E83B1
86100035,CIBE02542E387E4260BF
97730162,CID2BEC1F4F2074AF58E
97730350,CIF86D33C7C848467585
86100006,CI1835EE7D29484C8B85
97730063,CIBAD021D805CC4B189F
97730286,CIB4E9054CF06F48158E
97730481,CI0AADD737407E4D3D87
86100036,CI4B4DA91ECFAD4456BF
97730167,CI440BCB6EB35F446AAB
97730353,CI49FCF0598D8E45749A
86100007,CI742A068814CD47CBAB
97730064,CI5209E523654E498285
97730287,CI4DD25F9D50F84A18A3
97730482,CIF32A14FF582E41DFA5
97662981,CIA6890E3C90F34B7AA1
97730170,CID01F4A0B86594DF8B1
97730354,CIBF4A97B946AD4AB1BD
86100008,CI8B6B4BA081454F1F9E
97730067,CI8D88BCAC0DDC42A992
97730290,CICF8465C08EB34A0BB9
97730484,CI3ED0BC8EA32541C383
97643309,CI7A2A006008A84C6CB2
97730172,CIB36E92589C5B468790
97730356,CIBFDFBB97CFF54B0DBA
86100009,CI64F9D0DDF8AC4BF8BD
97730069,CI8F70F9ABB50346DE8E
97730294,CI6613E01ECDE54B9A80
97730484,CID91901E845154DBA88
97732048,CICDF01ABB8B114DF39B
97730174,CIA5D8EEBC98F94EA9B4
97730379,CI02B6EBB4A818404AA0
97730071,CI77E1BE743F654ADAA9
97730295,CI6FD9677BD698464AA7
86100010,CI8122E117648A4D3C90
97730488,CI8205AE56B9394B478F
97745795,CI6DC7E8B61B70400D90
97730176,CI62681D8979744E87A7
97730396,CIA082236EA7E945DE81
97730075,CI32B2A7504A6F427796
97730296,CI85CEFFDE1AFE4145BF
97730570,CID21BB5EAFC084DD9A1
86100011,CI884F51FFA5A548649B
38832157,CI2130B686F90341FD96
97730177,CIA8196DA4037841D69D
97730396,CIE911CD30F648462AB6
86100012,CI87AD2937A44D487795
97730076,CIC7ACDC58C0104DC799
97730301,CIA20DA9397BCA413881
97730578,CID6E56CB94FA146B9BD
97717286,CIA08ADE6A7060493D99
97730179,CI5D752BED494E4351A5
97730403,CI5E6AAB6D296C4C268B
86100013,CID0820688C9984A8DBA
97730078,CIAC8182CE514D433D9D
97730305,CI7D09DBF3DCFD4A0785
97730581,CIAD1DE8E46904442FAE
97736044,CI48807B6D908B45D197
97730185,CI50C9A133101A43FE89
97730405,CI943B0A4ECF004FD98D
86100014,CI9BDFEF1867A54A4EAD
97730087,CI8F1C417E21F54407BE
97730308,CIA3A89180EED84C318A
97730582,CI9BEAF1C8C4344CD4AC
97610919,CI7CA42ADE3626470695
97730187,CI266E4F0FDFE24FE7BA
97730406,CIC0A447482C8F44948C
86100015,CIC7631D641D6F4D80BA
97730087,CI4B3AB9F5660F4766BC
97730311,CI3FD8F06AE2E84DF4A8
97730583,CIB455CA842B184CCF95
38825966,CI2A3663300CC242C091
97730193,CIA6A299086E464FE2BF
97730411,CI6818EF0986D54DDC95
86100016,CI4A08D2FEA71843B19E
97730088,CIE32357A931BB45768C
97730314,CI496E65913A624580BE
97730584,CIC016E2A22C5B4490B3
97728628,CI6F1265F0710E4B2ABE
97730200,CI5EA29A6272F74909A3
97730412,CIDB9A2EC46B2C4526AF
86100017,CI95DEF90F6A41443F8D
97730091,CI42E3B425071448889D
97730315,CIAF6D67AEB3004DFB86
97730590,CI8ACFA95261B74AA698
97728746,CI867D4DC3E7D1470C86
97730222,CIE6576070C4FC4040B7
97730415,CI3E16410B1B824C128B
86100018,CID6EF6D6FCFA14A52A6
97730101,CI13C441E31943490FA1
97730316,CI3ED09F0AD79544BB97
97730595,CIE194F44134CE4CE3B7
97728637,CI41BE418CCF1E467EAB
97730224,CIB678B77C083F4647B7
97730416,CICAB996A1964F427688
86100019,CICBEEC23805804F0C85
97730105,CI0EFF59BCD2F045C3B0
97730321,CIFD1F19231799438EA2
97730602,CI52A0EBA7A471466CAC
97728627,CI252D550B4EB8411898
97730226,CI610A093D926F4C73A2
97730420,CI7C3B6B2DFEB340A687
86100020,CI4A5F0B8782CF4192A9
97730106,CI5B73FCD2D6B44566A8
97730323,CIE9157EC112114310B1
97730605,CIB9BDBCE6B82F45D0B0
97740936,CIDF6AF2AB549049A392
97730228,CIB124AF4B93BD419481
97730437,CI7244344C189E461DBC
86100021,CI6FAE15D789EF4D13A4
97730107,CI2EAE2814B5C043D9AE
97730324,CIE5B4B32F3069483098
97730606,CI517411BC7D5F496D92
97729179,CID3BDC242B18C4BFBAC
97730233,CI608EE635B1ED43B4B8
97730445,CI8D6FD666A93F4B82B2
86100022,CI2F65B4E484E6483BB9
97730110,CI3A450D1560464EA4BE
97730326,CI69BE80D4417343439C
97730607,CIEEB19F35441A418795
97728634,CIC394454498FB462586
97730234,CI325F16737C7C4A12AE
97730451,CICE31579850784365B4
86100023,CI884FFE4687D74BAFBB
97730111,CIB23C821B9371421AB5
97730331,CIB8B96B3CA622426AB9
97730608,CI560D663F4F3941C890
97728638,CI407883A5822E4CC08E
97730235,CI2D34E51D9CDB4514AB
97730452,CI23E56EE80B3E4FC4A0
86100024,CIB2090B56AEF14F088C
97730112,CI21A6ACA534BF4C25BB
97730335,CI7B4FA2F35EDA4F80B4
97730615,CI7C6D7B50D15C4E9A9B
97728629,CIBA7FAE4A03C24341AB
97730238,CIF03215B7C9F244A481
97730460,CIF6BBE542CDDD472187
86100025,CI8C060CECA315412099
97730114,CIE9D7293DFFF740888B
97730336,CIBE096B1110A14CC7B2
97730616,CICC3FB62D80BF4547A9
97730002,CIC3FE7D93E1EE4AE0A8
97730243,CID4A712A39AC044F8AC
97730461,CI599C9276217B47EFA5
86100026,CI2FF84EDD06504F7D8A
97730124,CID729BC3B18514C9C81
97730337,CICE41F2048E95487B80
97730619,CI545F34D6524F4B65B3
97730005,CI1135E745D7264B4BA7
97730246,CIB4AABB5642DE49A49A
97730462,CIF529F49064AA4FA7A4
86100027,CI154245E3D51742EC9D
97730125,CIB1EF44317E774D4796
97730339,CI903B833AE8134405B9
97730667,CIB4EF7F269A0D4A6284
97730022,CI508B09426D9549CAB1
97730251,CIA822F48789564FEDAC
97730463,CID0A9A80730E047B7A7
86100028,CI4E4800DC320C43D39B
97730126,CI092C5ECE7B38463788
97730342,CI3804760E988440D2AE
97730668,CIF12E9FB89BFB451CA2
97730030,CIC09D153EBFE2499397
97730266,CI151F88DB7900447AAE
97730466,CI2E2955282D2F48C2A9
86100029,CIB46DB4B43669486E92
97730127,CI547DA31CC6FC4D0792
97730343,CIC18CF7A66FD14BD583
97730670,CI6400BC89AF374DBFB2
97730054,CI465E22602330496194
97730268,CI60C90BCFE4FC4C60AB
97730467,CI6F81CC4C36D64962B6
86100030,CIFAE15687E7B44B439F
97730129,CI3379BB3642EB41F2AB
97730344,CI7AE38EE603D84744B9
97730057,CI4D62828B6C5B424FA4
86100001,CI8038093CCB9C4903B5
97730271,CI2F8301E4B9E7480D9E
97730468,CIB14B8BBDA71D4E27B7
86100031,CI4C0A6B69C5B24A97A0
97730143,CICEDB8D681BB14C8D97
86100002,CI3A135C9B26CF49BBB4
97730345,CI82DA1BE62B4B4808A3
97730058,CI1219E03AE97642929B
97730274,CIA3E12DD680904A7EA4
97730470,CI1C5547DF72AB488483
86100032,CI6CD7E1FAFC1C4BF4AE
97730151,CIFD390B7606B541B4AD
97730346,CI074776673492439F8B
86100003,CI74FED4EF50864DE18B
97730059,CICADCF1C94AE846CBAD
97730277,CIBB1070FF2F7440E1A0
97730475,CI7DDEF97DCD90415197
86100033,CI9AFE9AE931FD439BAC
97730153,CI9B02DAC996F7406885
97730347,CI0C47697AF56E4EA1AB
86100004,CICCD719FDD3AB430590
97730060,CIEAD134B064204CCF8B
97730283,CI33D7DCFF343A403980
97730476,CICAC539CE1E48409194
86100034,CIC03FAF374D3B40F8A7
97730158,CI4737E82481C847CABC
97730348,CI61CA1D8E7A734EBB9C
86100005,CIB9C313691CFA43D0AA
97730285,CIB7A2EA6C340F4835BF
97730477,CIF1657CD6ABE14F3681
97730062,CI941CD052164942DFA4
86100035,CIFF4D78A5DDE84879A9
97730162,CI0D4E67A829D7436B8E
97730350,CIAA6269516B8A4A28AB
86100006,CI20EAE4CE417E42368D
97730063,CIE990A1A46BB64F3ABB
97730286,CI4046F31A6AD44A3DA2
97730481,CI08C415227CFC4F5D99
97730167,CI5C012FF57DEE4277A3
86100036,CI9F850FDBBB2346A189
97730353,CIB460F177621A4FFFBD
86100007,CI0D85D324EE384656BD
97730064,CI380A913ADB234A5799
97730287,CIB7A28CECB67E4834A1
97730482,CIA1F7140D286D449E99
97662981,CIDE30F7AF09574CACA3
97730170,CI5980341E4BB244BD8A
97730354,CI61DDBF48ADF6497FAB
86100008,CIAEA0D3F7BEB64F5B9D
97730290,CIAD8989A6151A4E25BE
97730067,CI86DAE320B7C2410486
97730484,CI2DD15766BCE94D0390
97643309,CIBE22EDAFFAE442F997
97730172,CI9B91AD2CD91944A886
97730356,CI392CAF666574422BBF
86100009,CI599FF26AA0A4416DBA
97730069,CI0132036406C1433E80
97730294,CI1ADB9D49BD1D41E7B2
97730487,CI9782E27B87CF4DF09F
97732048,CIF2712D9BBD3A43FB8D
97730174,CIF6498ED21C6045558B
97730379,CID132663F29E74E66B9
86100010,CI5AE21F707CAA43B18F
97730071,CIC7FA3529509346F790
97730295,CIF97B5176E99642F88D
97730488,CI008A07D5A22D41A2A1
97745795,CIFA43672C3DE2481597
97730176,CIACC7B1245AB043FCBE
97730396,CI362996AE9EA84D78A2
97730075,CIF056A6A79DFC4DFBB6
86100011,CI9E5FEADA2E3D4AE78E
97730296,CIDB6E9E678D484629B3
97730570,CIACB5A6DA7BA74349BE
38832157,CIFE9946F2B9E74BB090
97730177,CI8207E70072A647928B
97730402,CI2BF8CA8D13F043CE93
86100012,CIA5B6FA9D95314303B8
97730076,CI22D927E37984416089
97730301,CI5A9757395B6344C48F
97730578,CI00EAFDA2F6CE47F994
97717286,CI8E4BC3CB162B48CDAD
97730179,CIB9E6209179F5468987
97730403,CI26A4BA3E7DE348E788
86100013,CIF55492289E754CB79B
97730305,CIB620C29C550744A282
97730581,CIC71C26CE2DB5470792
97730078,CI9BD2C7EB294D45F4A8
97736044,CIAA5645E3CE4C49B884
97730185,CI5B3E04639269404095
97730405,CI80FDEAC5AA7A4D1EAD
97730083,CIA6839066C57348E381
97730582,CI519222217B3E4FE088
97610919,CI3819FCEC711E4D5181
97730187,CI1A045FEB414A4996AA
97730308,CI899105BA013940DAB1
97730406,CI3F0C6666E8934D299D
86100014,CI9ECB836697A8488685
86100015,CIBA24AFF9B06A4D1DB3
97730087,CI85EF152D876D41D488
97730311,CID9E26C29E4754333B3
97730583,CI262CC550C54B4345B1
38825966,CI522016BD8A1F48F1A5
97730193,CIAE5FE5EC4A1E4AB990
97730411,CIBEABD6DC4C024752BE
86100016,CIBEC2CA01FC174D92A0
97730088,CI7F1EBA9FED71471689
97730314,CI32F50AE7550D480A94
97730584,CIADBCEC70087B43A1BC
97728628,CI2F32119A04A54C48BB
97730193,CI410DB432F72B4071A2
97730412,CIC244512364FB4461BF
86100017,CICA50AEC57ED342808D
97730091,CI0888D2E4EA1B428D96
97730315,CI5EEE09A9727C453CA2
97730590,CI3772761342E14037BC
97730222,CIE02031534D6448DFB6
97728746,CI866FBCCF66904562A6
97730415,CI12375FD594F54FBB84
86100018,CI7E55A837A56449C3BB
97730101,CIC476E5515BA84AD29A
97730316,CIDECA767C23B5470F83
97730595,CI4E8BA4F09C6440FDB1
97728637,CICF00ABA06FDC46378A
97730224,CI8EE39744093546A3AB
97730416,CICF586555CBC8446ABB
86100019,CI4762D92E6B6B431F89
97730105,CI3E8A232D699E4FCCB1
97730321,CI0A0D73864D7840B6BE
97730602,CIA183F3B1671343B481
97728627,CI00B58779AB73487984
97730226,CI76F1856C5CA341CFAB
97730420,CI491937B9582A496F81
86100020,CI4A04651B35EC4F5CAC
97730106,CI230B7616A037445D9B
97730323,CIB86A7C84E8174B779A
97730605,CIBCB82C30A6F7416382
97740936,CI5E3CD32DBD4C41D280
97730228,CI0FE4076526874762B8
97730437,CI8B3A691C7C35492197
86100021,CI453F01E31E11487A96
97730107,CI3885FC4DF3C64781A3
97730324,CIB395922E7A2C47D89C
97730606,CI721C4CE141BE46C781
97729179,CI45C53AA017BD48469C
97730233,CI548E4A2B3B6B4292B3
97730445,CIDA4398A294F54EF3AD
86100022,CI6A7BFF719A694331AA
97730110,CI200EA160682F48759A
97730326,CIB4B48A7365794DCD8D
97730607,CI95F0F49B1177401EB9
97728634,CIE4D67BFA65E9426DA6
97730234,CI4A1251F6497143719F
97730451,CI397317BF7F354612A9
86100023,CI114544B7CCF1438FB4
97730111,CI8A6C6DB222E24AB7BA
97730331,CIE461C083447A4C788A
97730608,CI148A551ABD2144199E
97728638,CIA7DAD9D44ED740E498
97730235,CI2C1356F2C72E43D495
97730452,CI1B52E844D8E4427BA0
86100024,CID8FAAF0D6E2F4430BE
97730112,CIC3F41BBB0CF340E78C
97730335,CI16EA05717C1847DF85
97730615,CI20EDFA1C2083422B8F
97728629,CI840D704657EC464887
97730238,CI7F22CDA97D4245EC8B
97730460,CIE46BB911679F4A4ABF
86100025,CI5503C5B7F7524003B1
97730114,CIB8733C37B08A43A7B3
97730335,CIAFDCD2E35EAD4D22A1
97730616,CI61B4294539FA4985B7
97730002,CI49CBE29EC729425DA9
97730243,CIBF687E02442C4681A1
97730461,CIC7E012D49E28466A87
86100026,CI5633CABE05E8402987
97730124,CI1CDCC5CB1BBA493DB2
97730337,CIEF72CFE9DDAD4479A4
97730619,CI7AD457922637454092
97730005,CI78235D7AAD02473483
97730246,CIB228546FC2F845F785
97730462,CI4C2B46D55EB944F493
86100027,CI4249A5F07B6243C491
97730125,CI8EF20CA4DE3B4E11A3
97730339,CIF966C2F4221D4BF683
97730667,CI391F7E04736C43A0AE
97730022,CI4AA7BC8C8B4141A4BE
97730251,CIF97D25A409D041B594
97730463,CI257B5C18D0E34B13A0
86100028,CIDF72EC328B84469D84
97730126,CIAF2639D0C44143CFBC
97730342,CI457C60780EC344BCB4
97730668,CICD31F04F78654DCAA9
97730030,CI5A7BF76D47CD417A9A
97730266,CI322383826E794F5F8A
97730466,CI2E6A4A15095547F2AD
86100029,CIC9F4F35C9D464211B1
97730127,CI9EE656FF62FE47FDB1
97730670,CICBD8D5E92E324BCD99
97730343,CI77BDC3782B1D4711A3
97730030,CIB952A2EF7F33457795
97730268,CI8F0296256B514FFA9B
97730467,CI3C92B33A45C849AB95
86100030,CI682E788EF689430AB8
97730129,CIF12F222AFA7C4B1095
97730344,CI0070C31B42904193AE
86100001,CI063908CE31324997A6
97730057,CI2FDFC93079754674BB
97730271,CI0529940CEBAA4C04A7
97730468,CI24115386BA764BDB91
86100031,CIF5B1E857E3284FB5A5
97730143,CI70A4306832FF486CB2
86100002,CI3FDFCFBB1C8E4BD59A
97730058,CI36DE4EDF87A849DA83
97730345,CI8B609605C3CF45C7A3
97730274,CIE185256DEDD94CABB3
97730470,CI0BEAE665070B41869A
86100032,CIA0B86305DDC541808D
97730151,CIFE227341920D48C6AA
97730346,CI6537FB453A8A441A97
86100003,CI840475452A024F6AA0
97730059,CIF02B0A34346C41C594
97730277,CI30987687E2B346A28F
97730475,CI9DB2BEFF1F574005AA
86100033,CI4EDA8D0923124E4EA1
97730153,CIED6FEC81B8D547FE87
97730347,CIC416571B5B83493A9E
86100004,CID9167EE8941344B681
97730060,CI2233248EF12F49DCA6
97730283,CID07719250262470BB2
97730476,CI34FF567B8C134F98B3
86100034,CI4D725393549440E4B3
97730158,CIE08884E6A22B48DBA8
97730348,CIE411C57C5A9045F18E
86100005,CI60522EB7551F4B20B0
97730062,CI7BAE48B158894DBCAD
97730285,CI258704E9F423479D9B
97730477,CI0F6155FC800D41FFB2
86100035,CI756E27F96645442DBF
97730162,CI25BED0F9F8E8464881
97730350,CIE676B323C80E4C6F93
86100006,CI2A39BEC775A9420F94
97730063,CIA38EF1EBCD4342349F
97730286,CIEB40A6F345B3455EBA
97730481,CI89FB0550C5A0400C92
86100036,CIBC2368B5B6B9424F98
97730167,CIA84A4F650DEE4F8CAB
97730353,CI907504BE129142F390
86100007,CIEAD4BA328CF446BCBC
97730064,CI90E61E21CBB948B98C
97730287,CIE95973A9E3014FF6A3
97730482,CIB67476EC0C6D45938B
97662981,CI4FFD5A98CF904472A2
97730170,CIF94C4A961D2B4FE893
97730354,CI861073CCB9D740D8A2
97730067,CI3FC8591D39E24758BC
97730290,CIC8A82210FF6D4E4B9F
86100008,CI9277767C63C84309A4
97730484,CI33A04264CFAE467EAB
97643309,CI5EDCA5283CD14DCE8C
97730172,CIA1150F81DB474ABF8F
97730379,CI2E0DE6A3141E4725B0
86100009,CI6124B8AEEAA64CCC9C
97730069,CI30E2098EB2384C00B2
97730294,CI86FECA4A9E624C1BAD
97730487,CI8225D6E31E864E208F
97732048,CIA6EA1705ECD8443AB6
97730174,CI0B9790C230C94733AA
97730379,CI3B3195C16B494DCB98
86100010,CI328436C4895F44AA9B
97730071,CID5689A8B47B44AC889
97730488,CI00555620C9B34B90BF
97730295,CI67A46BBDA1A64DA4B9
97745795,CI3B1F7B33CF5745D59C
97730176,CIFD970899905448EAAF
97730396,CIF5891F157B70455493
86100011,CI2DDED807576B45039E
97730075,CI3A322587B4D24A43B3
97730296,CIA7E7FC72AD57426A8F
97730570,CIF049444456F045ECB5
38832157,CI0EEC605A54044022B2
97730177,CIA6A86066603F485293
97730402,CID3A3C1417325424297
86100012,CIF354A556A27A4D928C
97730076,CI4B7578CEF9914025BA
97730301,CI5721C76236094090AC
97730578,CI3270054F270547A595
97717286,CIF7217ADAC64F45A0A5
97730179,CIE8399D521603422B92
97730403,CIBEEE8199B058455EB4
86100013,CIFC7BBCC0AB1C44F9AA
97730078,CI0E26F4691D234AACBB
97730305,CI0DC725692B404E2391
97730581,CI49976D82FFD54DF2AA
97736044,CI7166C382A87C4C55BB
97730185,CI4DFBCDE043BD4E4985
97730405,CI27EEC33C94B346C2A7
86100014,CID138136EB8804B72A6
97730083,CI50575A6B7FFF452B83
97730308,CI561C9E70D18D47F683
97730582,CI619B842E5ACF48528A
97610919,CI72314A058FEB4A1F8F
97730187,CIE4D3524B80AE4CCBAA
97730406,CI3E823ACA0CA440A185
86100015,CIA18FA15AC27A413395
97730087,CI048C9055479046EA86
97730311,CI55C27FC6AB4B437099
97730583,CI23E4F30D8F9542F78C
38825966,CI01246628AD6E4A0C8F
97730193,CI9463180063F54AC195
97730412,CI6B9A1FA6F6154E96B8
86100016,CI1F523CDDAA3A4F59A3
97730088,CI1D5FBE305CDD4E6299
97730314,CI0E39BA19811F491583
97730584,CIDEDA6C142664468380
97728628,CI5B5DF2CAA4C84F348A
97730200,CI89AED7219F8F4D1BB2
86100017,CIEF8001BFC5C44D5588
97730412,CI7D1ED8E550044CDE89
97730091,CI9052D15CFB3E4BFEB9
97730315,CI4A9A875DC4C4423B97
97730590,CI9DD8D06C99D542FC9F
97728746,CI5335672A618C4CF48E
97730222,CI62E6DF2FA4BF49BBBB
97730415,CIAD0D6C3FC2674EF2A2
86100018,CIA91AAF5891D84CF8BC
97730101,CICE6A2E0460FA402C96
97730316,CI258099123FEE4D0FB4
97730595,CIEFB0FDEA78D9416E9E
97728637,CIF68318AFE171458F98
97730224,CIC687372049634567AB
97730416,CI16903A3C930C45B281
86100019,CI9A2AE56C753F4013A4
97730105,CI839232342CCC4DE9B7
97730321,CI34F9574AA9814A5F9B
97730602,CI5C9F54242C2A4C159D
97728627,CID1B7CBF76145472389
97730226,CIAB8EBCB8C6DC467B99
97730420,CI68B985AE743D4844A2
86100020,CIA001A3FF4854498880
97730106,CI014A7706D72543D386
97730323,CIC2CE9635FA9B439F8A
97730605,CIE8A9071D40BF4D23B5
97740936,CI8938963A9738411185
97730228,CID86375F814E54378B3
97730437,CI1BF2A6CE3F374F6FA3
86100021,CI792057AFAF394CBCAE
97730107,CI3E66B2132DFD4A63AF
97730324,CI0FC58A53D16F49EF8B
97730606,CI51FC36D0DF61426DA8
97729179,CI3AABDB18F0FE476AB3
97730233,CIE6C488480941485B93
97730445,CI149679FDACBA47B0B8
86100022,CIB717198C4C8246C785
97730107,CI136F8C3C202E4CE0B6
97730326,CIA530F025BA3B41688D
97730607,CI8F31BC07842E4BD992
97728634,CID0A03C667202490BBB
97730234,CI549210E21BFC4F198F
97730451,CI7B6271A945C6472289
97730111,CIF1924A11DBB64E3292
86100023,CI7952100A543A4D7A98
97730331,CI3C105CFDCC8D492AA6
97730608,CI7A7D2FFBEA7D41B49C
97728638,CI6A1135479C00485180
97730235,CI3A5969B4F24B4A3996
97730452,CIC117AE137AC54D1598
86100024,CI77DB47CFE656487F84
97730112,CI295BBFE3099F4601A7
97730335,CI37ECD27F4F45453A99
97730615,CI147B8878CE1E489496
97728629,CIEDF39A5A64FD4BF6A9
97730238,CI07464B74AB474515A7
97730460,CI28F357953AFA4E36A6
86100025,CIA7E9098FDFBC47B087
97730114,CICFFA76835BF64732B6
97730336,CIDEB9E8BC4DF341A291
97730616,CID861B3D4067545B795
97730002,CIC2475017C7454F119D
97730243,CI3A87A42625714804A3
86100026,CI1DF9A1724445446AAA
97730461,CI9D689E12CC43487FA6
97730124,CI084545D966164E9CB7
97730337,CIC718EA5C7FCE40DD9C
97730619,CI06F8F17EE7EB4347A1
97730005,CI97F8ADA138934B3D9B
97730246,CICA80B123AD4C440990
97730462,CI5C38704BA3574AF88C
86100027,CIF976B9AA40F14205B8
97730125,CI198FEAE640B2453BA5
97730339,CI57CB38A15FB74F6FB9
97730667,CI3F8546B2F421447288
97730251,CICF6984EC1D794912AD
97730463,CI5993907B30834414B2
86100028,CI0421C99771D9493C8A
97730126,CI2C02F8C8F9344DFDA0
97730022,CI9F16E300BFFA49F0BA
97730342,CI58ABAC04D4C246AC8E
97730668,CI8751CBE7CDC34E37BE
97730030,CIFEE47218ECF04D699B
97730266,CI83CC9AB2AB234AECBE
97730466,CI740D9F10718E4DB0A1
86100029,CI18AFDCD6797449A18F
97730343,CI61614FA246354C8786
97730127,CI8A733849D9D34BF6A3
97730670,CI626D5DA77C8B4C40A8
97730054,CI567E6B07574F454C9F
97730467,CI198A68137DF94D05AD
97730268,CI79BFEC6AA9A54D97A1
86100030,CIFEDAAC55FD6346ADB0
97730129,CI442F2DFA4E6B4DEE92
97730344,CI39D53F90A14D49E2A4
86100001,CI039E956BEE96467790
97730057,CI3CDD3E3535A14E82AD
97730271,CI7A9E8512AA8C4ECCBA
97730468,CI95F1069E79504EFC8F
86100031,CI8A3F5A7545DE4FC0BC
97730143,CIEFF324357E5241B780
97730345,CI04544EC269E541A890
86100002,CID1F558EA14F748A381
97730058,CI10748BE240AA4139AD
97730274,CIE37ACE7DA9BB487C8E
97730470,CIB6BB1023A2B04C53BF
86100032,CICA850873501442ECBB
97730151,CIC198FB2CE1004786B5
97730346,CIF44864A048AB42D289
86100003,CIE03686FD418A41AF82
97730059,CI4F9989042EB7480ABB
97730277,CIA70C2F041D1F43D194
97730475,CI27FB37801251436895
86100033,CI4CEB6DB1551C4821BE
97730153,CI065AD16B64D04A1FB7
97730347,CI48D1B322AC344F1E80
86100004,CI2E90E628156B44F0BF
97730060,CI9F669EF990114683BF
97730283,CI5F9EEC11859B443C82
86100034,CI4A7EE746BD924BDAAD
97730158,CI05009D73231C4EBD92
97730348,CI106230B65AF1468FBE
97730476,CI83DCD48D21EF417187
86100005,CIF8E875960056474FBD
97730062,CI1DFAA5D8EFF941ADA3
97730285,CIE875B5333F6D4DFBA3
97730477,CIF0E98061A88B4E0D88
86100035,CIEC3431828C4B443A81
97730162,CI06AB4E8404464918AF
97730350,CI8A094B4EFC874475A3
97730063,CIE7DF85CD66934DB884
97730286,CI47A2B356D192480186
86100006,CI790CE1936F7B407C8F
97730481,CI5348643AC0AA490388
86100036,CI6B3C08005E224441BA
97730167,CIF74B7AA480964DA1A8
97730353,CI8E1DB86300EC4295B5
86100008,CIDB823B57EC6E40C0AF
97730064,CI22E21DCDB75749678A
97730287,CI2C9F34DF570E4988A3
97730482,CI170BB9E3499B41C1B7
97662981,CI1B8E8992451D454D8A
97730170,CI275F559049E1407FAB
97730354,CIC4BA14D657864C2390
86100008,CI5DCEC36AC25D452C81
97730067,CI5C97EB80E0FB48A88D
97730290,CIE3D0F771908149A79D
97730484,CIF71D9DCC09EB4C0E8D
97643309,CI2E4C46B5FE144AE69D
97730172,CI42BF226E2BAE4A8CAC
86100009,CIE10ED947A5DE497C84
97730356,CI7D664D23F84D4F008F
97730069,CIE74E5CB05C2F4CCBA9
97730294,CI257157320239473693
97730487,CI88E05F0F69AB41D3A7
97732048,CI946A86EFAC68486CA5
97730174,CIE03435D87387403B9A
97730379,CIF57229CEB9E74CE990
86100010,CI0D9423ED2F424F4084
97730071,CI123234C6796842A285
97730295,CIABCC649A2F134711BD
97730488,CIB086DE0811C342ECA5
97745795,CI3F769C14237041719E
97730176,CIE2ABCA70190C42E380
97730396,CI35226903F63A469487
86100011,CI401D5B694B88496AA2
97730570,CI48525292861E499C8F
97730296,CI8CE5244D028C49E5B2
97730075,CI827F43564A534EEFB8
38832157,CI5DC2933F42A641F6B8
97730177,CI6AE77751DB4E40E9A8
97730402,CI2876EBA5B15745B18C
97730076,CIE2B5596791294F8FA5
97730301,CI0F68D5E670614475A3
86100012,CI936C64EE1AB942D588
97730578,CIF80A2CE4A53B4ED2B8
97717286,CIE60FE8CDF3224B0BB1
97730179,CIEFD7C886B4094306A3
97730403,CID81F899BE9B848BFA5
86100012,CIA11A0C40FA0F411DAB
97730078,CIF5C28AE7B8A046EB8C
97730305,CI583F7F01AF6D4F40A9
97730581,CIB9C646B4B27449CF87
97717286,CI582373985154438599
97730185,CIE74DDF34A0A24629AA
97730405,CI0A2A3857862C416D9A
86100014,CI031CF9E77D1D416BBA
97730083,CI1E6723359BD649B495
97730308,CI41A3D3ACA1724E8994
97610919,CI41493AA72A87475080
97730187,CIE552B50B301B48B1B6
97730406,CI2EB0C5571DAA45D7A0
86100015,CI31276D59D8D24383B4
97730311,CI5B1EDA00E38F4097B9
97730087,CI8DE237FCF087445394
38825966,CI76A5076F58F24407B2
97730411,CI7F89BD8FB9E34B1898
97730193,CI75CE51629A3F46E188
86100016,CICFA13A957ED04B0787
97730088,CI4489A2A747D348AEA9
97730314,CICC2CBC35F22F4BD988
97728628,CID31180FFC9A6498FB7
97730200,CI69834B806B6B49DAAF
97730412,CICDC564254CB64D06BC
86100017,CI5BC9DDB497874034B0
97730091,CI288F7DEF6CC24519A7
97730590,CI72CAE8B9B6604085B7
97728746,CI34F33206D54F401C8E
97730222,CI07FCA06148A64398A7
97730415,CIF85F732E800644BCBC
97730315,CI940F2CDB37D84FE597
97730583,CI94876E061BEF4F0E98
86100018,CI504902E487344D84B1
97730584,CI96DEE3D5982D4098BB
97730582,CI974B3573855642E1B1
97730101,CIB2EE49083B3C454993
97730316,CID8A4422A1E0A480E86
97730595,CID1134C1B113644B79C
97728637,CI0A1F42DAB279462780
97730224,CIAA73AB38AB3C4A46BF
97730416,CI8EC690DF91D249F293
86100019,CI41C3ADB2DEFE4CB49C
97730105,CI12426740D58442DFB5
97730321,CICA00A1B043CB43B399
97730602,CI2D48677D161A423494
97728627,CI3466F50927BC42F3AB
97730226,CIE2271F17A469400683
97730106,CIFC6E5106CE17489DBB
97730323,CI244496BC9E174174B1
97730605,CI6B62597EA221418CAD
97740936,CID9B1BBAAA5F6458E92
97730228,CI7FC7570E130C440A85
97730437,CI425E8DC52D6A4C62AA
86100021,CI2ADC498EDB45490285
97730107,CI1EEF39B48E0649B885
97730324,CI499ED0029AE545539C
97730606,CI732D828E17FC4B28B3
97730420,CI951350AE8C5A454B83
86100020,CI97D0C48990AD40A597
97729179,CI6AD9930A11A84D938A
97730233,CIC3875693D5F94BFAB5
86100022,CI6FD73E76093943C791
97730110,CIA4C81F3D4F5F49D9B1
97730445,CI8F2A5427665546E2A3
97730326,CIB42E9D1DA619431692
97730607,CI8FB95737E18F42CBB1
97728634,CI81C68D7E76B34D4783
97730234,CID90C375AC1634E609C
97730451,CI554E594C7B234781A8
86100023,CIF83E9C85F65744CC92
97730331,CID24519F3F3154E3D88
97730608,CIB7DF175596A44B42B1
97730111,CI730C9A198E1D4128B0
97728638,CI16939D3DABEF43269E
97730235,CI593DEB1E5C2746A08E
97730452,CI6488A6174E81447D82
97730112,CI28CA3F8AC0C14F16B4
97730335,CI33BFAF7B026D4708A5
86100024,CI8A6558F664FC491080
97730615,CI3F1992FDA3E440ECB3
97728629,CIE81D46E030C74BF183
97730238,CI1910891CA11143BB9E
97730460,CI31A197F34127411D8B
97730114,CI60212A79C0504BF087
97730336,CIA6CBD9305BF54189A5
97730616,CI488F1B1C745644CC98
97730002,CICE022AD9D6A84EA58A
86100025,CI8E3D3F48C6EC481EB5
97730243,CIBA6277CE66E24623A6
97730461,CI38455D897BB4408F9C
97730337,CID1F6904CCB3048729D
97730619,CI0C491DF41926479F95
86100026,CI878408061E4448F8B7
97730005,CI61C5F3CC92014F50AF
97730462,CIC699BFDFCB174911AA
97730246,CI8EF5D6588E5B41A38C
86100027,CI197E2BAFBB49464688
97730339,CI1A3FC303AE82400491
97730667,CI028628D0F1EF4E38A7
97730022,CIDF40C47743C6441192
97730251,CIBC5F8F255A9A45EC91
97730463,CICA4A46074FB7409E88
86100028,CI77375D7BD36446CCA7
97730126,CI40437EB8EDAE4ABAB6
97730342,CI4FF187146EB04F898A
97730668,CID56D78061F2F4CC2BA
97730030,CIDE8F35FE3EE74C0A91
97730266,CIDDBBA203C0C345F2BA
97730466,CI50547C047FE44A05A2
86100029,CI89F3CF6B1CCD4720A3
97730127,CI0C8ADAD245E34CCCAB
97730343,CI6B0FDD2DC51A471285
97730124,CI9D56C4AAA0DD4BA883
97730670,CI0E202E727C1945E9B4
97730054,CI610922CCAF0B4EDDB2
97730268,CIEDA8879B76B3487AA0
97730467,CI1BF39C74386E4474AD
86100030,CI65079B316E004E4795
97730129,CI3CBA38A2E2E043F496
97730344,CI45E13CDABD4C4B6A92
86100001,CI34D1333A665F45F2B0
97730057,CI682B207722EC4A4584
97730271,CI08797E20CF674A0A9D
97730468,CI7763BA554D434FECA6
97730125,CI98ECF4737D7E4CC3A5
86100031,CI4B7E1CD5EEFE4D71B8
97730143,CI9484A4A41DDF4846BB
97730345,CI749AC9F07564468A9B
86100002,CIBB1F3DD53A9845BBAC
97730058,CI7D13DAEDDFE24DC8B3
97730274,CI5FF731EFAEE047A491
97730470,CI79212C6ECE1E490495
86100032,CI8E84429718274A22B1
97730151,CI963621F70AB94721BF
97730346,CIAA24447F7012415A95
97730059,CIEAD864A2C7A94CE599
97730274,CI3D7DF9D5CE45499AAE
97730475,CI11D506E425C4471A93
86100003,CI8966D799C8A04F4BB1
86100033,CIEC01545D1845420FA6
97730153,CIA29D2CF9AF8A475799
97730347,CIA5CA974578F14FDDA8
86100004,CI60DDFCD13B7A4F9D81
97730283,CI0CBE9829FA2E45E2B8
97730060,CI9E6402CF0CD941B68C
97730476,CIFC603FCB80354507A4
86100034,CI7FB0DD4FBB44464CB8
97730158,CI017B41BF9075481EA3
86100005,CIFDC87442031E419CA1
97730062,CI03143AD365314C03A5
97730477,CIDCD86031C9CC4B549D
86100035,CI4AC0DA9C28FA462395
97730167,CI05CBD36F00734A5895
97730350,CIFC1F4AE48BAC4C0D8E
86100006,CI6138B30C274944EA9D
97730063,CI1F4A0A58873E4A209F
97730286,CIB03C0794A07041F2AD
97730285,CI9466B40B2F7F47B496
97730348,CI96FC7601A7D343A38F
97730481,CI859C37A631FE455D9C
86100036,CIC6649B614A504F46A8
97730167,CI498BDE1E42104E6598
97730353,CIB70E0A3EFF4849358E
86100007,CIBA04E2D5771C42F6BB
97730064,CI30453565614C4B0EBE
97730287,CI56B27F8FA29F4D5C86
97730482,CI21EFC8640A5B4386AD
97730170,CIE8BCB6EC25C549779F
97730354,CI14372E0FFFE747B799
97730067,CI24773B0519B045F7BA
86100008,CI8E493A3B098345FE93
97730290,CIBD635C649060492C95
97662981,CI83A12EF725EC4F76AE
97730484,CI5E7D1971A64544D1B4
97643309,CI30A447F7601D435A8F
97730172,CIBEC525EB2EBA4B4090
97730069,CICB109D619012461698
97730294,CIF2CF4E6629BB460BBB
97730487,CI2306F5ACA7724E6CA3
97730356,CI8FF61BA4C3F141EB93
97732048,CI1A2E6A2D67AC4DA695
97730379,CIAE4FA07185374BBC93
97730174,CI75343CFCB34B45BCA3
97730295,CIEA09F1AB44BF4FA1BB
86100009,CI9B302A63F28F42ECB9
86100010,CI9CCE70040DBC448B8B
97730488,CIE85DAC367A8D43CC98
97745795,CIEC8796779C844B34AC
97730176,CIF7242EF2EB30433E82
97730396,CIBEF60AA6436C472DA9
86100011,CIB7A8DA52BAE14278A2
97730075,CIA40754656EDB42FCA9
97730071,CI965705A546D8499DAE
97730296,CI22BE7194C5C5406587
97730570,CI645D228BA3BA429EB1
38832157,CIEFDE5C245BF64AA999
97730177,CI1E9E7B2CE73143729E
97730402,CI6AE09A48DC1147ED95
86100012,CI8B468AFF513F402681
97730076,CI0F2164733C9E4B79AE
97730301,CIDB6FBBF2C1464BF6A5
97730578,CI95569293E450443A8B
97717286,CI24A4CD059EC946549F
97730179,CIC0E90340ACB04131B7
97730403,CI20892955B49C4A25B0
86100013,CICC576843B223493B8C
97730305,CIA1E588466E6043C9A1
97730078,CI80E5953370F842D38F
97730581,CI5E345E989EBE4848B6
97730405,CI6DEC8AEB940747D2B7
97730083,CI383185E8E09B4152A3
86100014,CI7E766E9DA3C14549AE
97730308,CIB7E8C57688D143BE81
97730582,CI6F9D0EFECB284044A9
97610919,CI253C9D9A1ADB4C1089
97730187,CI049188B710774D7CB0
86100015,CI3356A5EAB2F24D0C89
97730087,CICA4446954AD44532A5
97730311,CI59B6A73F7B364B1E93
97730583,CIC8914EE5BC904BD084
38825966,CI38DFA5381A8C4FBBAF
97730193,CI64FA34037715470B87
97730411,CIF9F5674AC2224AFA93
86100016,CIA8CBE2C25AD94E0BB4
97730088,CI61FA1F44681E4E6B95
97730314,CI6245769E2EA644028F
97728628,CI053B9096BA3045C299
97730200,CI0D1F60C1997B4324AA
97730412,CI36526145FC394D95AF
86100017,CIAE19B3B70AFC457691
97730406,CI860A238EE9084D529C
97730091,CIB0F7F721280A46FBA0
97730315,CI0B83A92EB0C54E3EA2
97730590,CI2101C32063214805AD
97728746,CIBF7A2E09774D42B7B2
97730222,CI1587DDA09E3A458184
97730415,CI795C3F279DE54101BB
86100018,CI773EC8C9770B4BD1B5
97730101,CIED03D52EEE8B4A8DB2
97730316,CID32452E8B14D458780
97730595,CI25143AFC7A714C1696
97728637,CID5576C5D00C1462184
97730224,CIF3000F3D4207466DA5
97730416,CIAACFB9B3BB3A473BB4
86100019,CI39097498AC04479CBB
97730105,CI1925DEE1E20F41ACBA
97730321,CI5AFAB6BE844D4C0D87
97730605,CIB5A81FEE162C439992
97728627,CIE41D244E5651463BBC
97730226,CI45EEE1038610476A94
97730420,CIA70217FCE9F24B38A6
97730106,CI86737D54071449ABB6
97730323,CIB029CE03F5E743CC83
97730605,CI75170D701BDD41659E
97740936,CI6421AF7CC37F459DAF
97730228,CI01C217CE170C422A8F
97730437,CI8902FBB6394542149C
86100020,CI948AE1DC620142FBA8
86100021,CIC62C9404E96148AFB4
97730185,CI96D14C6C426B4B3E9D
97730107,CI527328C0139645C3A0
97730324,CI46592D08D1D74F748C
97730606,CI0F0F5714BBFF48EEB8
97729179,CI1FD0112C2A1246329E
97730233,CI03D730DF22A44EA689
97730110,CIA8E12CE86BC240C6BE
97730607,CIEEC4BE4B75504EE9B7
97730326,CI81F468A30DA242539F
86100022,CI9DF336812D214872A0
97730445,CI9EEAEB96FC6C416D80
97728634,CI38B23A2399D94906BF
97730234,CI309C0586277B4D238F
97730451,CI361893E5C3B14B0DA5
86100023,CI7F57DF7487604E2098
97730111,CIA2450A7077724F7EBD
97730331,CI43F0E2F85D7247008C
97730608,CIC272A14CD09240E494
97728638,CI0736D3CA5A1A40B4BD
97730235,CIAB1B8265B2B8405B82
97730452,CIBC7805C311FA40E0A0
86100024,CI0871C706C1274976A8
97730112,CI4749C20C0785402A80
97730615,CI492BA98905154984AC
97728629,CI9A0DD5A88A3541D6A1
97730335,CI910F199FABA545F1A5
97730238,CIE0C7FC3D15394720AF
97730460,CIE9D663CBE004407EA6
86100025,CI3216AEDC53CC488795
97730114,CI1FA6488A8CF7400990
97730616,CIC6D6F070ABD8423EAB
97730002,CI79C1EDAF491C4EE8AD
97730336,CI80B98C281985485CAF
97730243,CI90A4BDE943AC472C91
97730461,CID9A6E4784B7848A0B8
97730584,CI983DBF9FCC9D4E9D92
86100026,CI683DA248190549768C
97730337,CI5ED923C3CAF74B8BBE
97730619,CI2A613FEB05EE47E580
97730005,CID12B680DE6FE455592
97730114,CI8AC97469319C42D3AC
97730246,CI64A70B1692114C5BA0
97730462,CI3059BB75341A4E3383
86100027,CI54191AD67E904E5696
97730125,CI1D19AEDD9B6B424F9C
97730022,CI8C3592794CB84AC5A1
97730251,CI4C7EE76FA40A4AADBD
97730463,CI5F6CF0977F834129B8
97730667,CI93B9DC82ED4345B39F
86100028,CIA71E700D484B4F48B1
97730126,CI7A49F3BF318D4ACE9F
97730342,CID8C42C087D804E4CA1
97730668,CIDC11B83126464973A1
97730030,CIA8146F19BE9C425889
97730339,CI9880DBD50A2B4B40A9
97730266,CI3A0837BF219B43A489
97730466,CIC5EB8F538AEA4FB7AD
97736044,CI9925B8C59FBF44629D
86100029,CIEBA3D4E68B784D0A92
97730127,CICDB55C5671E8483981
97730343,CI98F06FD896F5495889
97730670,CIB1A866E4412C41DEAE
97730054,CIFBCD4177E7F544AA8C
97730268,CID9CDBE91550F460695
97730467,CIBE4FA6275F0844B697
86100030,CIF8886328D1494484BF
97730129,CIB025D8246A5846F8B7
97730344,CIF45C6307AA1E4033A8
97730057,CI0AADF65154B340FF87
86100001,CI942FC9490F9E407EAC
97730271,CI0F260885C78E4E4299
97730468,CI26C30B00CE7A4F9D8C
86100031,CIBA9895BF4918468D87
97730143,CIDD23589233DF43BA8F
97730345,CI42599EA2F673428783
86100002,CID4EB860B9C8841EF99
97730058,CI4B860240FC1C45C6BA
97730274,CID9AC27CE7ADA44D090
97730470,CI6831059CC59246B09C
86100032,CI59855C6770CD499287
97730151,CI2CB6E82B1DDC431186
86100003,CIE91EA365F2CD4693A0
97730059,CI63C8FE1F3B4A4989A6
97730277,CIC94F15570476459FA1
97730475,CI6794C21E3D8646B99C
86100033,CI0161E39251E84FDCA9
97730153,CI89F94375A63748369A
97730346,CI9DD9ECA0625F4B7181
97730347,CI73FA96BC1DAA4A3D9D
86100004,CIB8FBDB8804D245F1A9
97730060,CIB1872CCAC06D4EE5B4
97730283,CI4AA0133C2C0D48B589
97730476,CIEF9643AC37F045E199
86100034,CI0D584E4B499E4A8B81
97730158,CI0D443A000DE44E22AF
97730348,CI791D15F1CCA446C1AA
86100005,CIB6435D0E37A5451CBF
97730062,CIA8596F275A674F6286
97730285,CIF85230263A96477596
97730477,CIAD6A923E61094E2FBB
86100035,CI48C0313E7FC94A9594
97730162,CIC481768A328543ADB0
97730350,CIC004A370982D408CA8
86100006,CIF35476C5B0064993AA
97730063,CIECC00835EFA1485E8B
97730286,CI16B5B3A0BD18406EB7
97730481,CIE904A433FD1848D880
86100036,CI04CB3D13526E4DA28B
97730167,CIF123EB64225C456DB8
97730353,CI454385D20AFF4C72A6
86100007,CIE05E9A453B234ED7A9
97730064,CI346E929058144082AC
97730287,CIC003864F319949FB8D
97730482,CI5CE0BE8C75614070B7
97662981,CIE201F5166CDD40A193
97730170,CI821B15AF0DD04C1182
97730354,CIA752D633385442ED80
86100008,CI76FDE94A7ABF4247B6
97730067,CI73B9C8F9CB614E3DBB
97730290,CIBAF37884DEB74DCB8A
97730484,CIB145F7C95C2345F98B
97643309,CI3FF03A26083642BAB9
97730172,CIDF25626FD0B4483D99
97730356,CI6E76B65F45124F2886
86100009,CI40A0CB6CBEED4604BD
97730069,CICCBF8E03987143C791
97730294,CIEB4F715729D14A4A85
97730487,CI6134B982C76C4ECCB4
97732048,CIF6292A2BD7194AD982
97730174,CIDB54A11C16244FA7A0
97730379,CI9CBCA6B757294749B8
86100010,CICCB766F517A144B699
97730071,CI03FCF936989F4C109F
97730295,CI130871159901406096
97730488,CI022E03E06577492888
97745795,CI2BEF54FC66EA4CDC91
97730176,CI7AE8DA57F55F4006BA
97730396,CIC4D46E4F57A24A7B82
86100011,CIEA1EEF2C0F784CA8B8
97730075,CI4F6AF18EC8504CBE9C
97730296,CIEE4CF8DD49C34C2E84
97730570,CI4E55896CF8F348289D
38832157,CIB0E29842C53C47848D
97730176,CI9A69C28347354F6787
97730402,CIB0691096D63B46F187
86100012,CI9250C1221042455890
97730076,CI50C7E31AD41F4756AD
97730301,CI44C43CE6AD734862A7
97730179,CIF739C83DAF584A1D8A
97730403,CI4D14F016265C4594A8
86100013,CIFEBF11F9AC70401197
97730078,CIC35D2CC63ECA4CE68A
97730305,CICD0026E46FC04EBBBF
97730581,CIED81228905674DD498
97730578,CI9A011F3809BC4091B6
97736044,CID6FCD60065304565A4
97717286,CI90D0D4A3EED74C449C
97730185,CI0A97C9F508DD4AF7A6
97730405,CI5D5F76A9DB7049D2A4
86100014,CIDF25CD6E95154BC899
97730083,CI85C3BC049C56415E94
97730308,CI5B0C3CCB0DE7469FB0
97730582,CIC85118E7C1AC4B8C92
97610919,CIA56A4C624772484F94
97730187,CI4430BC5BD29F40E2B6
97730406,CI7F5212E084B643B7A3
86100015,CID68B88ABDCCF49C283
97730087,CI43C58FA08392400190
97730311,CID5E40697241A4CF4BC
97730583,CI58C018EF9633426BB0
38825966,CI3D684005F5204B3985
97730193,CI71D80BC79E0B4F2C9A
97730411,CI5FA57C3F08C74CE987
86100016,CI0D0CEAF131D7450E9F
97730088,CI2C61B22CF84747FDB9
97730314,CIE578E7EAEB99409984
97730584,CI0284935EE48A4D0BBC
97728628,CI9CAB0BCED162464CBF
97730200,CI031D7C2C012445CF93
97730412,CIA432C665E030401DB9
97730091,CIF8F59CFD1EA240978C
86100017,CI89379AB0A9DD4A65B1
97730315,CI0B865B8359B84B3D87
97730590,CIFCA3CD720E76422793
97728746,CI3876AB65E34C41838A
97730222,CIA482F6CE957E4B9C98
97730415,CI85202D4AD2FD4A6A86
86100018,CIF2AF39FDE0FA4201A6
97730101,CI3E1CC2A2642A429FA1
97730316,CI53FC7C45B83B45ADA9
97730595,CIDC08438BA5B3480AB4
97728637,CI56125A4D1B5A47FD94
97730224,CI81B2890B9E5E4201B2
97730416,CI93BD002A63B544EDA3
86100019,CIE21C5F419E184628A9
97730105,CIF9CD71704E6A47E089
97730321,CIAD93E7263CD54279B0
97730602,CIA29FA9EF8B5E4FB8A8
97728627,CI568751830F104745A5
97730226,CI058E60908E4E4EBCA0
97730420,CID6CC05B111774E7ABA
97730106,CI797AC9D402A642C496
86100020,CI9B33057686BE472B99
97730323,CI126FA941145F4C82A7
97730605,CIEEFD6F3F60A54C33AE
97740936,CIE36E7848189A4BCCA3
97730228,CI34443518F7164BC5AF
97730437,CI0715DD6799F04C29AD
86100021,CIE4550088229F445D92
97730107,CIC6F1F8996E154691BC
97730326,CI66F889397D6945A68E
97730606,CI1A20AA0D82784E7FBF
97729179,CIBEFF861B1127440288
97730445,CI11154D9561DB4C4090
86100022,CI5EB31652795643B0A7
97730110,CI5C007D1D019E43D38E
97730233,CI8B8A919F91694A5A97
97730326,CI00FF3540DFE74B719F
97730607,CI793C1128AF5F437F98
97728634,CI41A73ACE41704B3596
97730234,CI9E42ACDD39BC41C2A2
97730451,CI64136BA8C53A462681
86100023,CI2DD89E85AC024FDCA9
97730111,CIB5CA6C19D5AD41BBB0
97730331,CI1286B5062C0645BA85
97730608,CICAC2532024084C17AF
97728638,CIB8E7A57FE5EC48BF83
97730235,CI3F349BB2FC8246BCAE
97730452,CIDA0CBDADA8B4479C82
86100024,CIC7FE221DE363465B97
97730112,CIA20916F58AA0449292
97730335,CICA20B9CD5E8544AEA8
97730615,CI24F48F14BC3E4DC582
97728629,CIDA413546EEE34DB8AB
97730238,CIFD66DC7872A54D8391
97730460,CI81E993536DDE4AA7A5
86100025,CIF3217512BBE24B5DB5
97730114,CI74DFA2D399AA4AC180
97730336,CI13D636C1671146509D
97730005,CIC6AA5233B4C3490FBB
97730243,CIF61325DA8B994D5BB9
97730616,CI5C52A126B5B94E97A6
97730461,CIDD2DB71BC91F4C9986
86100026,CIC38602BCF6FE4C1286
97730124,CICA8FA07C0D504A9FB5
97730337,CIFA555262FBEA4FB5B6
97730619,CI8B2CA2E133A44F36B6
97730005,CIEF064294FDD4485887
97730462,CI0008570C9586454AA3
97730246,CI741575C95F7B47859B
86100027,CIED0917E5BF63480488
97730125,CIA51761B629B2456088
97730339,CID14E5482533749CFB9
97730667,CI81A357B15D1A43F086
97730022,CIDBECBE50F89340E5AF
97730251,CI3E98287B1366427B89
97730463,CI38B54FE921514F79BD
86100028,CIE63123898F874E3A9D
97730126,CI8D376A9F2FD44FC69E
97730342,CI8D6F47796EE04A21B6
97730668,CI41BD38039B7A418388
97730030,CI0626810A7DED464399
97730266,CIE6865B3C141F465BA3
97730466,CI7B55A763A3B740C08F
86100029,CI464C92996A944C92BE
97730343,CIE32CD0C23A764736B1
97730127,CI8E711E1973DA44FCAF
97730670,CI85DB722A99AE441ABE
97730054,CIF0919953C91348D08A
97730268,CI682ED678A52F4D8593
97730467,CI61837C0CEED94C1DBC
86100030,CIBF987DD3F5C84110A7
97730129,CI5662F5BA9C234494A5
97730344,CI053723C04DEC49F787
86100001,CI5BE114C2A7364FBF9C
97730057,CIB70C8D6B488D45BDA3
97730271,CIBC4F4E242F7F469E8A
97730468,CI928F0069E91E49749A
86100031,CI0C15B0F8194F4986BB
97730143,CIEC2770DF70714865B1
97730345,CI51946C6AEA684596B3
86100002,CI01D4953E6F834E6D98
97730058,CI49A9985948654C50BB
97730274,CI8FEC07AF54E84F93B2
97730468,CI0486E50116E841ABB5
86100032,CI8BDD00801F1549FC98
97730151,CIF5E88FEBF89842AFB4
97730346,CICF70703839B24862BC
86100003,CI51ACB8B1B6E34DFCA1
97730059,CID24E489480E24E6B8E
97730277,CIC38BBC8EE3044D8B95
97730475,CI7F84D7C354084EBB8D
86100033,CIB9FE5F1D8EFD412CBB
97730153,CI5BA59CE8CA8C49B085
97730347,CI1C9B97C1383B4EDE9E
86100004,CI3FC76A2665FE4C3B93
97730283,CID27A5DE1A19341599D
97730060,CI7E01352F39254046B9
97732048,CIC9283E6F6C21455186
97730174,CI449DC0F1CADB4C4781
97730071,CI2361CAE338DE4F228C
97730295,CID9AA175031CA492BB9
86100010,CI30D71F4DCC3E4CF19D
97730488,CI6076605211FE4C51A7
97730379,CI9BAEAD7DC283489DAE
97745795,CI6CDD3C9EB1CC44EF86
97730176,CID4E233B158D147FA9E
97730396,CICFAA74D774E34BA3A8
86100011,CI5B7C08602C904F21A0
97730075,CIC1715848A98A4F32A4
97730296,CI4A0C5353B7A5405C99
97730570,CI41546F417B2C4F97AE
97732048,CI07B863D2BC6C4343AE
97730177,CIE9401EB162D544728B
97730402,CIFE37FA85C5124352A4
86100012,CI3381F9659EC84C7C93
97730301,CIE25CFE4B556C4980A8
97730578,CI2980CE211D0B440D9B
97717286,CIDB5C156DD6004BF6B6
97730179,CI27059E0059754100B2
97730403,CI68748B1D350B4D4992
97730076,CI99732C9FB58E4AD29C
86100013,CI0A1520CB29F44CD29F
97730078,CI4B3408FF4E1B4ED8AB
97730305,CI20B6C140379F4547A9
97730581,CI2AB2A77305B14C2E93
97736044,CI472A0DCC720A4E4E84
97730185,CIBA387CF146324F0DBB
97730405,CIA8EA5E1F5D584A2CAE
86100014,CI047BB46DE42C440D97
97730083,CIFDC9C2FCD9EB41ED8D
97730308,CIEC477581A98D438482
97730582,CI2D8BDFD820DD42B7B5
97610919,CI98A8656A94244628BC
97730187,CI7680A48140B3410E84
97730406,CI77913A772CCB4317A6
86100015,CI1E96DED5D6C24BD681
97730087,CIF7A09AB823C54E0E88
97730311,CIE6B11585CC964065A7
97730583,CIC95DE136A6574B44AF
97730411,CI4A0D2FA0C7804B588A
86100016,CIA776F4721B9B4A3CA6
97730088,CIE9002E9C69454DA88F
38825966,CI8026A452F7324953B8
97730314,CIA1E5239FE12C4DDBA2
97730193,CI9E3D0C00442444638C
97730584,CI9BA7F37E1C1D434EB7
97728628,CI326748103A7D43AD8E
97730200,CI0532AFBD5FC3462C90
97730412,CI2881DCDD764B43ADAE
86100017,CIA56E76BEACBF4D0DBF
97730091,CI558CB38DE1E94713AF
97730315,CIA725AB51CCE346C299
97730590,CIFA26AEA147BB40859A
97728746,CI55682D545F1D42E4B3
97730222,CI3DA0C95785E747CCB7
97730415,CIE5164270A2FC44398B
86100018,CI3096FD98F7AD4BC9B2
97730101,CI500BD4ED917041FA98
97730316,CID0B6B428EBFE480ABC
97730595,CI22D95B27EA9A478687
97728637,CI8974E7D718594912B4
97730224,CI9ABD14173F0B4D268A
86100019,CIC877CA6265DC4625A7
97730416,CI823BF26A9FF7458E8E
97730105,CI7204884A08C540F4AC
97730321,CIEEE977B596F841DA90
97730602,CI882576F73358423BA3
86100020,CI4032FCA200C4460A99
97730226,CI9A0FCEE3E99049C886
97730106,CI00ADCB12A25F4399B5
97730323,CIB693D9A482AE4067A8
97730416,CI9809895950584C11A3
97728627,CI9876488560FE4DBEB1
97730605,CIB70C4A07A678424AA3
97740936,CI66A1CA4721D94A3E9A
97730233,CI073828C02FFE43A08F
86100021,CI3624E6F010CE4C0FA1
97730107,CI2CDEC4DEEED543E4AE
97730324,CI3DD6A8D4754E465888
97730606,CI1DE4C5381390451C92
97729179,CIAD6758E5591643A483
97730437,CI99E927C6D85C452BBE
97730233,CIA8AB2A02DDB64E8885
97730445,CI3204826077B245F1AA
86100022,CI2CD65D860EE34C6DA1
97730110,CI4D62254A4559431184
97730326,CI1E07C997D12A472788
97730607,CI3FF74CD1DE7749DB9F
97728634,CICAE04F7670354368A3
97730234,CI30D894CB9763427FB8
97730451,CI00774C3032CE496486
86100023,CIC289A1E4D183481493
97730111,CI4B4D9751836F4CBF88
97730331,CI40B7A828F6B1435781
97730608,CI62E4D9462F8F4574B1
97728638,CIBD44A828EED5473AB5
97730235,CI1464D1A03B8C4B639E
97730452,CI30ABC89B3E6D484B8C
86100024,CI078A22FC079D4568AA
97730112,CICD694580E88340C48C
97730335,CI395DAE1F1BD44AAF84
97730615,CIDB7B407842A046EE85
97728629,CI928269973A4447388D
97730238,CI97E4D1F30A894F49AE
86100025,CID276078F06AE47BB88
97730336,CI464D9B860D8D41F5AB
97730615,CIE2DC5C1ACAE34B2888
97730002,CIF962F6F227D34187BF
97730243,CI4BC87F8512E4432CA1
97730461,CI427D7F354C554D1AB1
86100026,CIA5A32F53546D4F80BF
97730124,CI18D629805BFC4081A1
97730337,CI0F8B5CA868044679B6
97730619,CI8F4C56028DED447EAE
97730002,CI1D21B3A21C29434D9E
97730246,CID3398B3FB243477DB2
97730462,CID20C921BD6164609B0
86100027,CIF4DA0F29F79345E098
97730125,CI57071E220D27433ABB
97730114,CI9D8B6B466288476D81
97730460,CI9D8F2C19ADEB4BF68E
97730339,CI2A158BF9E7FB4ABA90
97730667,CI67E70BC3C5E4490C8B
97730022,CI87475AC5D5BF46E6A0
97730251,CI88A15A6BCC634CE7B1
97730463,CIB285B9B4A858404A89
86100028,CIFDE537C572F34F6982
97730126,CI18D93E1A08A0454EA9
97730342,CIAA33F37BEB6040878B
97730667,CICD4CD705ACA6413BB8
97730030,CI34C5A6A3878247B8B3
97730466,CI5A3DCD7C376C4783AF
97730266,CI818B69E3B7294402AF
86100029,CI9FF73A41B9DB4CA6B2
97730127,CI23494E6CD3E240D4A3
97730343,CI3F8AE4BC302C46CCB6
97730670,CIA8470930043847A787
97730054,CI14AB7746215941E88E
97730268,CI0409483087E04A06AB
97730467,CI373F2DD6A1B643F1BC
86100030,CI5F53E862B066434BA7
97730129,CI03097CE4450F4CE0BE
97730344,CIAAB23016BEF748F5AC
86100001,CIC21BAFFB10874A5DA0
97730057,CI4BDD1A53CBE04A3FAC
97730271,CI5405AF21C47A48CEB2
97730468,CI0DF1AC7811434411A1
86100031,CI11D4FC33BBB04777AC
97730143,CI53779379736B4F0EA4
97730345,CI526341E3ADE54DB98E
86100002,CI26641C156CB341CFB1
97730274,CIBA16E568444046509E
97730470,CIBCDF77AD9A934416BB
97730058,CI790C48F6DB4B4E6091
86100032,CI4C87282D50434EDF88
97730151,CI84045D00DD604ADBA3
97730346,CIDECCAEC4242F4CB6A4
86100003,CI74E55BB9AE2948908B
97730059,CI0C7581B8AFB94A86B2
97730277,CI2A42F2587C69404684
97730475,CI6C1A69B4CCBD445682
86100033,CI647444BE13E74E07BD
97730153,CIBCCE17AE45954DC1B3
97730347,CI591D9E2CCC29489382
86100004,CI34BD19B601F24C36B2
97730060,CI310CD7E766B8434790
97730283,CIF4C576FAFF09424B8C
97730476,CI6D7564EBAD5B48A6B2
86100034,CIB5AB37AC8C6740AFA2
97730158,CI025CFD14BCEE4922AB
97730348,CIE413BCC57CD7451DA0
86100005,CIEF89A863AA314CE89A
97730285,CIF85A276D470F474DBE
97730062,CI88EE6939309B4E88B9
97730477,CI572ACF5E4C094AA59F
86100035,CI3FCA5B6739BA4178A4
97730162,CIAA4E2AC73AF2452A8C
97730350,CIE65F78350E534F7CBB
86100006,CIE61A34A9267740F59A
97730063,CI6878836C3C3F4CE493
97730286,CIEC70FB82473944EF8A
97730481,CI8FE32B740BC84D308F
86100036,CI589E0CD4B94A4DFBAF
97730167,CID853BEED46314AB08B
97730353,CIB97F4AB04C09462AAD
86100007,CI063C2793664642DA81
97730064,CI3F2DC33F887744AD88
97730287,CI073E374E3A884B1695
97730482,CI27A487BED73A4001A5
97662981,CI7DF41BF0853543A0AF
97730170,CIAB11F5DAD08B4F068A
97730354,CI0DCE4A9BF3124D55B1
86100008,CIFD82014B48F843B3AE
97730067,CI60DB4F0B22234E99B9
97730290,CI41043411851E4FA79B
97730484,CI058F74F305CF426FAB
97643309,CI374A51E8B2E442638A
97730172,CI4A44708DF6E1439A82
97730356,CI9C874504E2E444BABA
86100009,CI8ADD27C9D0974A2EB0
97730069,CI3F57DDEB5FCE41B58B
97730294,CIB41A7FC5E2994B3BBC
97730487,CI77E2330CD778432285
97732048,CIA3F395296E114E3B82
97730174,CIC96AF3E2D04D46048A
97730379,CI3A9B21B8F337495AB1
86100010,CI980080C927A04C01A3
97730071,CIF1FECC321A4F4D40BA
97730295,CIE9A845855E554987A8
97730488,CI73F02D47CED74420BA
38832157,CI691D9F604FD043CD83
97730176,CI6E37251E7C374A6D95
97730396,CIA78C3879029D4C2882
86100011,CIA641EFBE93594DDAA5
97730075,CI9FE7D678D98B486696
97730570,CIA193A943E31E4D5AAD
97730296,CI8E312092D5654B8FAF
38832157,CI4548335A429C4EA79C
97730177,CIA41B21EEA5E041EEB1
97730402,CI44C618CA63BD48CA8C
86100012,CI3F1D1D75CF4B4D5DBA
97730076,CI2AEA24CAF1A841F1B1
97730301,CIBD269D246F404C5FAC
97730578,CI6F6576893E534411A0
97717286,CIE4C2863FD0564A70BC
97730179,CIB423CDF14E8B4684A5
97730403,CI28188B2BE9EA4CB2AA
86100013,CI362FE482E77E48BC95
97730078,CI9F7903A3059540CD80
97730305,CI8E2593844D454A9284
97730581,CIC3B40975661441C4AC
97736044,CI4BA02C6E55E24433AB
97730083,CIB020C54386844479B4
97730308,CIB9B6AE2EE3EA4349B7
97610919,CIB464B6D6C1B4407183
97730405,CI869EF51BF4124B52AD
97730187,CI1686B602FFBE49FDBC
97730185,CI9BF8186A3F4642EFA6
97730406,CI9C6812E710024709A2
86100015,CI548E8545E7754BAB80
97730582,CI9FA7230427E94E1D97
97730087,CI3B7DAA2B267345C8B4
97730311,CI6C38D29CE4C94B2A81
86100014,CI90DC449617454C9EB2
97730583,CI3C3C183C66744BF6A1
38825966,CID8559B7BF00C47F3B7
97730193,CIE30F0CBB11AE4DCBAE
97730411,CI367C88D75879488CAD
86100016,CIA12AF33F108848BEBD
97730088,CIFC6B67DFAC7A4D9DAE
97730314,CIF84B65AFA86948BF9C
97730584,CIEDB0C784FD2D40FD9A
97728628,CI6AA7B7CFF3AC483B8A
97730200,CI70DA07D389674B7785
97730412,CI81F6018D28E34F80A6
86100017,CIF5ACF4AA58504447B6
97730091,CIAE370617FEAC4963BE
97730315,CIC805D75C61CA4C44A3
97730590,CI951262702679457099
97730222,CIA7E32AB6F13F454791
97728746,CI82C47B9C6C9742EF86
97730415,CI46789702B57E493CB2
86100018,CI87853FBF926343F8A9
97730101,CIB915B4C096554D2CAF
97730316,CIC4467B28EBF54880BD
97728637,CI1103BF5ED2A640FDA3
97730415,CI6D09447C804547CFA7
86100019,CICCF0B9F4FC6D4B63B1
97730595,CI78042BD08FD14D25AC
97730224,CI84AC250FD1B4476B9A
97730105,CI2E3C5CEB44BD4A9F8F
97730321,CI17D721019B0A456EB0
97730602,CICC9BEE5CFAA343B28D
97728627,CI628B1D4FE12D4DACA2
97730226,CI0AE14B1F006447768E
97730420,CI87125EFF2FC1432C87
86100020,CI313CD60AEEB14D1F8E
97730106,CI3180EE33B97647079D
97730323,CI5349B777094943ADA6
97730605,CI594E5AF83B3E4C7282
97740936,CI14990D4C96F54A2DB5
97730228,CI7968FD0E58C042E7A8
97730437,CID3AEECCBA8C04C3BB2
86100019,CIB5EB0F887C63481DAE
97730107,CIB249BA6598A64B71AB
97730324,CI0595AFC79A494B96BE
97730606,CID70B1716A32349E6AC
97729179,CIB311517C7D7645AF82
97730233,CI5ED94574AC50425AB6
97730445,CI10E2AECE16054B84A7
86100022,CIC13B07E0BF7041FF8D
97730110,CI5BB79EFAC07A46608A
97730326,CI436695869B8F4B7495
97730606,CIA8C9E0A38C87490595
97732048,CI69F4A8A8DEEC410BBF
97730379,CI5C485206EE594996B8
86100010,CI44433B7946AB421AA5
97730174,CI9034127D60D149C38F
97730071,CIEF6ED98FBD9B4340B9
97730295,CI755261600D5B4A5195
97730488,CI7961517382FB40AA8B
97745795,CI6A0F0BA938A147EEB3
97730396,CIAF930F0ADDF04C4991
86100011,CI0AD9700E5F644260B6
97730296,CI58764CED53F1498784
97730075,CI7A7F309AD5D5499F82
97730570,CI7E13F7A0014D4DF691
38832157,CI1E041936BB8D451680
97730177,CIC5E64B4B67394527AC
97730402,CI20FF9C7E2C3B4651B1
86100012,CI75E549424F794735B1
97730076,CIB6A0C742625649F299
97730176,CI8F78BB31A9E540F79F
97730301,CI8204665ECD3A439892
97730578,CI22FEEB769DBF4870B2
97717286,CI768BE33DC9DF4A719E
97730179,CI0F199B50632F41B88A
97730403,CICE27B23D35A4477DB6
86100013,CI37BDF37DC23942B083
97730078,CI837ACA4D2C7A40FEA3
97730305,CI3ACD95FAD1994ABEA0
97730581,CI3FED776A70D14A0F88
97736044,CI9DF66C75B89D4171B1
97730185,CID8D33BCC1CD34D718B
97730405,CID1934B09D6414C91B1
86100014,CI8EAAE1EAE724441181
97730083,CI3BB5199E702649E38B
97730308,CI097BF67EE23D40D884
97730582,CI8FC156C27DFF4F0795
97610919,CI3DD803C554A24CCD89
97730187,CI68B75DB3555047BBA1
97730406,CI55015F42109B4A438B
86100015,CICF4BE01B13D64ACA8E
97730087,CI0085A976914544ED9B
97730311,CI5EC2E53E6161462CA7
97730583,CI8890CE2099F442209D
38825966,CI4DFC2A725BAE420FA7
97730193,CIFFF76CA4751841A09A
97730411,CI1617F33B08E34172A4
86100016,CI06779E8AC7ED4B61B1
97730088,CI4DFB313DB76F4ACEAE
97730314,CI23818121A0FA4B05AB
97730584,CI6DE3EC2FA96849F188
97730200,CI3EFD026949D3434A81
97730412,CIF9F943D4DCF445D39D
86100017,CIBAA4591B75914C99B4
97730091,CI39B8F8FA74314A248F
97728628,CI970520830CCB4272BD
97730315,CI0363019B345E436A83
97728746,CI45781C1770294ADFA5
97730590,CI7A3A468956CE497389
97730222,CIDFDDA4E6C53943C09C
97730415,CIEFED0CA458104AADBE
86100018,CI3ADBB758FB7E497DB9
97730101,CI5934E79B769D424A83
97730316,CI390C60BD7E724BA88A
97730595,CIE455F24F0E6940B3AF
97728637,CIDA445A808A63411CAD
97730224,CIED838152DDF3472D8D
97730105,CI20820C467FE049F190
97730321,CI0E7DDE38EE934256AF
97730602,CIB93BCFAC10EE442A8D
97730416,CI85B73C80F04842DFB2
97728627,CID51E2F77E72F4688AF
97730226,CIBE079AAA56434BED93
97730420,CI6A4892C43B8D4253B7
86100020,CI2F2CE163131F49F5B1
97730106,CIBB7894BF2B5349F4A2
97730323,CI47D4091902374F1AB7
97730605,CID72A10707A4C46669F
97740936,CI2AAE611E85DB4E5794
97730228,CIFE6428FC1F7A4EFFB0
97730437,CIF4FA2063CECE41AE8B
86100021,CI7B0D7B1EC21E4CE2BC
97730107,CI19D4A8D4804A4BCD98
97730324,CI6013BCDF6D43469BA3
97730233,CI3880841D637E4F03A7
97729179,CI7097A6C21E4949F891
97730445,CI7848BBBF60924D7EB2
86100022,CI5B8A56032E1A462EB4
97730110,CI05B98499BAF84F4D81
97730326,CI5AC9272F80234827A3
97730607,CID214DA8AD0684858A9
97728634,CI5F9F8250CBB4491D9D
97730234,CID8DF6D8C783545E698
97730451,CIE5BCD9ED50A341148D
86100023,CIE581619341EC4B14BF
97730111,CIDF9906110B544905A6
97730331,CIB05587BE2C484BFDBE
97730606,CI9E86CF584B3F4FC595
97730608,CIDADEA1712DD0451999
97728638,CI622B2D4FEC064883B9
97730235,CI4E3468A271F74645A0
97730452,CI8E3C1CAC977242308A
86100024,CIBB20DA65545D4ECC80
97730112,CI37BBF209841B46B490
86100019,CI9063E41E74FC4997A2
97730335,CI741A1222D0D04C09BA
97730615,CICAD80DCB31D2403393
97728629,CI72C4EF5FB95C4C4781
97730460,CIB5D2C3EA36244EAE90
86100025,CICDA1B324852B44D4A1
97730114,CIA37022B7A9514AA2B7
97730336,CIA570721A6E2C44EAAF
97730616,CI744CD963DA49419796
97730002,CIF387567073344F3582
97730243,CICB47E6F8A0934AB1AF
97730461,CIEDE2C6B2A9E743FAAD
86100026,CI4B0200C87819434C8C
97730124,CI014FDE7446A14D66B4
97730337,CIFC5A0A8E872B4BE398
97730619,CI397A31E636C844A789
97730005,CI1949A84A93E24E61B0
97730246,CIF15E4442CBD249F8A0
97730462,CIE91F030F38FF48BEBD
86100027,CID5985B5349944F3D88
97730125,CI31BD1E678A07426299
97730339,CIE88511B8388A4BE087
97730667,CI6B6911BC272346A99C
97730238,CI9829CC7369704813B8
97730022,CIA3CB6CBD7B194E5EA9
97730251,CIBC7CB2076B4B421483
97730463,CI3DCE8F97DBA04D439B
86100028,CIAA24F977265F43DFBE
97730126,CI17E05F2BB5A74B66B2
97730342,CIF0A6C56D95574374A1
97730668,CI6C66A593826A47DB8B
97730030,CICF32A00473274947A1
97730266,CI7AA77044D69A41F499
97730466,CI19E6611FE9F34544A0
86100029,CICB28D9D98852477EB7
97730127,CI2C79A7CC20A048F19E
97730343,CI66A121593AB34FD481
97730670,CIB82FBB9D88D64DC896
97730054,CIBD97F63964C5464388
97730268,CI32487A5BDBEA42F7B9
97730467,CI6E77F6FB77B246F68F
86100030,CI6AB23B63CB3844DD9A
97730129,CI699A6A761FB9413889
97730344,CI0B807675121547F5A9
86100001,CI2B1E7A5AAA8E4503A5
97730057,CI9DC6F50E9B4B417D97
97730271,CIB350DC6A5728474E8B
97730468,CI2D530347DD1C405598
86100031,CIFE7D3820F0E84F8D9C
97730143,CI4C4F361FB58049E3B3
97730345,CI34B70BC1E7EF435394
86100002,CIA2EE049BF8A84C068E
97730058,CI30A0E08372054083B1
97730274,CIA7FDBFAB01644563BA
97730470,CIA7E6A671E9D845E5B3
86100032,CIC84AA2E12030467EBF
97730151,CIEF6B30F6A68E4AA683
97730346,CI7A3C018B19C54E178D
86100003,CI876C3688D10642AD98
97730059,CIC01D230A1D7B43FFB9
97730277,CI7A1C76B0DF5F4794BE
97730475,CI50EFD87C33F44DFEB7
86100033,CI85FFFA3FB851493D86
97730153,CIB5C065645A17448099
97730347,CI0F8E9A7BD0F040F3AF
86100004,CIFC00949A029344F5B0
97730060,CI7D2446AED4774FC7A9
97730476,CI3739FE495B4148F897
97730283,CI8BE60C8736044F409E
86100034,CI577C822252CC404284
97730158,CI0D75CAEAB11244C4BC
97730348,CIBF1103E25FDF4D6E90
97730062,CIC81E43DD80F74592B4
86100005,CI89A5AA363DE340FE84
97730285,CI1C8CCC6ED48446768B
97730477,CI1794F804A65C419486
86100035,CI39C65234C2EC46F5AD
97730162,CIC584CFAFADE6402887
97730350,CI4D6D3FE41512494688
86100006,CI2EA2C47D94E9498788
97730063,CIC7D35D8D522F48ECB8
97730286,CI75256243C0FE4F0D9D
97730481,CIB9D4E1A596A0490D99
86100036,CIFA730AB581EC44BB9A
97730167,CI49578044D3EC4F3BA7
97730353,CIFAF72C91368840BEBF
86100007,CI306755E38E304D16B2
97730064,CI7607D7DA54B2444ABF
97730287,CI6953DE74DAE04046B0
97730482,CI5951564715464855B8
97662981,CI34932333E302456C96
97730170,CI8821F1019AFB4B69B1
97730354,CI4F08BBFEB6734F7C8E
86100008,CI68FF462E705440C2A1
97730067,CI3C6B74A612DA4DFA93
97730290,CI0FDDE292DCDE4310A6
97730487,CIE84BDFEB00EA4F7BA6
97643309,CI5D36BBC58CAE4565B4
97730172,CIF82446CA3E954583AB
97730356,CIE919B57926DB45DDA8
86100009,CIFBDBD7EEC04041989A
97730069,CIBF6AB6FFD35A400C8C
97730294,CI18D1C72E336E4FD2B8
97730487,CIE61ECA960D914BDDBD
97732048,CI45EAB137CC6641499A
97730174,CI98D7BA48995D4FF8BB
97730379,CI714E7E16D4EB4A47BF
86100010,CIA3E977F5FF4A43C39C
97730071,CI74D4A0D715BE487C8D
97730295,CI2B65BB5845794695BB
97730488,CIFF6C672CE0DB4706A8
97745795,CI14C446C3993D4372A2
97730176,CIC84232D752F4445A9A
97730402,CI2625DBEA57DB47858D
86100011,CI123A41BE94954DB991
97730075,CID181B74CC5AB46D1AE
97730296,CI2B5E7F756F1F4899A4
97730570,CIB72893700784402F93
38832157,CIE3EB0C9D69814FE3BB
97730177,CI8BA15727DD1A4459B5
97730402,CIB76DE0D95EA847EA88
97730076,CI5CBD5E91D30D40AB9B
86100012,CI9F36E4D72AF94D37A1
97730301,CIBB7C2AD1B3D74B51AA
97730578,CI904DD93F2568463386
97717286,CI110C27D769EE4982A3
97730179,CI8475B1CA861E40CFA9
97730403,CI7ED203F5E5DD423B9E
86100013,CIF2EA9EE88A7F45E0A4
97730078,CI7E3023A612D7425998
97730305,CIE90F9494E5DD49469B
97730581,CI2593F84C6BE74A3ABA
97736044,CI5FE4578FDB5B4A388F
97730185,CI9F2E2A627DFA4C47A9
97730405,CIBCD344A604114FCCB9
86100014,CIB45DE3685A484041AA
97730083,CI00754E532FA14D1EAA
97730308,CI8DA227AE135340DFA1
97730582,CI9A9711D7C555454680
97610919,CIF235C91EF9EB4E7FBA
97730187,CI2A262D38DF974784BB
97730406,CI57E9734F3A514408A1
86100015,CI0FFED03C929A4A12AA
97730087,CID6F747C0A95A4CA699
97730311,CI1D508A6B5F85444286
97730583,CI1A5807912832406EBF
97730193,CIDE3823FEA8DA4C3698
38825966,CI8953D62B25D24A02A9
97730411,CIB015F6B79A5D486EB4
86100016,CIF714F2EC282F4F6386
97730088,CI32C46DE542EF4AC097
97730314,CI1E9AD3AABA004AB09E
97730584,CIA31171361F524032B0
97728628,CIA3CD65B4C1874090AB
97730200,CIDFA7976D42234A9DAA
97730412,CI45407D4CDE03485884
86100017,CIBAA540F2826E488789
97730091,CI07583A9B4B3D422E87
97730315,CIB5618399DC0C475886
97730590,CI3E49EADB27AD490CA0
97728746,CIE48E305996404231B7
97730222,CIC76038C83A604C2AA5
97730415,CI48D94CCC25984F9BB0
86100018,CI773BDAD18F1F4EA981
97730101,CIC30BA5929238468EB8
97730316,CI3A62AD41D4DE41B0B4
97730595,CIB727CCF043D9497481
97728637,CIFEAC7127D24B498E92
97730224,CIDC1576667B434DEFB2
97730416,CIFA949493E4A347458D
86100019,CI2C7B0C69297F4807BD
97730105,CI76FAF4DA8582424D86
97730321,CI341D951E899A4D5589
97730602,CI1184CCE84BC6417BBB
97730420,CI34BB0A26D7214CBDBB
97728627,CI589B3EF3556B4813A6
86100020,CIB543061E41854533B9
97730106,CI18E266922DC74E59A3
97730323,CIED1AF072A74F423E82
97730226,CI9AADF4AD634C472DA6
97730605,CI108C2E27694E4838BA
97740936,CIC3C30514ACCB42A0BE
97730228,CI7B20C91BA7C74867B2
97730437,CI78F110A9300748B286
86100021,CI1B5068ADAB11488EA3
97730107,CIE8232016EDF34483B7
97730324,CI217A7D52CC5A4ABD8C
97730606,CIE9ED84B5256941BDA3
97729179,CIA6646629398947A996
97730233,CI6EADF89ADEB14BDF95
97730445,CI138B86231CBB401EB3
86100022,CI585B085755344840A0
97730110,CI164D852488124268A3
97730326,CI3B8358D9009344A18E
97730607,CIE6A54CEE2C054E13A5
97728634,CIABB9E0F93FC74CD98E
97730451,CI6B19E461C93140559C
97730234,CI9D44772CFDE54605AC
86100023,CIC5791247C50946748C
97730111,CIE6F139F3178E4D4FB4
97730608,CIE5028316583E479D99
97728638,CI2C3E90CC76EF4AF482
97730235,CIA28E5B41A7BA4287B3
97730331,CI97FB64ECDFBC4D33B9
97730452,CI3FBC97405D834DA694
86100024,CIE8096F490188450EBC
97730112,CI67C0DFE34910406895
97730335,CI1189AAB991214A9EB1
97730615,CI14593A66DE88415F8B
97728629,CIB35B1A1DA345450997
97730238,CIEF31285B68824210B6
97730460,CI4D5BCCAF9F0E498AAA
86100025,CIDE76F61ECCFA4B80A7
97730114,CI29B529F85369470996
97730336,CI727FDE75D26E409084
97730616,CIFA5AB849BFB0446BAC
97730002,CI9FEF14ACBFAD4C1D8D
97730243,CIABE9C60DFF3D4C328F
97730461,CIFB4ACDA5C98E4294A3
86100026,CI860E7EA5E4C34A759B
97730124,CI1A8C3000EF6C44D59A
97730337,CIADD62C11F6FD4CADB3
97730619,CI2437C77A4B5B4C6CAC
97730005,CI4B327B11F373417AB3
97730246,CI1B72010B94CE4C1C9D
97730462,CI5A46E721018B4F9EB5
86100027,CI664D0BC988EE42CE87
97730125,CI00E2C24DDD00411A8D
97730339,CI8921DB903757497AA9
97730022,CI220469A5801642D386
97730667,CI52C8A5EE219A47E794
97730251,CI894BAFB58578478C8F
97730463,CI88BE6B6C403A46CF9F
86100028,CI313075A589BB4928A4
97730126,CI9AD9CC356DB047A891
97730342,CI6A24DAC2464445FBA4
97730668,CIA5FB824C171A43D2A2
97730030,CI822321EB690B4B54B3
97730266,CI890C765A7B1A4DCCB3
97730466,CI0A9A9D96A4864D4291
86100029,CIA759E7227A0E456788
97730127,CI5C2847CE006A450A9F
97730343,CI7526EAE5F9D34D11BF
97730670,CI7A051661E84A495AAF
97730054,CI132F6D16FB9B476F9C
97730268,CI42F8D84501E4431F95
97730467,CID24D575E86CC4B18AA
86100030,CIF4B7570338904F6F9E
97730129,CIF0389E0361D848BCBB
97730344,CIC0F2B456B45E4C6485
86100001,CI555E036BC94642F6A4
97730057,CI65E865AB6BB7416882
97730271,CI0D2D31BDD98B4F3392
86100031,CIB62E196562864B0D8E
97730468,CI588E3580184B407B9C
97730143,CIA7F22E38DF9048BA94
97730345,CID701D49364084ACDB6
86100002,CICEBCCF03AFBC4EF7B5
97730058,CID0F44933C424492F94
97730274,CICF9CF2013E304B22A8
97730470,CI4B09E9FED56A46549B
86100032,CI33C4DF5E9C1E40C6B5
97730151,CIEB79BF52711A4ADFA0
97730346,CIE555C1CBC4694F7697
86100003,CIC7FE643C7D54422FBE
97730475,CIE37B61B24A99444FAE
86100033,CI65D7E29E5FD049BC91
97730059,CI7FCA80A800494BA39E
97730153,CI528CCD46BFC04F31A8
97730277,CI977D5BAE68CB4BC4A8
97730347,CI3C1D355010684A49A2
86100004,CIF0A17FA15644458A83
97730060,CIC1D3C2FDC2C34DD6BE
97730283,CICE1BD09C8D0A4EBEB9
97730476,CI54B6373AC18F4FDE84
86100034,CI6F032B4E891242B784
97730158,CI25752069093A4324B1
97730348,CI04588217F7A54584AD
86100005,CI0A0B350EA764455E93
97730062,CIC7A813D32025458380
97730285,CI8C0F01983BA24A039C
97730477,CI8E8F830997B942B289
97730162,CIC3503E66BA6348608D
86100035,CI91CF0D6EA43F423AA0
97730350,CI1859CAD23BAC4A7692
86100006,CIF0C2C697050B480BAE
97730063,CI6F52AFA322164BBDAA
97730286,CI6D6211A3AF5445FCB1
97730481,CIAD2A8F68EAB545EE83
97730167,CI2BCAA52FFBAB4F73B6
86100036,CI9D1C26FCCD2B4193BA
97730353,CI0B8CF0760DD741A588
86100007,CI0CD5D76EFCAC42E186
97730064,CIF75642BE14014E37A1
97730287,CIE8BE59A3DC82481A9C
97662981,CI894BFDA036F24CC59A
97730482,CI986065885BF74DB4B8
97730170,CI6C915F2C07F24F0B94
97730354,CID3E0E127B2BC4C489D
86100008,CI1FF6E21293504CCF80
97730067,CIFA65D82DDC004656BE
97730290,CI96DD75C5A58D4E9989
97730484,CI23437FD34FE04A3B94
97643309,CI67C61C76CD8345DB9E
97730172,CI51837DAFA42344B6AF
86100009,CI7C2B0495D55C440A96
97730069,CIA7AF535B2C0E427FAC
97730356,CI9CCCE3A29B5C472E92
97730294,CI4267DF30FE5A4413B4
97730487,CIAD7B6A9EF285474698
97732048,CI18CF129008F940A182
97730174,CI4D6C0137F94149098A
97730379,CID36E383BF0B64FFB88
97730071,CI78A4414D16B84F7585
86100010,CI84B73741D8AA49E69F
97730295,CIEFD28436425547509C
97730488,CI9EF265860887454784
97745795,CI9448899423674545BE
97730176,CI5B350CAC6E794215B8
97730396,CI2032E3503CC74BFDA9
86100011,CID5E5A4340DC04D43B4
97730075,CI938F7F1BF6B443C197
97730296,CICFFDA1A877CC4148B6
97730570,CIC7F8BFC63D1246D6B3
38832157,CI71F9F0B7BB6D4AB8AC
97730177,CIF2B39B7AAD384B8D83
97730402,CIEE6D630E0B0B4B39AE
86100012,CIEC7B3F3B61FF46F2A4
97730076,CIF1B4CCBB179C42B696
97730301,CIE446D98F894146F0A0
97730578,CIDA616A85951A420598
97717286,CI70D7EA748DE24EE88F
97730179,CI3678D77EA6344538A6
97730403,CI8643EF07FFA2479AAE
86100013,CIBC3D60239EC54FAFA0
97730078,CI499146436D924581BD
97730305,CI6265212F572E41AEA8
97730581,CIF2C639E0DE17411DA0
97736044,CI62556EF46B104F8FBE
97730185,CIF97AAA5FBD874102B8
97730405,CI9DF03A32A2F4445C88
86100014,CI0846CF01481D40069B
97730083,CI65F7555824044876B5
97730308,CI8FB282752E1A461091
97730582,CI0892B3405A45474CBC
97610919,CICDB2DDE5F1AB4D519A
97730406,CI4B16C29C781845B5A5
97730187,CI742AA48D44AF4F8EA5
86100015,CI4E467D15B6FF497ABF
97730087,CI3D5BAA66F0A44141B3
97730311,CI586C9677BAAA4E4395
97730583,CI0C3EAB7D76E740539F
38825966,CIB19CCC4CE5F84AD2AF
97730200,CI59C771AB700547F297
97730411,CI88CFD57084BC441A93
86100016,CIC18D096589714CAFA3
97730088,CIAF5AD23E6F61413A8C
97730314,CICD40596BE64841E2AF
97730200,CI46B6EBC3B39B4B8EAE
97728628,CI8039B4E0363A4350A8
97730412,CIAA44AA046DC94FBBB0
86100017,CI071F90DAF99F427198
97730091,CI8B8D8A5C0F05490ABD
97730315,CI03FFD12F4560449CBD
97730584,CI934380422C8749A7B1
97730590,CI86A4C92CB27845429F
97728746,CI8D4C94958EE144399D
97730415,CI316D90CC751F43AC86
97730222,CI9179EC65EE07447E81
86100018,CI15B2046BF84843E8B3
97730101,CI6B2218A747A344C0BB
97730316,CIF62CAF95F0BD4B54A3
97730595,CIAAECC3D37048461585
97728637,CIE42A58760D5E4A8D99
97730224,CI17B82F758F484994AE
97730416,CICDB4AE2998E44EE684
86100019,CI3A535679D65546F18F
97730105,CICD1EF03535A847BABB
97730321,CIEE6305E7301A4F968C
97730602,CIA6C5135852A54EB4A4
97728627,CI2D009955363E46BC94
97730226,CI659E0FBEC7B94F9EA7
97730420,CI12779A9F7E6448E3B6
86100020,CID9ABE5A757874A0494
97730323,CI1F13EE8DD25941ABB2
97730106,CI5EB4CD05F0CA4F4DB0
97730605,CI08CF13239FC44CD4B2
97740936,CIE47E1C21AA87410ABB
97730228,CI6E541A7F8C2A4E32B4
97730437,CI6AA49D375E8A4EDBB7
86100021,CI80DCAA928263476590
97730107,CI668B717C45DA41CE9D
97730324,CI866E42110E1B4B0EA9
97730606,CI78F8CDE14CD04A27B1
97729179,CI79AB383A48F1472E88
97730233,CI4E34F45F88E24EA29F
97730445,CIFA24B85B33704D01AD
86100022,CIE5CC40428DA6419D91
97730110,CI43C064AF81FD4B1E98
97730326,CID328163366644C2BAF
97730607,CID8F049AC63244D2EB6
97728634,CI457D175F9AB8446C81
97730234,CI5B5D01F45D024AA0BF
97730451,CI228E3C2F62764CCCB9
86100023,CIA756C40A63384382A3
97730111,CIDC95372FC78A429E8F
97730331,CI974AAB9B10B04C1295
97730608,CIAC879ADDAB604C0789
97728638,CI33D5007DFC004C09AD
97730235,CIC01C6C193A304E1BA4
97730452,CIAE3870F3F2DC468CA4
86100024,CIAD235735AF774B24B4
97730112,CI080A374ED4B6498EB5
97730336,CIF38EE5D6505942D0B0
97730615,CIE32AEB96F6E9461C8C
97728629,CI23FA9AC7744B43CCA6
97730238,CI314687EC67C748A48A
97730460,CIBF29B149ABB740F0A1
86100025,CI212CBAEAE81C4DCA84
97730114,CI0F4F9C53BC1641DBAA
97730336,CIE231F0C20FC6422D9D
97730616,CIA7755C29F16E482EBC
97730002,CIC6F8B8AA9C3847A098
97730243,CI4BAB06AD21084219A8
97730461,CI4D6467445ACC459C94
86100026,CIE0CD4A54ACB748CE93
97730124,CI1AA7FD32B5794156A4
97730337,CIBEF890B50C5C404C9D
97730619,CICF2B2AC5ABA248748B
97730005,CI7286623F6D32473C8E
97730246,CI8C60120693744D8989
97730462,CIB7741CADE89F447296
86100027,CIB1888B405B4A4D03A0
97730125,CIF3F1F6F03AF54E56B7
97730339,CIA70477C496184B3BBD
97730667,CI434FAB72D9424232BD
97730251,CI34F38A1646724B2DA8
97730022,CI73D981CAD10242BFB4
97730463,CIE99BC158CBAA4D2FB9
86100028,CI7AEE7CBD2C464FFB80
97730126,CI48A9E00D09374EC085
97730668,CICAB680899483461B94
97730342,CI8CD087CB58164F8CAD
97730054,CIDBECBBAB0D7143ADA4
97730266,CI3FAE3BFA7D1048439E
97730466,CI1DADB851781D43ABA8
86100029,CIFDA5934D21DB4671BE
97730127,CICE1D19F6252248C68E
97730343,CIFB034DF29A5643B787
97730670,CI8BB634EC914F42E289
97730054,CI1F4CDD880DC14F178A
97730268,CI31BC9FB7E98F4FE497
97730467,CI4857342566AF4DC1B6
86100030,CID679D451BF3C46BCAC
97730129,CI7ECDA497DA874DA597
97730344,CI42832130D0424754BF
86100001,CIE7AC4A167AEE4B0B92
97730057,CICBFB52AAAD364F3E9C
97730271,CIDA19874A5F2D4A3FBA
97730468,CI852DEBD5A6E3493FB6
86100031,CIEE36646976CE46988A
97730143,CI39237C0A7D9F445687
97730345,CI158E56D118AB44C382
86100002,CI1B304C1D99604AC5B4
97730058,CIF5AE488F80084A0A8C
97730274,CI7D31A631D1294B018B
97730470,CICF7C7832327A413CA9
86100032,CI30F2710CF57D412880
97730151,CI5B15F16A8A544008BA
97730346,CI8A48B14488384389A6
86100003,CI6F7D8F73D4DD4467BC
97730059,CIACB401A73E1644E999
97730277,CIFC105A64DE0B474282
97730475,CIC686C48BBA9746D6BE
86100033,CIE78FF6C921C743AA85
97730153,CI5E46E8A6E412483780
97730347,CI195A5CBCDE314C829C
86100004,CI23F90DF328E944E89E
97730060,CI3C20573C0A7D46F6A3
97730283,CIC33AA68C1F214B7095
97730476,CIEC94765E6CAC4AA59C
86100034,CI6BD7A79A4B08432798
97730158,CI28CB966CABC74F1BBB
97730348,CI5296AF858D5F4786AD
86100005,CICFDBF015166E48D5BC
97730062,CI8B77EAA487324ABABD
97730285,CIFDA211CBBFDB4D4691
97730477,CIE06DC64647434431AD
86100035,CI2C75BC197022472999
97730162,CIC60AE4DD2ACD4E76BA
97730350,CI0552B174152646DFA0
86100006,CI31DDC494AB0348D2BA
97730063,CI616C7F2170E94CCF82
97730286,CI41F0CFA26CD247A7A1
97730481,CI774C3112D00B438298
86100036,CIFB1C1C492DDF42D8BD
97730167,CI4DA22B03ECF44144AA
97730353,CIB55FE4229301447DAE
86100007,CIB14779CBC56D410CB9
97730064,CIFEA65240273F4F56B0
97730287,CIB1F6930808B64B47B6
97730482,CI3E6D489486754614A8
97662981,CI8C739DD49539452395
97730170,CI0DBA6B2FF7114F20B4
97730354,CIC279DB4037CF455891
86100008,CIAC75DC22611946CFB4
97730067,CIDD10206B52D546298A
97730290,CI5B5955A5D2E8460EBE
97730484,CIF40D268391C54820A8
97643309,CI13167CE23B7E4D99BF
97730172,CIE0F62788186D40BB86
97730356,CI73E2FA0446A44DBC95
86100009,CIFBA157E108C3480883
97730069,CI8D7AEED20B3341A6BE
97730294,CI3287F48758D04628A6
97730487,CI02CFD765C3CF49E5B9
97732048,CI431098CAAD854B5688
97730174,CIC73E2BF8F69646B9B2
97730379,CIBAC72ECC37EB44B98D
86100010,CI27F26C24B32E4C4986
97730071,CIA366DC089F9F487BBD
97730295,CIFD854BC9EC33435189
97730488,CIC396AE00942C4DE2A4
97745795,CI5566278F57E642CD9F
97730396,CIF7DA495BDA75440394
86100011,CI67EA8330424349E4BE
97730176,CI9B3A129DD1E446798B
97730296,CIC898BBEF2540470A83
97730570,CI218DEDFDB3B140CA8C
38832157,CIC8D9810518F641F187
97730075,CI9710798EDD6D429FB3
97730177,CI2F6BE764EEE14264A9
97730402,CI4B0696E02BD742D893
86100012,CI5E09B1BB87C3418295
97730076,CIC64662748B534B34AE
97730301,CI8003DFADAD814C5CBF
97730578,CIB045BCF149AF4F8B8C
97717286,CI5535911693A44F35AD
97730179,CIA3935405C7C04040BB
97730403,CI6CBCE8F32A8E46768B
86100013,CI04105CD5B9BB453C9E
97730078,CIB892EB52329C41B1AA
97730305,CI62DAC6BBF5D44849B7
97730581,CIC4EB1C07CE394759BD
97736044,CI45DDBB5569164D6287
97730185,CICDCB96C68D244921BF
97730405,CI0760A58E1DAC4A8BAE
86100014,CI547A9086933A4455AB
97730083,CI7605DAEA3C6042AAA2
97730308,CIB12AD49B8953498BB9
97730582,CI860FAD2AB3104A6385
97610919,CIA23C15D2441F4C0D8A
97730187,CID3E444AEB5234AB094
97730406,CIA2968FD76E084D018B
86100015,CI18D57E21855742B980
97730087,CI440844E2E2284418AB
97730311,CI18C0087BCDC848D4B2
38825966,CIC61845738AD846BDB2
97730583,CI88AC925798AA4842B5
97730193,CIC333442B83F741CD83
97730411,CIF78ACEDFC9CF4BA697
86100016,CIE829305D44414880BD
97730088,CIA822AD7EDF0344C58A
97730314,CID680D47DA5434CF98B
97730584,CIAE52483B4C254D11B4
97728628,CICCCD1503CDB54BBAA0
97730200,CIF4FD5F654D71492F8A
97730412,CI7F71A45DE6CB4F09A5
86100017,CI1C7D09CDCC354E8293
97730091,CI7B9DDDFDF3F34D2D98
97730315,CIFF679E8F28CC4E8488
97730590,CIB6B5DB8EBAF246DFAB
97728746,CIA8F7082EE6C345EBA5
97730222,CI010C45F69E0040F583
97730415,CIF5A9AD03A83E46008A
86100018,CIBDA6CA57973947C4B3
97730101,CI30F07FF98EF94B0A84
97730316,CIAFE4EF18771040AFAC
97730595,CI2EEF1954C37344C684
97728637,CI8683C756512D4C5DB1
97730224,CIF0C771EF95E345929B
97730416,CIEDC4981EC8064EE6AB
86100019,CIBE14C2183A8B4ADCA9
97730105,CI866322DF5671427998
97730321,CI803F4C1CB5E949E49E
97730602,CI4539903BA0544722AA
97728627,CI5DA89EC7A967491093
97730226,CI57CED0AB8076458CB6
97730420,CI599A2DEC35CB437394
86100020,CI9EC3F74B399E4B0A80
97730106,CI1D3681DD4F8F4E6CA7
97730323,CI72EDCDB30E6B4ABA83
97730605,CIAA9AA23B7D9B4C5EA3
97740936,CI2B37F963DEB64105BC
97730228,CI2F167E44C5DF47E88D
97730437,CI4B47DC9A30F14448AA
86100021,CICE1B45C1A94649E2A3
97730324,CIC60DA9CA29E5473C98
97730110,CI8B9B06307DE84C9E89
97730606,CI930B4F8950D044CF98
97729179,CICA1D371D1B9E41BBAD
97730233,CI45E88189C9BB464D82
97730445,CI7B61B7F45D2E4F669C
97730110,CI123238ECB8BF4726BA
86100022,CI861E4B0996F340D7A2
97730326,CI6E92E68903B4414997
97730607,CIB99FAC4B9B17458A90
97728634,CI614C4DDABE554220A7
97730234,CI41ECF84FF3D848F2B1
97730451,CI45F6C41A3B784717AB
86100023,CIC21EEB99516A479AB0
97730111,CI4D2AE2ACA2B14572B6
97730331,CI6CC82A01F62B4DA2B2
97730608,CI55B30362EF174813BB
97728638,CIC77FDB0344F54E32B1
97730235,CI2BF2E85C533C4D1AA3
97730452,CI6D0F00F6DC2D41E0A3
86100024,CID2270234B407491093
97730112,CI300DD81DDF8D45928E
97730615,CI7EF5F8FB1A8E47C6B4
97728629,CIDD1C977371EE4EBDB4
97730335,CI86167B066FF24EE881
97730238,CIE6E32E37990C430D82
97730460,CI4ADA907C1EEA4D82BA
86100025,CI998BFAA6EB7F4DE2AC
97730114,CI91B395C9EB4B4165B2
97730336,CI616FA008AD2942C69B
97730616,CIB7B4104129AB428BA4
97730002,CI1E30CD82E8374D8883
97730243,CIE55618D7857E42388C
97730461,CIABAD7D0EBC7E4B439A
86100026,CIF7BC872B87F549B7A1
97730337,CIE3204BBD05654B0B8F
97730619,CI3EBD0E7A3F3E408FAC
97730005,CI009762383C91406FA5
97730246,CIBF4CC65EDA2640EF86
97730462,CIC09306E16C2940F5AC
86100027,CI3A842E1310C7490585
97730125,CI44BBF5A0966A46CA8F
97730124,CI893DA09D7A014FF6AC
97730339,CI4D84291FB10E4399B3
97730667,CIBB2DA782947E4E93B1
97730022,CI68ED00DB61F940FA92
97730251,CI3CA36CE042324393A3
97730463,CI5ADE2C31FB004F049E
86100028,CI2714D7EBC59F41049E
97730126,CIBD40003637404BC6A3
97730668,CI4F2285BF5B5242F4B3
97730342,CI81491CE6B15748BF90
97730030,CI48D93E32F9ED48B690
97730266,CI4CAF6877C1C1450E81
97730466,CI2C1C8BD6C41B478BA3
86100029,CIBCAC05FBB85B400390
97730127,CIE54147BC68C44BAABA
97730343,CIEA7A355E6D594EE482
97730670,CI12EA5AF5C1E14040AC
97730054,CI3359166BFC0A472CA9
97730268,CI11781F47BE22405991
97730467,CI34F88B38B65B49E6AC
86100030,CIE75507A148404F3895
97730129,CI95A5C34DBB1F4244AD
97730344,CI1E377D3EEA89481ABA
86100001,CI6759CCF2A2D84AB1B5
97730057,CICEB2E53C57584CD784
97730271,CI278147389B254C67BB
97730468,CIDA175F37BDB24149A1
86100031,CI5239C4A220FE4A8DBC
97730143,CI4D5627713A74437BA6
97730345,CI355ABF94F3F54A4885
86100002,CIA2673388D21C43EC8B
97730058,CI792079071BA7405590
97730274,CI186A7BD6DB9940C09C
97730470,CI7D5577BC8B304ED5A8
86100032,CI469051B6577E4EC0A1
97730151,CI3D6AFF05F97F4C2484
97730346,CIC9CC0356F66E495A8E
86100003,CI79CDA8411C4947F68D
97730059,CIEA0EB2A2046642F3B1
97730475,CI3FA8101F0A5B4C479C
86100033,CI5682385876DF4984B8
97730153,CIA331D8A0B1B54857AB
97730347,CIAF1C7D89408F4C5EA8
97730277,CI84428AB2118745CDAF
86100004,CI4AA0099907F04FEDA3
97730060,CIB08F5C79594C4B33BD
97730283,CI1003DB6AD11F47B896
97730476,CIBD0D8B9DD0164E9B95
86100034,CICE12D3A405864615A4
97730158,CI0DBF6757CB1F415884
97730348,CI50A5C2494A6840EC90
86100005,CI572F4220917D46409C
97730062,CI48A2764C1ACD4C93AD
97730285,CI67F01CC1959B40849F
97730477,CICCDAB28D473840F2B6
86100035,CI47D89AB788EF41F181
97730350,CI8EF1D6DCBE88434A89
97730162,CI86610823955540CC81
86100006,CI10856550F2384F798E
97730063,CIE793123311654B2FB9
97730286,CIE1968996FAD346CE91
97730481,CI870966B55E3945C886
86100036,CIFA0021A492BB49F386
97730167,CIDA035B1C02BF42778A
97730353,CIBA23AEE260AC4183B0
86100007,CI4F00E703BADE474A9B
97730064,CIB6D2925B0225494BBF
97730287,CIEA8201FAC6C54F64BF
97662981,CI76C628B463C847DE98
97730170,CI7C55B3FD954343A09F
97730354,CICB31C2CEAF6E4EC8BA
86100008,CI48350580322B4B3998
97730067,CI1974BFA1BB4740B38D
97730482,CI90A4CADDE0134397A0
97730290,CI0BE9301708454B4E81
97730484,CI3616CF36FD564B21AF
97643309,CIB1F914F81EA34624B2
97730172,CI0D777959C9F948D08D
97730356,CI0C464AC1B78C44E9A5
86100009,CI3A31EB6D3F7C4F4398
97730069,CI7BD63576A15141EEA1
97730294,CI4479C67ABA964C66B8
97730487,CI26D9FAB4BF3040F8B7
97732048,CI742C6A4D22964BEEBD
97730379,CIB235E731DD074F6996
86100010,CI3FDF743065A94F6986
97730071,CID33363740AA3434C84
97730295,CIFFD7BB3BDDE747EE91
97745795,CI0CED4383F9754BF7A2
97730174,CI894EB2DC1AB14965A8
97730488,CI9D2DE7C26A1042ADB1
97730176,CI43ACD2D3A26E4D00A8
97730396,CI31A6C3A4BAFE426C84
86100011,CI0356626F1907443A85
97730075,CI2080E40F66D54D7CA3
97730296,CI3409035D9D5642CBB0
97730570,CI5EFE0705BA9E4BA280
38832157,CIB1662D0616544929A4
97730177,CI7D97EBC185884FC0A7
97730402,CID692D5AA0BF34E5598
86100013,CI23AAFB65DEC349A694
97730076,CIEB9AC2AB8ECE400799
97730301,CI00D5E72402AE4C5CAD
97730578,CI9D857ADA3536440FB8
97736044,CIC27432DB40A44D10A6
97730179,CI202247B667C6481AA4
97730403,CI9ACCE3F4A00E4ACBB3
97730305,CICF4CBCBFEBB749109D
97730078,CI7EA54C52800C4F0394
97730581,CICCB8A197265249149A
86100013,CI9CF3E4CACED741FD96
97730185,CI625BEA6FC3B34637BC
97730405,CIF72642E22DE347A6A8
86100014,CI345712C82105462EB6
97730083,CIA976490A991F4D1196
97730308,CIAF28F94C48F04F37A6
97730582,CI63EC0F6D29AC4D5D9C
97610919,CI002AA44A824A4A9488
97730187,CI5280BEB4E8954943BC
97730406,CID9E59C26690C46B89E
86100015,CI1FE6D28D16764FC583
97730087,CI917C4AE16BE646FD8B
97730311,CI2042532A6CF74212AA
97730583,CIAE2DC8E493DC43EAA4
38825966,CI2B8035C358AB4BEB9C
97730193,CIDCE3AA716A1442E9BF
97730411,CI100025E748514E99A2
86100016,CICD6B372976D74A84B7
97730088,CIC281214DF12C4363AC
97730314,CI54A9760348C74CA486
97730584,CICA01AFD43C7649BBBB
97728628,CI28ABF212E7AB460396
97730200,CI70FF6408053140E6A1
97730412,CI3B73851C0522417782
97736044,CI95CBD7A9065D44B9B4
86100017,CI3583F4D7766E4916AC
97730091,CIA6BFDDE26246424F8A
97730315,CI2B9256AF93514203A5
97730590,CI0407147E153B4E71AC
97728746,CI9A6EBC27E4A142F499
97730415,CI1031AD94CAE345D4BF
97730222,CI791F90643079497B86
86100018,CI5DC3727562104C5A94
97730101,CI36C431CAFF064E98BD
97730316,CIF59C25BA34E14ACBBE
97730595,CI2E1AFB0F4FD64D98B3
97728637,CI360611193E4E4069A5
97730224,CI9AF09E950FBD4822B5
97730416,CIF426B305DF7A4EC88D
86100019,CI0553971DD80740A381
97730105,CIC7702072BB5E4E8681
97730321,CI32A55FB9029A4F349D
97730602,CI35488263E22D4C0EBA
97728627,CI3BECCEF52F6D44B180
97730226,CID3D5BEE17D9B473E8B
97730420,CIC5B4D2A5923B45BEB6
86100020,CI1CEE55D248CF48C1B5
97730106,CI072C7A2DDDA14BF097
97730323,CI2E4E4C1F1FC24387AB
97730605,CIEB8129AD8E304D7095
97740936,CIB4CC164175874973BA
97730228,CI5E9AECA19DEF4A599A
97730420,CIEE37C46929154F628A
86100021,CIBEACBA6A8A934149AD
97730107,CIC599ECC30B7C4F6D81
97730324,CI5E430C3AD18E43AD93
97730606,CI2644769A59A24EECBC
97729179,CIB7A05B94ACAF443DAE
97730233,CI4B77C59A75E14C5188
97730445,CIE0AD9FC199684A05AF
86100022,CI0648C6B9D54F42A398
97730110,CI5B3FB1DC2B9C429DA7
97730326,CIAA344FF653B7421ABE
97730607,CIA8EEC2FEA97E491CA6
97728634,CICC68155683324F3E93
97730234,CICC34B5B4F9C6483984
97730451,CI1573C2FC38DE4F0499
86100023,CID30F772406B94A7AB2
97730331,CI55B77282F0A941318D
97730608,CI20874503843B424AB4
97728638,CI3260356528A94C28BE
97730452,CI451A24528199468FAC
86100024,CIBE0667F84C5142E0AC
97730335,CIA064AE29B4DF4996A5
97730112,CI79A4932DA2D24BC8B0
97728629,CI748B15D41ABC4315B2
97730238,CI15B00DB5FF1E4A9E83
86100025,CI3CB8909109714AD8BB
97730336,CI125E63917E4A444783
97730002,CI737660C1094A4C7796
97730243,CIF57BD3CC2C9D4AF0A9
97730461,CI8EA92FE2396C432AB8
86100026,CI4D2BD61C05A74E07B2
97730124,CI455952279DCA4637BF
97730337,CICBE088AA4AFC42AAB9
97730619,CIC99C36163DFE4FFFB7
97730005,CI7605E960CDDC4D03BE
97730462,CI02B287F4B4934855A1
86100027,CID2C3D67C04E946CAB0
97730125,CI4DC6DCA089DC437BB1
97730339,CIB6EEBC70A1A64E4C94
97730246,CI88207FB21AE449C888
97730667,CIECE74DCE19374A12AB
97730114,CI9C8B1CAB0D584C1599
97730022,CI6EF81C5A560A4E4187
97730251,CI27A3F3EAC0BB45DB8F
97730463,CI712E05A62E374D2983
86100028,CI2031B4C698D2498087
97730126,CIAC236C49203F41C3B3
97730342,CI232026F671314B56BE
97730668,CI2721A3AB814347A7BF
97730030,CIC32F9E0C30744467B8
97730266,CIB6C90D756CB64D1187
97730466,CICEAF131A3BC44FB889
86100029,CIF4742B9DDDEE4E2A98
97730235,CI9078328BC8E14684A7
97730127,CI91FED20ACE884BCF85
97730616,CI92BC713D900F44ECBE
97730343,CIA00DBC23F25B4A12B6
97730111,CI9215EE4AC296400497
97730670,CI3AFACF218E5F410BA0
97730054,CI8B5722BD5B344263A4
97730460,CI95169B0D17664106BE
97730268,CI160E4A1EEA1F4744A5
97730467,CI6EA4866327404A00A6
97730615,CI9816B6C25CBF4E51BF
86100030,CI58E7A6BB745F41DF90
97730129,CIAAB3944A593B4853AF
97730344,CIB4A836C4E01C4FC084
86100001,CI1C5D3CA93D574536B8
97730057,CI57ADFF4A49D9446E9E
97730271,CI0CE049B018754D66BA
97730468,CIE9167EAB37504A4493
86100031,CIB3342E714C834A44B7
97730143,CI983D41A968DF4DB98F
97730345,CI53DAE8E55E604CCA93
97730058,CI44F1118D939247F58B
97730277,CIFDDC8D345C704074B8
86100002,CI83B720DCF4704E9E82
97730470,CI88B04FD2693D4B52B2
86100032,CIA0AC8BB5C1C6419697
97730151,CID13B9E41DDBD4D5D94
97730346,CI36D3256B8B8D439E97
86100003,CIA306C9A51EA840F0B3
97730059,CI6E05101E73184D8B9C
97730277,CI2DD24FBC84DF435EB7
97730475,CIE01C1F59A06947D580
86100033,CI155D9361397F4621BA
97730153,CI73DB986CE725452A9E
97730347,CI651472FF45634A748B
86100004,CIC1FBA586CD94446D97
97730060,CI688B19CF3FF64CC1B4
97730283,CIED2C1CFCF934450B8A
97730476,CID602E5C5FDAC4762B8
86100034,CIE272210A1E6542A491
97730158,CI32F79645B6C7413C96
97730348,CIFE66C1A42CD5493A8C
86100005,CI1CA86D4C5AC14E1B9B
97730062,CI2A49E9EEC69641AFB0
97730285,CI19C2D7B58EEF438397
97730477,CI4C27A4B5270D44A29B
86100035,CI10445A0782F74B22AB
97730162,CIF9F0D44A974344C18C
97730350,CIA639B245CDFB4E3BA6
86100006,CIB90874E1AFB549F8BB
97730063,CI5BE4F7E222CE40EFB6
97730286,CI45B3F19530B940AFAB
97730481,CI9E964E47269C44FCB9
86100036,CIAD2FA842F10546D59F
97730167,CI6286F800AC674D0EA6
97730353,CIC1EC3B099EED4847BA
86100007,CI0067142F649445C9A7
97730064,CIF5AB8D8470A040B4BF
97730287,CI5CAF5196759742ACB0
97730482,CIF53C56282EEF4CEB89
97662981,CIF55551E3169B49549D
97730354,CIA38F301A1DE147709C
97730170,CI7C84089FCEA749348C
86100008,CIE1D535CA2B094346A9
97730290,CI03812FCC82434E0199
97643309,CIE59CB059F26F41C686
97730484,CI8667C22BC267488AB2
97730172,CIDD31EF724E2C4F53A7
97730356,CI3ADB9CE813CF4B35B8
86100009,CI1A3E0218C60B48F481
97730294,CI448CE193EAD1488E8E
97730067,CI9CBE0DE740AA493E9D
97730487,CI6209174BD97643C5AF
97732048,CIB18AB4E8BB3449D8AF
97730174,CI5B0D465C7EDF49ED96
97730379,CI76FB5A1729364BAAAE
86100010,CI484E17ED8F1B4A82A0
97730071,CIFD20FF80DEBE4B8A9C
97730069,CI9721EC4BAEF84E8E87
97730295,CIB9727AE5E2B64AFF8A
97730488,CIDFACAD3A7E3A4E4D94
97745795,CIA87D930285DC4EDB9E
97730176,CIA37A406FA9304BBEAE
97730396,CI8B4F0C95BF0040D7A5
86100011,CIF1975F5B51F5469AA0
97730075,CI509A109614224E8C90
97730296,CIABDB2EBCD7E5463CA3
97730570,CI0BED0A9660CD471C8F
38832157,CI09CEB78D36D3440EBF
97730177,CI66F5096689A24299AB
97730402,CI67A9774BA1294E719A
86100012,CICB0F4710530146179F
97730076,CI6F7FFDBD765441A1A7
97730301,CI5470C0369888419C9B
97730578,CI59070E18FF034AC3B8
97717286,CIDCE492E74DBD46F697
97730179,CI6F66B94832AA45AC92
97730403,CIEE2113EE039E4F12BD
86100013,CIE2770FD4479745989C
97730078,CIB53635308C574E9C92
97730305,CI4F39DD12CE4A41BC87
97730581,CI72D59C780C624FA79B
97736044,CIA42E1CD6A3AA46A3AF
97730405,CIF0B11ACC4E5343DF8C
97730083,CI55B992AA7E26461D8F
97730308,CIBD1FCA56BC0A46FE95
97730582,CI0247D2046FF2438C8F
97610919,CI20611955D1D44AC9A9
97730187,CIE6852FCE790B4AD499
97730406,CIB52D9318CDFC4523A0
86100015,CIB6A0D9711F1F465998
97730087,CICADAA30C4E4A4E208D
97730311,CI1E4E68522D0544E29A
97730583,CID70944F6B10349A38B
38825966,CI8DD928884BB34BF0B2
97730193,CIF6A1300C9822428E95
97730411,CI3270572716BF4E2697
97730088,CI35EFF5F829DC4CD38B
97730314,CI47F2E5CDB8A149B9A6
97730584,CIADE19F63B10B4F7092
97728628,CI395720D63FFC4F3196
97730200,CIDE06340EF9D048C08C
86100014,CI9DA5C95E0C0745BAB2
97730412,CI7B08F936C66B414494
86100017,CI411C38B9C83A4CB7B0
97730091,CIE1EAC093EFBE4B209C
97730185,CI9F5116EE46204094A9
97730315,CIA061B0CC9DB5472895
97730222,CI0BCA288862EC43DEAC
97730415,CIA8AE06B2D15042E2B4
86100018,CID92C4FF960724A26BA
97730590,CI90302A66DB23429095
97730101,CI0BFC00B5741C437695
97730316,CI65AF28FA1F6F406E96
97730595,CIE3DF6CA27EA44F92A6
97728637,CIC8634347E4EE4C0990
97730224,CIAAE93474AC0D4781B7
97730416,CI4911708E82A54334A3
86100019,CIBDCF87525EFF44CE8E
97730105,CIF8148502F87544E2AB
97730321,CI89E4E329292E485F98
97728627,CI4D56F24BF2214664B5
97730226,CI07120DC87DD34528AF
97730420,CIABBD85265F1C422F8D
86100020,CIBCF5CE949E5544D8B5
86100016,CI95830732B4A74DC799
97730602,CI96D614B22DF54904BB
97728746,CI9662BBC1BE4F457495
97730106,CI7885CC6810F64E488D
97730323,CI3B20A2C47AB140BE8F
97730605,CI2EE0CF35173E43B992
97740936,CI7D1DBDC177734ADB9F
97730228,CI4CC5D3482413469BA1
97730437,CI17DBBA803149444B9D
86100021,CIAAA22B547D5347B284
97730107,CICA1FD2D9BFC34BE7AD
97730324,CI1F0B04ED00B1477086
97730606,CIA0B1B9625F804E5B82
97729179,CI836AB5C7C0F04F4391
97730445,CI29E80AC35B574B75B2
97730233,CI91ED41AA5DAB4D8286
86100022,CICEC392717B594D4E8A
97730110,CIBDBE8ED42AE34A5185
97730607,CIAF0F4BC826594973AF
97728634,CIEDEF4919BA2E4C5D8F
97730326,CI7F7996748FCD4878B6
97730234,CI551BCC2E715444068E
97730451,CI70EF0B19902B45F984
86100023,CI6A9E2FB34F3E41EE99
97730331,CIE05E2B98F28F442AB6
97730608,CIB39B9884A7AC424192
97730111,CI8E4219F3FCE247A2B9
97728638,CI80ACEB1E81924F1392
97730235,CI72CC4533A23348E8AB
97730452,CI06899911C3724A6A84
86100024,CI843177F00060439FA2
97730112,CI51113551936A408B98
97730335,CI3233D583C1F14DBDA7
97728629,CI243DB43E70974B9BB7
97730238,CIADD2EEBC7C37454FBA
97730615,CI9B338B3B99634336A9
97730460,CI3BE2DE234CBE45BE8B
86100025,CI68F08EBA719C441FA9
97730124,CIDE5950235CF24BFEAE
97730336,CI6616A564B9344EDF98
97730616,CI103E278E9CA747ECB2
97730002,CID42AA735AE974D9499
97730243,CI0FE03A5156664B2DB6
97730461,CIDF4A948F3D35477784
86100026,CI33E1216EAECC4533B9
97730124,CI4F0DF54EE70148DD85
97730619,CI621CFCFB240E49E499
97730337,CI63A9EB28E3AD406AB3
97730005,CI5D0C89643F9E4D4DB7
97730246,CI12E461453753480D81
97730462,CI701589362FD044BCB6
86100027,CIBA855691D94748579A
97730125,CI5A5E20C8FA94457499
97730339,CI8A8B421BA8EA4DB69D
97730667,CIBF5CE8E7D7CF43DBA5
97730022,CID2B8287FD1784238B8
97730251,CI800E48FE60E44BB081
97730463,CIE8C75CBA10F6404F88
86100028,CI97AD189E9AD741E6AF
97730126,CI28C488D70967434D99
97730342,CI5013FCCD1FB04CD4A8
97730668,CI92C338CCC5F6407997
97730030,CI79D2E1F2002141F5A2
97730466,CI191BB558A64D4922B7
97730266,CI63742960BDFA4D908C
97730127,CIF4BCD47CE2B74103AF
86100029,CI961FECB51B3544EC98
97730343,CID937C21F1EED46D8A6
97730670,CIDDDC96778B5947BCB3
97730054,CI16603E938B1C4D7783
97730268,CID4FF41BAE1D74BF080
97730129,CID505240175AF4E218A
97730344,CI218B0790084641C49D
86100001,CI6165FF3BA44C45F1A4
97730057,CIFEB4B25A8A8B4D4488
86100030,CI71D7469997704815B1
97730271,CIB50460D2D6214EC489
97730468,CIE5B448C0D3E640F4A0
97730143,CIEC5CA3513E9E41ECAD
97730345,CIA18203612DE944B6B3
86100002,CI26013BB0917948BD81
97730058,CI579A53B5271148E3B1
97730274,CIC1C0337FE27F48FBA2
97730470,CI60CA6F08A6FD44C79F
97730151,CID28A78D86DFB41928F
86100032,CI9C707DDD45484D429A
97730346,CI8283CD999A874F4D9A
86100031,CI92768653E6A947CCBA
86100003,CIA3BE5DEECFBC462EA3
97730059,CIE952CDE5F12547A1B5
97730277,CI79584D903EE248F7B7
97730475,CI0047A0FEA1114DC4A0
86100033,CIE4506C8D57D14613BF
97730153,CI3D36A98B9D54419388
97730467,CI98E9AFF59F8C4AF8B6
97730347,CI291E84BF83F94CD88C
86100004,CIFE9ECEC963AA42AA98
97730060,CI46CE60F043BC41D3B4
97730283,CIF3724AFE83BB46C4BF
97730476,CI89FF90FEBF014E0EA9
86100034,CID60E129EE4DF4704BD
97730158,CI79904D135B39417CBA
97730348,CI41926A4D80464BC48B
86100005,CID18DEBC2FA1849D09F
97730285,CI11221408F7384ECBB1
97730477,CIF972148B8A6C411D93
86100035,CID731C5D9F3184215AF
97730162,CIC6A3534461104418B7
97730350,CI3E9E91ACEA564CC9B3
86100006,CI5F9A6BC1F9964A97A0
97730062,CI8904C967E9E64F50AD
97730063,CI69D2205A858940DB8A
97730286,CI03BE1B40E6F849E4B3
97730481,CIADCFBFED838A45A5B4
86100036,CI38CD4A8CA97344238F
97730167,CI4A6EDA8741A144418C
97730353,CIECFE15315A3549E49D
86100007,CIA7A2415DC91D4D07A4
97730064,CIEEC0E44708684FEB9A
97730287,CI5D299EB799A9413EA5
97730482,CI63A5AE82BC414B16A5
97662981,CI8FD9B17016294BD98E
97730170,CIDD36468385E04F68A5
97730354,CI3DC04E1966E84B628C
86100008,CI21905434EA274F529E
97730067,CI836D4DA13DEB4AE5B3
97730290,CIBD04DEA116D141E9A1
97730484,CI3B032CDF352D48A982
97643309,CIF5075A08157845C3A9
97730172,CIDFAF41F8DC414D1DB9
97730356,CI9BB8B281D21548C9AF
86100009,CI8118B9BEDF4C4F9B8C
97730069,CIBF8E0A54FD554DCF98
97730294,CI31A150E233F94E2FBD
97730487,CI5C6C0A4FAB154D95AB
97732048,CI72787F9CDBC14C0883
97730174,CI6BADE1356CC6419BAF
97730379,CI94FAB2E2B52840F4A7
86100010,CI77245700938343C3A8
97730071,CI38807FE7206940F287
97730295,CIBDAF94DD45C142149A
97730488,CIFC660467D0B14A4789
97745795,CI7C34B023E9214BAC95
97730177,CID1FBCC220C0E477DBD
97730396,CI06C6C7080C2E4020AB
86100011,CIFC9DB5B51959480F95
97730075,CI20308D703DE14BB5AA
97730296,CI59F79E02114A4CCF98
97730570,CIC25174C69F324F168B
38832157,CI3BD0C2A2E65D41E99D
97730177,CIB967C53D6A4F4183A4
97730402,CI040CFB3140964A01B2
86100012,CIEA74442BB04941F99B
97730076,CI8061F49474C6451EAB
97730301,CI53E1C5BED2C14468AE
97730578,CIDD3F785199B54840A5
97717286,CI9BD102BB69994C17A5
97730179,CI1231B6CECC0B4F36AB
86100013,CIF33C8BD1675F4CE0A9
97730078,CI4DE28B2099824D8485
97730305,CI8324F48BC69D45EA81
97730581,CI58BB9204411D44C881
97736044,CIA0ABD332F64D4FADA1
97730185,CIB165C953554C4DC985
97730405,CID1F34E0B5EA041C9B0
86100014,CI68252EC13F714200BD
97730083,CI7FFAC285AAF84E5883
97730403,CI9D514124F1E8493BAF
97730308,CI48ACFE7104DE44D3BC
97730582,CI533034BC7A1D42D6B4
97610919,CI78BDFF08D2E8461981
97730187,CIF2157A94B7874F8C92
97730406,CIE7638D8225CB4C0FB1
86100015,CI5404BEF0716E4AE9BE
97730087,CI116CB631876B42BBBA
97730311,CI9989B940E9DD4717A6
97730583,CI6788D9C89C2A4DF792
38825966,CI7E6329A48AFF4EC59D
97730193,CIE81946AB45774D0D9D
97730411,CI87443222BECC41BFB5
86100016,CI9FD6668566FC41CFB3
97730088,CI94C70ABB03E3478EB0
97730314,CI7202E2BD2CE34DDE96
97730584,CI1433EEBF8E924FC282
97728628,CI83BB98CAAD8941788D
97730200,CIE2C9BAD231A4416A98
97730412,CIE6949547AEF34054A9
86100017,CI700FCB00DBF8479281
97730091,CI8847044910DA44DDA4
97730315,CI4EE97538E06A49B5BE
97730590,CI1CE88AB97FB04548BA
97728746,CI27AC2219CA804BB98E
97730222,CI17A853198F144863BD
97730415,CIA11E1F7B314F447D95
86100018,CIB966D4D2326B48F9B2
97730101,CI3B2CADB623D64922AF
97730316,CIFB0816E89E794AEF97
97730595,CI0413879DCDB1425684
97728637,CI50F29998FF3A41C291
97730224,CI9C097E287C8D4101A5
97730416,CI1F62B478396B450FA5
86100019,CI38C3F2B7091C4E38B7
97730105,CI71965F0E30184DF28C
97730321,CI5B1C105598AB4C74AD
97730602,CI5BAE1C53C6BF4C5FAD
97728627,CIDE969F7974FA44F88F
97730226,CIA60A8B10AB064364B1
97730420,CIB6326C087BAE48FC95
86100020,CIB8BC78BD0A9841B7A7
97730106,CIA5D4DAF1193B41BB8C
97730323,CI453F69AE00E040D1B2
97740936,CIC55F7FCC6C43461C80
97730605,CI9FC9BEBD3BDD472E8B
97730228,CI287346D4713C4E2F8B
97730437,CI62AA82CD516A479193
86100021,CIB4EF5B89AFC848A1B9
97730107,CIDA27131ED679448EA1
97730324,CI66AA4683A1CA40E99C
97730606,CIDF7C1F5B93A24B7083
97729179,CIB65E68DC906B4D7195
97730233,CI71E8F6F96D2443548B
97730445,CIF1FD5F1D8889428A9B
86100022,CI5335F8E0FB5843FE8B
97730110,CI8D138E3FF2BB45A6B3
97730326,CI0994F00CDD2D4453A0
97730607,CIBAB075D7C09E4ED3A4
97728634,CID32800659E00419AB1
97730234,CIB65065D7513646A19B
97730451,CIAB1D2869306D44B0A5
86100023,CI2A8D61A51DF54F1E95
97730111,CI6F6741F5E1CA4C7BAC
97730331,CIC37722CD87F943F3A6
97730608,CI31CCEB12DEBE4FEF9E
97728638,CIC01CAFD9B1E742C1B2
97730235,CI730BCD1F195D4872B4
97730452,CI53238E2880B8402CB8
86100024,CI2EDF5DB9E4D64B9096
97730112,CI4FF82FDC5FDC49EF90
97730335,CI2E578EEE734941C1BA
97730615,CICF108829B7A94C2DBA
97730238,CIBA7D868DFF06472ABB
97728629,CI7A4A92F9D08C4B2C90
97730460,CIE2DEFE79CE7F419D93
97730114,CI84CE842FBED942918A
97730336,CI0AA3215630314B3B9D
86100025,CI9F026F38C9B64CE59D
97730616,CI3BBE257D5FEF40088F
97730002,CI2DFE6238C6B5451586
97730243,CICE7A66ACB4E940148A
97730461,CIFD7B5D658BB64AAA88
86100026,CI291DFA9FD54C4E81A9
97730124,CI0D234993EC204827B5
97730337,CI154ECCE53EBE4D4FBF
97730619,CI591C03AB516C411F81
97730005,CI6A7FBC6D2C3E41BCBE
97730246,CIB359C009BFB945FDB4
97730462,CI177AED05557D4D1083
86100027,CI3A55C64694214438BF
97730125,CIFD7D048219E5462CB0
97730339,CI3E1391FE9BC1454281
97730667,CI7BA8B66FFCD640629B
97730022,CI81984184B0A84E269F
97730251,CI8397895A9302465B98
97730463,CI400410AE202F4CCAB8
86100028,CI86DF6D0BEC2E4C8EBE
97730126,CI408C8325BB5E4A0E90
97730342,CICCDA9F9CF57E4F23AB
97730668,CI1A484042EC1D419A95
97730030,CI2824066262A3429597
97730266,CI7A40F7824C144B1DBD
97730466,CI312586D51DF6409FA2
86100029,CIFCA3980F14A24253BC
97730127,CI22D5D96B925B4240BB
97730343,CI15B99F1C4572439897
97730670,CI9EEB0B7993A944F388
97730054,CIB59953C89C174EC19A
97730268,CID9E6494F073B4914A3
97730467,CIC717735C1D58402C94
86100030,CIAACA5222E33347F6AD
97730129,CIED4B24B70994444193
97730344,CI4DBBEABA4FDE4AB199
86100001,CI9EFF70D036FA447F96
97730057,CI7BE4237C596E48669D
97730271,CI113659B23886494B9A
86100031,CIEFA0464597D14D598C
97730470,CI8D8D2028F1AE42729D
97730143,CIFC5B7DF4888247588A
97730345,CIDC0A14FCE7344A2A9A
86100002,CI2862E946E53B44EA85
97730058,CI8340B7D9FBCD41B2B0
97730274,CIAE338F34A8624FA3A9
97730470,CIFACAEC44788147749D
86100032,CI0CD05DB6FCFA45698F
97730151,CIEFB076EAE1914DEA90
97730346,CI24DFDF49DE574F84B8
86100003,CIECEC79C014C641E3B2
97730059,CIAE4D2E10A99E435783
97730277,CI2287AC355C2C4917BA
38832157,CIC6DAD6AD361D4DB19C
97730076,CIE435044AB9D44D509E
97730177,CI4A28F1BCAA714B18A3
97730301,CIA87B515F90F04D6493
86100012,CI5CC055AABA01405AAF
97730402,CIA5D4BE5E43CE493F8C
97730578,CI8ED2B840613C4D9998
97730403,CI00086233ED5C41FC82
97717286,CI9C5D7925A1FA4BC09C
86100013,CI816E7739807A42E1A9
97730179,CI974BC02B961547CE87
97730078,CIFCB640414FCB46D588
97730305,CID9CFC60EF2B2467A94
97730581,CI14041A8678094D6C94
97730185,CIC2F08ACD6032493F9F
97736044,CI949A0CE81736499D9C
97730405,CI986A55968B9540E099
86100014,CIA03AE34399464B809A
97730083,CI2901D908D717481085
97730582,CIFD37695894AF4C3FA5
97730308,CI8783143366E748ACB4
97610919,CI1B1DF1A1559C4281AD
97730187,CIADAE289B32504AF3B0
97730406,CI8C010A0413BC49279D
97730087,CI09AD177F3B4D421799
86100015,CI6B3C95718AFD42B9AC
97730311,CIAB6E31A01E9443B089
38825966,CI6FC9C25497C4460A94
97730583,CI8CF6E503036B425F98
97730193,CI45D31A11ECFE4939AE
97730411,CIB39B23BFE7354F94BE
86100016,CI2565711BB9C7461E9E
97730088,CI4F878CBD311F49FFA2
97730314,CIF4AE8BDC1EEC4F3DAA
97730584,CID378BD03C9D148F8A0
97728746,CI236F3826709546448F
97730200,CI03F69C60ED4847EB96
97730412,CICAC17D093BB44B3B89
86100017,CID0D3469FDD2A4C6A80
97730091,CIA36F9CCFDDE347D982
97730315,CI29D0E94CC5F04BDAA1
97730590,CICDF0D36EED1C4D59A0
97730222,CIFEF47726A5DF491A8A
97730415,CI434696F771F14DD298
86100018,CICF87B124AB69469D90
97730101,CIEB8422029E5746C290
97730316,CI72B218228F1D4476AA
97730595,CI640C48DEB240422BA3
97730416,CI6C74FCDF687444ADB8
97730224,CI9E4AB5FA08CF4E98A7
97728637,CI914311D2712244CF87
97728746,CI92C633F8033F4E92AE
86100019,CI2E8FDB3FBE3547E38E
97730105,CI88CF49CBA7EF4C35B7
97730321,CIFB89114DBF8A423585
97730602,CIB624681E7AF14FC8AF
97728627,CI30158F0B383849548A
97730226,CICB4E7C369A6246A4B2
97730420,CI5265BE1B12CF4CA7BE
86100020,CIB5CBD9C6D5374190A5
97730106,CI30B50F2414044CE49F
97730323,CI2A12EE2AC3DF4F018E
97730605,CI09C08CBC77B14A71A2
97740936,CI4D4FA81C546244BDAA
97730228,CI2E1596BE394D4888A9
97730437,CI73F98C3A730D4A84BB
86100021,CIF2BF4FBE12F44C7393
97730107,CID29AA8AB24664AF2AD
97730324,CIBFE3DBC07A3E437DB9
97730606,CI061C835A92EC4477B1
97729179,CI7A5C64230FBB43929A
97730233,CI090BFDEB1F6D4FC1B8
97730445,CI237642BDCA6F42259A
86100022,CICCC0EAC03EB446BDAB
97730110,CID6ABB685365142B385
97730326,CIF22D404BF70E4466BE
97730607,CI49105345881A4214AC
97728638,CIB0E3511ECE794212BD
97730234,CIBFF37710496647FB83
97730451,CI31DF050531B7457A86
86100023,CI347ED1ED25DA4724A0
97730111,CI2D7290E096744357BA
97730331,CI4F7318E6F78A4C0296
97730608,CI76BF2CB8756D4E1397
97728638,CI75C422B58A214F8DB2
97730235,CI698871B346FE4BE1BF
97730452,CI74C8C720A74448599E
86100024,CI4D23FD276A364E8C95
97730112,CIAEFEC597A5CD473B98
97730615,CI6D37CF68C6AB4806A4
97730335,CI8B5318AA58DB4AA991
97728629,CID0DB0B5226644C38AC
97730238,CID82382588DCF423088
97730460,CI4AB6B82C6FCF464290
86100025,CI51FE737DA21C408EB0
97730114,CI71D5C2DB7E1645318A
97730336,CI13A189BFCBD44D61BB
97730616,CIE149657BA17D4B9286
97730002,CI239A8D7190F9403F85
97730243,CI36B5DB92F035403890
97730461,CI47ECFB860BB34534A5
86100026,CIDC7AE79B060F4C9CA0
97730124,CIB2CDA42D43CE4DF796
97730337,CI2D99F8694E2242FCA4
97730619,CI694F7A0AC1C9490CBD
97730005,CI692389BB72F84B6AB3
97730246,CI3E958FD1CDAF4470AA
97730462,CIE61492EBAA1548A1B1
86100027,CID2299D21C930470BA8
97730125,CI2F7311E47BBC40528B
97730339,CI42C572809AB1450E8B
97730667,CIC6958EA4E26E42FCB1
97730022,CIB8DFFF7DA15A40F9BD
97730251,CI4E18E1AB64A24F0BBF
97730463,CIDC596DEAF11F4759AD
97730126,CIB09C7332C14A45D889
97730342,CI07C125EDF117475ABF
86100028,CI8C9DD1B7083543F1B9
97730668,CI020A5DA0031E4609B5
97730030,CI68C27D35ADD043E8B0
97730266,CIE2D56B6699FD4A399D
97730466,CI370880F317324FF0A1
86100029,CID0C1ABA1D7364D1491
97730343,CIFC140254F83F412686
97730670,CIB19B79F338D24406A8
97730054,CI319C6A20F9EF41509B
97730268,CIF3115B0E9DD946FCB8
97730467,CID865FD9F4011426A86
86100030,CI5E830FDCE90C4E358A
97730129,CI1A184EA4CD574BAD8A
86100001,CI2B312788DA2440DCA8
97730057,CI14784CB15368462882
97730344,CI9EC05F61F2F948C7B9
97730271,CIF5628F41F7E542CB9E
97730468,CI3F935B752DCB42289A
86100031,CI0DC2788E86A94B41AA
97730143,CI6EDBDD8760CF4D168C
97730345,CI73E6B5656AE349A09C
86100002,CI318DDED032214D1799
97730058,CIE46AC83DD95B47ACA4
97730274,CI0FB95D33EB5C431FAD
97730470,CI506BB054DF80459CAF
86100032,CI062891E07B9440CB96
97730151,CI82B83D2E77A1413088
86100003,CIB86761DC392E4E929F
97730346,CI869A401E7359426889
97730059,CI86701AEC6225480F87
97730277,CICE371B8C380E428481
97730475,CI324821ABFAF24DFC96
86100033,CI1E5CF6AA081646FDAC
97730127,CI992F3C54D9F04C8BB0
97730153,CID0AD335CB08E43428B
97730347,CI2DE44D3CF1464396B9
97730060,CIF31F990ACBEC4B449D
86100004,CI598C9930AA4C476C81
97730283,CIE37F32AD975048F1A4
97730476,CIDF30723ED8654C30B6
86100034,CIB0E31A9AD87942B1B8
97730158,CI4FD71FCCA9A1482FB4
97730348,CIBF54139D9BCC473580
86100005,CIBAA6E010E36046D2A8
97730062,CI650726988A384EFF87
97730285,CIC90B1E0AE75044F8B0
97730477,CI072FAE93ACD347FEBD
86100035,CI064886CE39AD4BD4A9
97730162,CI18B0F535A39743EF8B
97730350,CIF82005B15B134DBD90
86100006,CI4255F393871641848A
97730063,CID5A60D3569B246648D
97730286,CIDC978F5DECBA48C88B
97730481,CIF1C1EEA98ABF4674B5
86100036,CI1A2585EBC8C149539C
97730353,CI2C7851DE853F406E84
97730167,CI6B030F8967CA45EF8F
97730064,CI351EEA8AAF6149A381
86100007,CI7B824418B8E94723B3
97730287,CIF8285BF474D74093AB
97730482,CI464C426C1D15445F9E
97662981,CI3CE100F55FD54F2189
97730170,CI3916BBF9FB9F4C028F
97730354,CICC43D8EEB9BC4322AA
86100008,CID068BC8BF2BB441892
97730067,CIC021DEE79753414B81
97730290,CI106FA2D280974FF98D
97730484,CI0EF1E8431FA9425693
97643309,CI4E209BFB9BBC494B8E
97730172,CI367F8E043CC6410EA4
97730356,CI6FEFD3B26EF047DEA7
86100009,CI2023407753E64A23A1
97730069,CIA2D5275395AC44079F
97730294,CI1B24CF3E3B734097AC
97730487,CI13A38896518847F1A4
97732048,CI1D340D6071D44568B9
97730174,CIB498DC0A0DE44EEB93
97730379,CI3835AE3725214E1797
86100010,CI3F856C2CDE614205BF
97730071,CIAC024DEDDC4F495380
97730295,CI3B8FF6B0B27541DD80
97730488,CIABDC3D12334440E092
97745795,CIC8E1FB0D5D6B49798E
97730176,CIB6FABFE98ED240CAAF
97730396,CIB3BCFC0E079C40E3B9
86100011,CI90FE27B63C394C358A
97730075,CI0FA1386B328941F39E
97730296,CI00DBC199A7B24AC49C
97730177,CIF182D933DA954444B0
38832157,CI75F51D96F2944D50B3
97730570,CI82A340A393D5497A8C
97730402,CIF33C8776F5CD43F19F
86100012,CI60FD0E28488242F493
97730076,CI97638AED277743899A
97730301,CIA469E0679A3449BEB0
97730578,CI7E1AEB24C0014B0ABA
97717286,CI2E83C28B30FC4D0A8E
97730177,CIC356A182DB9E4CC7B6
97730403,CI1897C64792534239A8
86100013,CIF51617207FD14F71AE
97730078,CI07A7963D9C0E418D8B
97730581,CI050B840F42CB4D3B86
97730305,CI7360687ADCC24C9488
97736044,CIB60D3E091EF54D7488
97730185,CI1E268AD96A17430A8C
97730405,CI8204F289E3FC461187
86100014,CIFE9EE28810004A3C99
97730083,CI6BF2E1AED6524389AB
97730308,CIE19A10CB2C284FA49D
97730582,CI0EDBB1D8966B4E5B8E
97610919,CI2C08D50E55EB4AD082
97730187,CI1A40CEB94CF04A2EAC
97730406,CIBC3F8F1E4509439F82
86100015,CI268C44C6E9364DCC99
97730087,CI4484144B142B41B8BD
97730311,CIE1E233F01C7142FA95
97730583,CI82F93E1D4B714EAFAB
38825966,CICCD5B89C56284E90BE
97730193,CI6417FA3047044E6BA0
97730411,CIB021C93AE3A145D084
86100016,CIE0CDED1CFF634622B7
97730314,CIAF1F46604B774D3990
97730584,CIEF7835CAC0E1450B99
97728628,CIFC51FE2A24BC4665B7
97730200,CIC932A503D00A46D6BC
97730412,CIB7920C6178104A6189
86100017,CI6F1D1C262EA24139BA
97730088,CI9E308F0B0386408780
97730091,CI69EE69A8B34448399E
97730315,CI4AFCE1FF98E9467A9C
97730590,CIE22071AF50CA4CBDB6
97728746,CI3296FE4AFFA841C384
97730222,CIA20158E66B1E4BF38B
97730415,CIB620B38AA29C42F4B7
97730101,CI2E642FB69E6D4B1982
86100018,CI9050E81263FA427DB0
97730316,CI0E9F38F0F5EB40A493
97730595,CI3D4E01853C9A4DCFA2
97728637,CICDC046F1529B4A648A
97730224,CIA1060BDFA6DA4845B5
97730416,CIC4A3AB7034634DE2B5
86100019,CI3F502DE734F94A7483
97730105,CIFFB42339614A45F984
97730321,CIBC512A172E89456AB6
97730602,CIC82DBF6EC44F4E2C8C
97728627,CIB9A8E0244F664EAFA1
97730226,CI59A5F6D06E2747C4A9
97730420,CIC997BA64E68642EAA5
86100020,CI4AE57BABC8AE40F1AA
97730106,CI6F133AA2C4E34A12B4
97730323,CI15BD914BBD484A0882
97730605,CI04CD381E919145018E
97740936,CIC6C83B4D014B4735A1
97730228,CI2D1FB9DD858B42FABD
97730437,CI5902D26F97A9413D95
86100021,CICCB38C91C1A445FBAB
97730107,CIFC18A0A0629C4FDBA6
97730324,CI53DD0162B3ED4E1585
97730606,CI23577C6D87F3402093
97729179,CIBCD3581536424F7487
97730233,CI0594BAB8BA1746E288
97730445,CI5FAC54E8C62145AFB4
86100022,CI47C31C28A3C1404AA5
97730110,CIF43ED2A997564A2DB3
97730326,CIADE5028BB2CD4B5995
97730607,CI5B96EEC7C2184EEEB1
97728634,CI56F8DD6A2F6047A38C
97730234,CI16708304348840D48C
97730451,CIAE53A7E090E445FFB6
86100022,CI72961356E08E493EAF
97730111,CI874B12B684094AC6A7
97730331,CI2E767BB0B1E144828A
97728629,CIFD15D074FA274E309F
97730235,CI721832BFA3F945A595
97730452,CIBBE346700D5D4ED2AC
86100024,CI76A916ADCAEB4E29AC
97730112,CI17CF96A3245348CD8B
97730335,CI239A4E3F418D42C1A6
97730615,CIAB70EA4695534B74B8
97730608,CI92358813DCD742FAA6
38832157,CI70A439EFCEFF42C19E
97730177,CID0AD95207736445896
97730402,CIC44D0DB27023435F96
86100012,CI25522DC671C349B987
97730076,CIF50F9EABE40449D8A8
97730301,CI8832818AB99D43E6B8
97730578,CIC37F4496349549AB96
97717286,CIB58A58770F1F433E8A
97730179,CIE821BA9502084A7E80
86100013,CI31F1EE2CB80F47C0AD
97730078,CIDAF69FAA16F24901A9
97730305,CIB149D4EF949B4E989D
97730581,CI56CF3CE950D044EFA7
97736044,CI343B923D564E4253A6
97730185,CIF649C80A64404AEBBD
97730405,CIBC0E0390F7824FE79F
97730403,CI79E378857565447BAF
86100014,CI758275DEF5974F7992
97730083,CI0EDD91B68DF244DCAF
97730308,CI34DF969CCD074156A5
97730582,CI501160F937B442188F
97610919,CIEE21CC36A80F417897
97730187,CI6F92A83C459F4807B3
97730406,CI47D7261FC9E84044B9
86100015,CI8171F2527C67440ABD
97730087,CID911A444A1BE4BAFA1
97730311,CI711CEBAAD5BE461895
97730583,CI8DD98DC649944FE693
38825966,CI297C862A25BF4DD680
97730193,CIF7D14BF009A24E038C
97730411,CIC4A4E69CD9AF4D3186
86100016,CI9BE4585444764D37B9
97730314,CI59BAA9CAAE094E67B5
97730088,CI7856929FBB22449BB5
97730584,CI6E4A7E915AA040849F
97730200,CI0CA044FE08F24A20A4
97728628,CI967E23C0338846D295
97730412,CI21FE198EA7F0435CA3
86100017,CI31AF96FACCF742AFA1
97730091,CI4152F82ECE004610A5
97730315,CI206E59BBFCCA4D569F
97730590,CIDF67A22598E24EC9B2
97728746,CI7332497F2BFA4E1EA1
97730222,CIB00DC589AAB94F9B8E
97730415,CI7E3B074C08FD49BDAD
86100018,CIF8B0783B00C140DAAD
97730101,CI2880C3B2EBC64C64BD
97730316,CI0CF1FE68DD594CD58B
97730595,CID6BE5C047D754F81A1
97730224,CI1D95BFA9234747C7B8
97728637,CI89A300B52C43498988
97730416,CI816BA6CF87044801AD
86100019,CIAE813C81261F422792
97730105,CI61F0E16CF47F41E59C
97730321,CI08537888C95C47BC90
97730602,CI04ADD58E440E486FAA
97728627,CIB7ED97C62EF5411196
97730226,CIFB2E0EC4401D45EBB9
97730420,CID00003C0B51641719E
86100020,CI1E53F2E7AEB44BC082
97730106,CI40D7CD58745A487294
97730323,CI4AC245D4A1A6417580
97730605,CI1FF79BAED05246A0B7
97740936,CIC43BA310D3A74E08B2
97730228,CI69A711EBB8704ED08E
97730437,CIA27FD67D80774428BF
86100021,CI0C2E6A39C96E46B997
97730107,CI2FC75C31F7594CF5B8
97730324,CI69BF95EBED5B4F5AB4
97730606,CIBEEAD9EF329C415CAA
97729179,CIF9A03B5152A04995B5
97730233,CIF4586860C7C1455FBA
97730445,CIE0EDAEF27E32409E9D
86100022,CI505B465FBEE94CAEB0
97730110,CIDEDBC0F11672478DAD
97730326,CI149446A9F63845E6BF
97730607,CI3A4B04D6A2384AFA99
97730234,CI4D943C79FBF84430A7
97728634,CI6E9357CE394C48E795
97730451,CI489769364B44439184
86100023,CIAE475152BF214887A6
97730111,CI5550BDCE80AE4055A9
97730331,CI33CFFA2950E44FB198
97730608,CIB2CAEEC44E43486E87
97728638,CIC1C1F5B4CA9A4EB48E
97730235,CIDA55DEFFE90043EDAD
97730452,CIA4B507CE09C14C51A7
86100024,CIF6D668232F684A9F83
97730112,CI1EC313FCEAEF4E55AD
97730335,CI40A04CC3992245E8B8
97730615,CI5653E7C8ABF14E8CB4
97728629,CIC31357A5EA654974A3
97730238,CIC0B7A467602642D09B
97730460,CI0FC59B484ACF44BAB5
86100025,CI81534EF5EA0E4710B5
97730114,CIDCF6DB77DE384A99AA
97730002,CI7E15BFB2D86B460395
97730616,CI9BDD4E6B9C3042C4A6
97730243,CI7E4640C002CB4B5298
97730461,CI31857C30F5A344AD8D
86100026,CI3CD6A1BFE2EC4D0AB9
97730124,CI13FFBB6A96564BFFA2
97730337,CI9D70AE8E9FF3485890
97730336,CI9176904CE8AD4734AD
97730619,CI1B928A2475364FC68C
97730005,CI2FB6BE7067514814BE
97730246,CI3967A055D05D489988
97730462,CI3D4F63FD115C4309AB
86100027,CIE02AEB51B873445493
97730125,CIEB6A39ECFBD04AD5A2
97730339,CI315CAB7146C646979B
97730667,CI1E5416425E554554AF
97730022,CI51F9CFA293C04563A7
97730463,CI91ED299AF1724E1DAC
97730251,CI93FC417B67D24401B5
86100028,CIF0694B6D0E72418E8E
97730126,CI2F58F23107294B87B1
97730342,CIF577F95FD4E3479594
97730668,CIC88D79643B654C5486
97730030,CI76EEC97F6EE84D4681
97730266,CI8FB8E12490F1489FA7
86100029,CI1EE84BB06BAB4DF695
97730466,CI92BF62690D8646D0B0
97730127,CIEACB4F8CF5DE423AB8
97730343,CI46FF4543A2BC4736B2
97730670,CI31E7F917B5FA4AB59C
97730054,CI1C2121444E2C477B9C
97730268,CI27124C42A7DF4D3182
97730467,CI274EE387875E438CB1
97730344,CI00BD2F968CBB4DC789
86100001,CICD6EEEE0C742410AA5
97730129,CI970F499253BF41CEA0
97730057,CI5D50723A910446B586
86100030,CI9796B0BC043E4BF18C
97730271,CIC709D4F27D80415886
97730468,CI0BD081312EB04AB2A5
86100031,CI2FEB19B626634D61B7
97730345,CIF9B199F3E98B4F598A
97730143,CI8E0957C905B94D968B
86100002,CI65D363F2E1B04C9598
97730058,CI77E4E90550B94DAFB7
97730274,CI4B3DB1FF98A24AAABD
97730470,CI2631BAD3C2E74764BC
86100032,CIAE8F67B6AD1A485A82
97730151,CIE1F0579F0AC3482A87
97730346,CI08B109194EFE465A88
86100003,CI5CC1E96E64C441B4B5
97730059,CI1A673A0FA5E141CDA1
97730277,CIABCC8E774BD6467A88
97730475,CI5FAA4B7893C0460194
86100033,CIC472427ECE1E4CA892
97730153,CI146117F97D744D69A5
97730347,CI9B63D66339EB4ECA94
86100004,CI58D3037D862A4D729C
97730060,CIA8C8CBD334DE4D2D91
97730283,CI7C6E9835A4804B3D83
97730476,CI1559A3CFE5334BEB82
86100034,CI0D9B7EB94F604D39B2
97730158,CI48B275A0E01D4FFBA4
97730348,CIAA842C8BA2754F8B98
86100005,CI291B7229F0D248478F
97730062,CI7284A6CE6F5D463BA3
97730285,CIF8F60235783949B7A3
97730477,CID107646A668D4121B1
86100035,CI7F92BBF9BCA34D60A6
97730162,CI4E1B76AC6A694CFAAE
97730350,CI5EC68CBD02CB40289B
86100006,CIAF8E0DA07B2E4E0BA8
97730063,CI62EB938EECB048EE9D
97730286,CI6539F03BF5A440C3BE
97730481,CI3313A3FE54DB4AF99E
86100036,CI3163BCA76BFF4DC393
97730167,CI3DC994A44AF84D84A0
97730353,CIAFAFD8BDCEAC4CEBB7
86100007,CIFE93296E15F0432B9B
97730064,CI113ED748BD8441C8B5
97730287,CI3DB3D1F6F00343AEB2
97730482,CI16D3383B44BF4A4AB6
97662981,CIB2B765F06959460680
97730170,CIC1FA6102F260402792
97730354,CI7DA64BF567F642639D
86100008,CI4BDA2C4B99934C159A
97730067,CIDFD0A87B98BE430BA3
97730290,CI48C3CBC362ED45BBB8
97730484,CIF4998F2E6DB8455DB3
97643309,CI0A2254D7DA3F419882
97730172,CI2995433F1AE54E4FBE
97730356,CI3A42E1D9BE9447DC87
86100009,CIB62F382FD2154CA69C
97730069,CI81D3269F6DF74069B4
97730294,CI66CE0E666906402795
97730487,CIA1DF03957AA749BC86
97732048,CI86B8A137154445A9A5
97730174,CIDA212A03D74F4BFDBF
97730379,CIE8E53850E2064EBBB8
86100010,CIBA4C93E1CFEF4042B4
97730071,CI7D58D1A8D0334A4EAD
97730295,CI2C3BDAAB057845E381
97730488,CIB2D84EE536394AE6A4
97745795,CIE18B98F1145F498DA6
97730176,CI87E4851CE557446880
97730396,CI684D5D5A4FEC4075AF
97730075,CI2781EBB86DBA44D488
97730296,CIB10FFAD4D68A4ABCBA
97730570,CI6DB97F8E07914A9CAA
38832157,CI260C917D5792470781
86100011,CI93785CC0EEF441CB8E
97730177,CIA77BAC6E39264346BA
97730402,CID9290E8368AF40E880
86100012,CI3598C8B247CB4AF6A4
97730076,CI42F5C12285D744F188
97730301,CI7444F0363CB24C61B8
97730578,CI9401F8858E5C465B85
97717286,CI30C5C417F7604D86B6
97730179,CID926DF2006F047D49E
97730403,CI39BCAA679ABC49598E
86100013,CI8F8A7EBB9859419E90
97730078,CI9B8BBB58213A43ACB5
97730305,CI707A692D640C44849C
97730581,CI96A6A752B6E64D3A89
97736044,CI06F8D904A2164B52BA
97730185,CI9FDE11C3A402411A92
97730405,CIF98CF297326B4DD094
86100014,CIFD02B7B93D504205AE
97730083,CI34A74A2A34AC4246B1
97730308,CI35A5B634CC5F45549A
97730582,CI5B5DC7D80982472B8D
97610919,CI2E5FBFD4249D44AEA0
97730187,CI5983F7D39CBF44D68F
97730406,CIE11EB7B07066422485
86100015,CI818E868BCDCD41DEBD
97730083,CIBAA25F5774BA403B90
97730311,CIA55F5F8DDBD546DBA8
97730583,CICDDCD6E69A564B97B7
38825966,CIA734A16B907E421490
97730193,CI078C8D255347486C8A
97730411,CI6E7A9245BE074B8E8F
86100016,CI5FAA9B5A42834F0EB6
97730088,CI7039C740CCBF4637A4
97730584,CI8243D17ADE924851B4
97730314,CI98AAEDCE7871428DBA
97728628,CI54895B24E3304C3E95
97730200,CI2B22034C24C14AC394
97730412,CI6A07E7167A284A6D96
86100017,CI0D55339BD1FF44AEA0
97730315,CI49CD5F362BF04240A8
97730091,CI941B0E77A7084A5EB7
97730590,CI05DF03FE0CB9474B8E
97728746,CI346EC23AF41B47D1B0
97730222,CICF54B1A22AC942D39D
97730415,CID936D749D8AA4F168E
86100018,CIE3006841561341468E
97730101,CI771BCE1745764354B1
97730316,CI1EC03430DFFF47BAA6
97730595,CI66C93CAAF1E34DF68A
97728637,CI3D6311D63FC04EB5B6
97730224,CI3A3F5D6E6AE1482C8B
97730416,CID37EE96CE661425AAE
86100019,CIBC387FB3DB6B4BF996
97730105,CI7FCBAF36FFDB41FDA7
97730321,CI8FB6ACE0FA664F7DAE
97730602,CIECF9126421C643258D
97728627,CIF147293DCB18493B9E
97730226,CI85E41BA50C10467C93
97730420,CIC8C62BC8F1F2431591
86100020,CIADCB7D3C8E00471FAA
97730106,CIE798B275BBD842E0B9
97730323,CIB0AF4198FC01437AA2
97730605,CI192FEDCB464D486E99
97740936,CIA5A84CAFE3D34C709B
97730228,CI2980F5BECB67416DBA
97730437,CI3C725466CFEA4C5EAD
86100021,CIB75301C319634F9594
97730107,CIC0CFCA3300F14F50B5
97730324,CIF8C5A91266144E7FBA
97730606,CI4E91896336004E3BA3
97730233,CID4D18886A24047CFA9
97730445,CI609CCEDD874F4DEDB1
86100022,CIE4E68F2F51E94C1E96
97730110,CIEE12F00B97AC477390
97730326,CI1D61211B3E3B42EB8D
97729179,CI9D5801E61C1249149B
97730607,CIC3DEAD480EF349A58D
97728634,CI01C1363621004FF5AB
97730234,CI39931DB7B9BB49AE8A
97730451,CIE63B3F076513407988
86100023,CIF95C6804B4694CA6B0
97730111,CI8CB5E836DFA246A396
97730331,CIA4EFD1FED2D448E7B8
97730608,CI1F92B114B8A7482886
97730235,CI769C7D65F0A64036B8
97728638,CI9A4F271DC1B74F9B85
97730452,CI43D124DF228042779B
86100024,CIAE65763062974D5EBD
97730112,CI715A321D9DFD40DE9C
97730335,CI2C85B79C1FC6456A93
97728629,CIC3F9E59C574248F0AC
97730615,CI7D0D79678B1C467985
97730238,CI7443607494CF4CE1A5
97730460,CIE6AE621A71C943398A
86100025,CI25AB50A070F942FF8C
97730114,CI74EF0A9B371A4D6D93
97730336,CI5F52121E3CCE469BB7
97730616,CI7CFCF70E1FD9490298
97730002,CI7B74657118E64341B6
97730243,CIE20D3DFB88A44801AE
97730461,CID1D17C38B98943E4AC
86100026,CIE052AE52192A4756B3
97730124,CIBCD7E958F317485B81
97730337,CIB95E6DF051FA4437B5
97730619,CICC0F1BFAD01447E09F
97730005,CI6A7C568D73C24B52AA
97730246,CI9A8DC3DE35164D9891
97730462,CIAA5A474D1DC0415EB7
86100027,CIEF37AB33DAE34075BA
97730125,CI99D69EA1F43842598A
97730339,CI533B4981153142E188
97730667,CI8B1417BCA13F46B68B
97730022,CIFE404EAC1E724BD8BC
97730251,CI54AB18AFF2BB4E5494
97730463,CIA0A31640565049E2B3
86100028,CIC556C55FFD4F417191
97730126,CIE15122F701294922AE
97730342,CIBB37E839D8D5489E91
97730668,CIF1A85A61D1924C10B5
97730030,CI5F6549945013419699
97730266,CI42C62E956C104F43A7
97730466,CI2695C6CBC0234B47A5
86100029,CI78FF1575282D444093
97730127,CIFBD0A92027634D8591
97730343,CI4228C2DC82F542F683
97730054,CI77352E041F1747A9A4
97730670,CI880569BE936749F9BA
97730268,CI83DE202700024AAD80
97730467,CIA91A0EE5E3FE4FBF95
86100030,CI5A028F0500FC4963A2
97730129,CI7E89C936B3A5464DA1
97730344,CIAB5D87B95A4D4B659D
86100001,CICDA0F5A4BA4E4BE2BB
97730057,CIAF133BD25206459184
97730271,CI649CA5FD723D43F2A0
97730468,CIFC82D294C9E049AB85
86100031,CI8BC38E35E28549E5B3
97730345,CI029F6DF628FB4288A0
86100002,CI013A23B5DB70411B9B
97730274,CICA9617E0D06449A4A5
97730470,CI35465677417C49D9A9
97730058,CI9F752569D56B4DB0AB
97730143,CI99F50AEFF8344AF4B2
86100032,CIC8C96290A82843BC94
97730151,CIA020121E3E16484AAE
97730346,CIB1C1ADE06BFD4432A8
86100003,CI1FFC148EDCB244CDAC
97730059,CIDB1A4BBE5B2E447B8C
97730277,CI1EC6EAD0962D4030A3
97730475,CICA26BAD21923444F94
86100033,CI1AD541C6CF354E95B9
97730153,CIDB3CB924B8FD4349A6
97730347,CIE4050BD12C104F61B8
86100004,CI20B1165EF0F444758B
97730283,CI5E75A033ECB745C0B0
97730060,CI907DC625F8C24F0D89
97730476,CIE2FA6529011645009A
86100034,CICB4CB3F15B5648C9BF
97730158,CIC7476DBA7BF843B184
97730348,CI9858CB6062F64FB0A8
86100005,CIB406217987A7459A8F
97730285,CICB6F831BB33D4D569E
97730063,CI6DE94AED5828407FBE
86100035,CI6480C4E961694FA4BF
97730477,CI74D04F9BB0574BD2B9
97730162,CI1E158BD3443D4B95B2
97730350,CI51C27B21677E45AA9B
86100006,CIEAF2A242D9964169BB
97730063,CIF81EDEDB7A7A438F9A
97730286,CI929FAAFDAD824F22A3
97730481,CI96058F9AA2304D1A90
86100036,CI4997AB771E7F44BBAC
97730167,CIBFB60D02E13B477D8D
97730353,CI0FFC31C527804BD9B1
97730064,CI01DBA00A282246CC8A
97730287,CI894298349CBA49B095
97730482,CI8E4CD58036F94F1491
97662981,CIAECC1B0D54D0406C9B
97730170,CI94D331A54AD247F5B9
86100007,CI961E14D8B381410696
97730354,CI2C4CF3305E3B4F42B0
86100008,CI4FA32FC42C4F4BC7B4
97730067,CI32B6C053ED0B4C6780
97730290,CIF6F3274A813B4667BA
97730484,CID8573C2BBD714AA985
97643309,CIE90B4A5435744F70AD
97730172,CI53C8DC9CF8FD476F99
97730356,CICDB5280F5B2B469497
86100009,CIB06653260F1A4574B3
97730069,CI3BBFCC2D4CE74699A6
97730294,CI2334210D5A374EF08E
97730488,CI25A980AE77AD498999
97732048,CI1CA11C0E7CE44EA7A3
97730174,CI3E727303270149F292
97730379,CI5B9B58BE8332436AA5
86100010,CI0377E0E448CD460A9B
97730071,CI517614ED5A6B4ACFBC
97730295,CI1288817F348F443FBD
97730488,CID6154509B2A1493CB5
97745795,CI928310FD30EA4C8E8F
97730176,CICD79355E91B14D3991
86100011,CI17D7FCA40E884E3B96
97730396,CI8A7C7275CA034FD582
97730075,CI39A3A74D39E24C308F
97730296,CIDF978F361582442397
97730570,CI83E448C2DC5940928C
38832157,CIF1CCBD33CF0D458485
97730177,CI7F5F64A5736F4F78A3
97730402,CIC46C0E289CCC4F18B5
86100012,CI7812918D725F456BA8
97730076,CI0736AEBF4F024E04AC
97730301,CI758A580E4CCD464FBD
97730578,CIDBB7A662ACFB422FB8
97717286,CIB02A70AB2C444A94BA
97730179,CIF7489E7194E3466898
97730403,CI7C6D974DB7C24129B3
86100013,CI0DE830A98C30441AB3
97730078,CIDC272D65F5EE4AB584
97730305,CI8624AD9188E64A5BB4
97730581,CIB91EBD8418BF4D7C91
97736044,CI9D572C34DAA94223A7
97730185,CI4146E91CD7CD4B018B
97730405,CI8600E07E836440B1B5
86100014,CI7F31778994654861B2
97730308,CIC9112A6714AD4E73A2
97730582,CI1028BD28C65445DA95
97730083,CI8983DAA5957A4A66B2
97610919,CI5EA71224BD0A48539F
97730187,CIADA6B612D6D14EDDA4
97730406,CIF38D78CAA5CD47D0A9
97730087,CI231A359681F3440493
86100015,CI49B3034F78AD4AE282
97730311,CI3DB081BEC28E40E3AC
97730583,CIA3D96DF3D6F140B785
38825966,CIC641E0D92EF1464DA1
97730193,CIEA2985924739440E8A
97730411,CIF0C314F13E2E4EBD90
86100016,CI05264C43DDEC46CE9E
97730088,CIA4FD10D5874D4AF5AC
97730314,CID7FCF0775DAD4E8DB6
97730584,CIB4191AA04E4047AC89
97728628,CI9AF7F532329144E597
97730200,CIB1CFE392E05345269E
97730412,CI345686A0B44A4909A9
86100017,CI3183B44855BB4E8982
97730091,CI4D7D468C11074EF8B8
97730315,CI97F6B2BA505C4839B0
97730590,CI598C8A2E488242A89F
97728746,CIAA5474F4D44E4A8590
97730222,CICB2A8A7ADA9F44CA92
97730415,CIBC15B6E760A044B9B1
86100018,CI98E394F13B544A748B
97730101,CI523BDE9799E6481FA7
97730316,CIA607EA5E44704B8AA1
97730595,CIA73D49B7AB72433B93
97730224,CI0AF724A913CB462392
97730416,CI5CE119FEE49A453CB4
86100019,CIC8FAFC7264844848BF
97730105,CI29947E54737343A58C
97730321,CI4CE9F1EA87284C36B3
97730602,CI4AB107B7196542CBB4
97728627,CI928AFE2E7F3C4D75B4
97730226,CI891328F6B5204B0198
97730420,CIFB8AF59F9A2D42E0B8
97728637,CI98C4E90F95D44CF297
86100020,CI30A4E85CBC8C45DA84
97730107,CI063BDCA4ABA54F4C91
97730323,CI79085A333AEF47B8B4
97730605,CI544D0410AFD5468F9A
97730228,CIFD05EB21C7C4456DA0
97730437,CI087D81CBEF8348548B
97740936,CI85E5BE0D3456405CA6
86100021,CI9564E1E9A6D5413C96
97730107,CI4B6EE0D08FBF415AA6
97730324,CICE09AE1A76E845B696
97730606,CICFE956663C134BE4AB
97729179,CI08A907EA64A9455D8B
97730233,CI0CE8B87212D0457AA2
97730445,CI25D58A44539E4F769C
86100022,CI02E707566ACB4B2283
97730110,CIC1B64F699CE8431A93
97730326,CI13EB0F37138D4DDFB5
97730607,CI21F6DB5513684A58A3
97728634,CIB67B7EEC2E4E497DB7
97730234,CI4F7230135B1A41B8BB
97730451,CI58F9AF80E52E41E996
86100023,CI60C8017CB6A247DB81
97730111,CI80EFD7B57EA440DC88
97730331,CI9B1E66A9522A4FF687
97730608,CI34EA909C81F84BC688
97728638,CI38685A1580874E2298
97730235,CI2CC7210BCFEC436886
97730452,CI0729433DC50C4DF08E
86100024,CIA468F6E394AC479081
97730112,CIC9816A8C4D934E3BAC
97730335,CI35C976EC9CAB4DE5BA
97730615,CIC412F5A5DE294A6595
97728629,CIAF2DCB3353EE478496
97730238,CI51F7A69526AB4439B9
97730460,CI29D70B1071BB4A8BA4
86100025,CID92E75D706274F4AAE
97730114,CIBD6E807D6FD94E02B0
97730336,CIBB2343F121D04C7295
97730616,CI5B9DC7BC18A846EFA9
97730002,CI673D6CA0A6FE4B4185
97730243,CI83C833BD150A4F56B6
97730461,CID16523BBEFC64777AA
86100026,CIFE9A73737B044BF5A5
97730124,CICA3FA624BE5A45CE9A
97730337,CID0DD8C06ED5E42279D
97730619,CI18A69316511249C88C
97730005,CI8412C9AF8D9F499DBF
97730246,CI5BF2C423855642B6AA
97730462,CICF71278C59D34F7B9A
86100027,CI5CF87D86922B49829F
97730125,CIF713A4AD5E784793B5
97730339,CI3F2D14D2D84F4E7696
97730667,CI8A6A9A86542C49658A
97730022,CI231D6CF3DAEE42D9AE
97730251,CI0D3734F2702C4B4A96
97730463,CI7F808FD8C214431FBA
86100028,CI5FB72B69909D4D77BA
97730126,CI00DFCF82C5074A65B5
97730342,CIF9D1E6400AD8421BA5
97730668,CI6C0DD310B39D4BF697
97730030,CI2E097BF9099D41B3BB
97730266,CI4C664E9046AB459693
97730466,CI1FB8E0EEBF42492199
86100029,CI1E7BF4909E084C549F
97730127,CID16C5DB463A84D2181
97730343,CI59AC003D4D6F46F484
97730054,CID862397383FA40AF94
97730268,CI5547D05E8BD94E3998
97730670,CI75C2B0FFCA8348A48D
97730467,CIAE081526807B4611A0
86100030,CIB1D29F686ADF47668F
97730129,CIFDF115DA7E784047BA
97730344,CI0DD65D440782409A9B
86100001,CIDB96D29F3F02421993
97730057,CI61F70B8E3A9D4C15A6
97730271,CI05D28198075E4CAEA1
97730468,CIDC7FD7C2AA064B478D
86100031,CI76FD0057FA38418796
97730143,CI87C37BFD3A6341D184
97730345,CI58394E78E0394DE3A3
86100002,CI52F4175AB1A747B6BA
97730058,CI9514BE236D6745FC85
97730274,CID596193EFC0A4D46AE
97730470,CI193DF6D7DE60481390
86100032,CI5D219708CB2945F99A
97730151,CID10DD841D2A24FD0BC
97730346,CIEC04C30589EF421180
86100003,CICD705B3C99BE4FA4A6
97730059,CI1D551FC83F93432A8C
97730277,CIB6E8493AF7F745DD90
97730475,CIDA6073958A974422BE
86100033,CI8C0FA2269854470BBC
97730153,CI525F6BC1437A48529D
97730347,CI1ABC04C9F2A64BE6B7
86100004,CI2123683A3F294F24B7
97730060,CI4A806D123B0C4BF4B8
97730283,CI1CEC95EB3C8345E9BE
97730476,CIC5387D965820434CA1
86100034,CI3EE517AEDB68480980
97730158,CI6C568CCAEEB848BA85
97730348,CIDE94BD28F59641D5BD
86100005,CIFAB13A8CAA154638A4
97730062,CI08E7945BFA2E457F8E
97730285,CI974ACED0FEA64411AC
97730477,CI17D369FD0FC247D29C
97730162,CI680CF5D6AEF149B180
97730350,CI1FDFB8C737444352A4
86100035,CI89B10F0D3B964F4D81
86100006,CIFE45E63EDA244B69A7
97730063,CIE050E8796A3B43C4B2
97730481,CIF993B4B71BE3463280
86100036,CIF47A0119D2704E7FAF
97730286,CI86828116276F4369A8
97730167,CIB21D92301D094AB59F
97730353,CI2CAF2CBFAE894235B7
86100007,CIB9DF8D4C9BF243F786
97730064,CICBDA7A697710470DAA
97730287,CIB16991C6AF294301B7
97730482,CIE77641B843A144CE82
97662981,CIA4F96940F6FF44A98F
97730170,CI115AED62947D4BBAB4
97730354,CIDAAE73955E2845BF94
86100008,CIE870F30708384D2DAC
97730067,CI42F3F9F5FFDD4FDDB6
97730290,CI74D0DCA64EF94D9586
97730484,CID72903A83CBA49C782
97643309,CIAA35946F26704BA5A6
97730172,CIF166D3A2B1BD4C30AB
97730356,CI6125EF8EFCEE4F2985
86100009,CI3FD4891D31A44EB6A4
97730069,CI5942796897194086BA
97730294,CIAB90ED62B3D54A5091
97730487,CIF495BA430692444787
97732048,CI8E3F46422A724CAEBD
97730174,CIFF6C2EEC72534C1994
97730356,CI8FA4463AF91D492399
86100010,CI08142EBEF58B4D9FB2
97730071,CI64C36FFFFC13404FA9
97730295,CI6193F92F2AC64E03A7
97730488,CIF3E57DC0D2E64DFA83
97745795,CI5C06387B42934BFF80
97730176,CI6DFEE61FCC1E40FC95
97730396,CI37023A1E146F4EBE8A
86100011,CID187433FD1684925A6
97730075,CIEA7D312BDC6A4AFF86
97730296,CI54D5E5ED366B49BD80
38832157,CIDCDA9B8211964124B5
97730570,CI85DDE3505A82400FB8
97730177,CI4342156DD71D4BA2BE
97730402,CIA9F090409F5C45FE82
86100012,CIA2089134EE964C21B4
97730076,CI0A4A67AD529D46B6AB
97730301,CID9F8584BF9BC4C8F9B
97730578,CI76F5277CB44C4145B9
97717286,CID22411F2BAD5412199
97730179,CIA4A7615A7B904BD9AE
97730403,CI5AEFE5AD35174E04BA
86100013,CI846D815633564E52A0
97730078,CI592785F0201D410EB8
97730305,CI6A45686A13CC4BB794
97730581,CI0EF64EC62DB94B7CA4
97736044,CICF4CB8BC1D714658A9
97730185,CI46F3B076C1A34F58AE
86100014,CI202117A781CA4D0AB7
97730405,CI86784F70BBFE44C3AC
97730083,CIF7A601C37084483C83
97730308,CIDB6896B32B374B73B9
97730582,CIB052768806B844F8B9
97610919,CI7E7A0F2D2ACF4492A3
97730187,CI242C3FADF5E14E8A88
97730406,CI10773CD1A4154D2EA0
86100015,CIAB5DBED466CB46D283
97730087,CI24DE8786AD4C4C12A9
97730311,CID713442E675B4A39B3
97730583,CID33378C502B240C380
38825966,CID651540CE6AE4B0281
97730193,CI266E2B26EAD643C4A1
97730411,CIA64858A43E1B472FA1
86100016,CI879052DA390940D4A0
97730088,CIC4D94F393A0D499EBB
97730314,CI018FD074BF6F49E198
97730584,CICB1E4EF9F9624B78AD
97728628,CI477E8DA8864C4C9489
97730200,CIEE3D354597B444F59C
97730411,CIA898C25F8B05408B80
86100017,CIF6AFEB2FF1FF4A2E90
97730091,CI78AFB0C7654042D6A2
97730315,CI435D8AEC293E48DF82
97730590,CIA11890D6FED640A487
97728746,CI67E89B17537B4BACB6
97730222,CIF0F420CFE34C46ACB5
97730415,CIB5B85B1B05534F698A
86100018,CI822DE28CC7B4405FB7
97730101,CI33410EAAC024421F8F
97730316,CI99E4DF7AA6AD4FE593
97730595,CI7CF6701AB38445F38C
97728637,CI69A8319A658F429691
97730224,CIDDBB0C240B164D30B0
97730416,CIE6171F5EF6F24FEBAC
86100019,CIA7A3A49FE1124B9197
97730105,CIF23402EF6A0D446E96
97730321,CI762B3E2414FC4DCEB5
97730602,CI8F7E8F6ACCEF4120B8
97728627,CIDE97ADE4B1544F97A0
97730226,CIB64F1D493F7341C4BD
97730420,CIF9B42B094C4142C299
86100020,CIC6477EE9C2CB44AC96
97730106,CI7553C6E687174633BD
97730323,CI2DFB4FDFA1854F2688
97730605,CI5F0A4B3C54814E6DAC
97740936,CIFF4F936349DC445E83
97730228,CI4662360971024AE088
97730437,CI76B10581061447F7A7
86100021,CI35E949D155464A7E93
97730107,CI8C525E8FA1BE4B04B4
97730324,CI57D305572DB146D6B8
97730606,CIF7F210E58FD2405BA6
97729179,CI6A1D5CCBC064480CBC
97730233,CI4BF83C32281B4778B6
97730445,CIE9AC7E39E95247EB94
86100022,CI007CD6755B204FC193
97730110,CI7DC218B6C35542E2B8
97730326,CI27A54553B9E448AE9A
97730607,CIE1913258148C40DCB1
97730234,CI2FB2F1961DF54733A7
97730451,CI4D28ED584D124BA5A8
97728634,CI95D5036447CC4D2A8E
97730331,CIE7E32BB3F91A475EBD
97730111,CI731E50D0F3044868B8
86100023,CI8D8009B7714F4443B1
97730608,CI0A3CBAC1CEEB49C68F
97728638,CI7778C2DBB24F42B681
97730235,CI81494A148DC440B9A9
97730452,CIF75D810B2F5F451EB5
86100024,CI3187926FC45D4707AB
97730112,CICB712C3E84E14E03B6
97730335,CIAE07848462124333B5
97730615,CID4EE7BE43B264B598E
97728629,CID294AAD776254B7C86
97730238,CI66905FAEA8744420A6
97730460,CIA377C7331F314ED7B3
86100025,CI5C1BED0851654846A6
97730114,CIC207D1DEACE74EB3A6
97730336,CI8778D4C849E440C28C
97730002,CI0B00CD6C6403475196
97730243,CI3991A10AC71A4C5EB1
97730461,CI7AC3BAD9ECE14CCAB7
97730616,CI95AD62B8CB154FE0A7
86100026,CI0109FE8E20B04999AD
97730124,CIF93C10E9C8A942C1BD
97730337,CI1B059EDF58184EF98F
97730619,CIAADEC888676E4C929C
97730005,CI498A4C40D5D741BE84
97730246,CI360CBD77FE4649F69E
97730462,CIE16B144BBD8346D9BF
86100027,CIC79F4C04F4FE46FEAA
97730125,CI1369397144B340C292
97730339,CIEFB538E631F242F891
97730667,CIA22D700CB6E244369C
97730022,CI28E4A1A30C0F4E77B8
97730251,CI36AD16A1160F48A6B3
97730463,CI05110548FF5D4EDCAE
86100028,CID2503E49BD984AC0BC
97730126,CICBED0EEC790A409F9A
97730342,CI497EA539472D4B669C
97730668,CIE118F617B0944D268B
97730030,CIE25E25AFAF324F85A1
97730266,CI3B711601CD284EC6A0
97730466,CIE42C5836BBA246F488
86100029,CIB30DB30DB3674AA6BB
97730127,CI2740801005464591B2
97730343,CI9A1D884917E24B9989
97730670,CI1C7F9DAA12574A0DB5
97730054,CI22D6C7C014834CBCA7
97730268,CIC310A93699144EC286
97730467,CI815F3F9C8E914B6B94
86100030,CI95AAD6497E3D439686
97730129,CIC4DDC03C7138443CAA
86100001,CIBA4430A8605141AF80
97730344,CI9B34B29921914DB896
97730057,CI190C4B8A79E944B88A
97730271,CIC25B676C5B2045A29B
97730468,CIB468C2412A3943DC96
86100031,CI23AA68E3163544D8A4
97730143,CI412C90C9B80C416BA0
97730345,CI1BADA2888E34432F81
86100002,CICDD05F83BD6A425C88
97730058,CI6530A9A6AE1B435C88
97730274,CIFBC73CA78A89450496
97730470,CIC76105C18DCE4BE79F
86100032,CI5A3D423E086C4309A3
97730151,CIC494D6C4444D435AA9
97730346,CIC0CDBEB0B5B9429ABE
86100003,CI283965DC1D0B4B10BD
97730059,CI9FF80122F5364760B8
97730277,CI7B06C53B30DE4169B4
97730475,CI5FD038FCDEF64EEF82
86100033,CICD2A9FB08EAC40E49A
97730153,CI1915408EE0B54F22AB
97730347,CI304CA914060848FD81
86100004,CI065A8DF89740482DA4
97730060,CI5A67CC88F9064F5092
97730283,CIB4108EF0B73442BD99
97730476,CI5EAD0CF67AFF411683
86100034,CI655909DDBC08476EAE
97730158,CI417747E4560449DE9A
97730348,CIB7F818D465A14A788F
86100005,CI484E2A7DA48C4A15A8
97730062,CIB919123FA22640AC94
97730285,CI4B171ACAA4E74633B0
97730477,CI4A6200B471F14D7F99
86100035,CIAA8DE70586CC4D3783
97730162,CI526BB8E503A54BED99
97730350,CIC7AC1FD1501F48018C
86100006,CI38079903AF6A4E14AA
97730063,CI17C83C37B8EE43CBAF
97730286,CI10801E99D85647459A
97730481,CI6A2230B297AE430DB2
86100036,CI90508D07DE294AA3AA
97730167,CIDDB23AB1D6624FF3BF
97730353,CI90AF5C1BEC1B4DBEA6
86100007,CIC7326252384D40CAB3
97730064,CIA9A587B3E8FD44B59E
97730287,CIA9E9644C649D424BB0
97730482,CIEE75496D8783425F8C
97662981,CI5BB9ED1C288F42A9BA
97730170,CIBC82EEA69EA84D72A4
97730354,CIAD61C20203AF4ACD92
86100007,CI19FB7A4BBDBA405E9F
97730067,CI04D8770930B74A0799
97730290,CI73543557C2F84C249A
97730484,CI83D1F336EBCE482D83
97643309,CI9EE139DBE0C0450FB8
97730172,CI0DC536BBA368499AA0
97730356,CI02A38F968D8542E4AB
86100009,CI5AC8BE7322E84EEF8C
97730069,CI00D3C6685159493F8D
97730294,CI473C83B267274909A3
97730487,CIB42C439FCBD9415B9A
97732048,CIF772D967B1854C5484
97730174,CI39E6EDF4203E4C429A
86100010,CIEFC6D9EE005C458492
97730379,CI7F707CFCF6574EA685
97730071,CI2BD823A01234452FB3
97730295,CI1DD529A0E14145B890
97730488,CICAF75EB8D2D14DDA80
97745795,CIC149014E13864DAF9F
97730396,CIC32FA421AE5A4FD096
86100011,CI596ABF43E09D4EAE99
97730075,CI7C6828EDBD13441798
97730296,CI4F8A4C95DD524738BE
97730570,CI0B3A237D2E1A4B299C
38832157,CI626C2856C9834B198B
97730177,CIE3F2B388DCDD479A9C
86100012,CIB49C338EF85141A39B
97730402,CI6F78A86F519549BB9E
97730076,CI492F07D7B7CB46D38A
97730301,CIC7962D43ADE144F293
97730578,CIFD7D1010DBD6495BB3
97717286,CI758AA83BCBC24F4FA3
97730403,CIF6BB3D82F5D842E696
97730179,CI7A23E9B2446342A281
86100013,CIA7311F91ED9443E99B
97730078,CI6FC9868020B24A929C
97730305,CIFE0D79D5046F4CEF91
97730176,CI95F7BD5037714C5CB1
97730581,CI16B1E10D64114653BA
97736044,CI8BBDDAD6621E48A9BF
97730185,CI484A8BA157804DA5B6
97730405,CIBB74CB244FEC4C26BA
86100014,CI6CFB5A429E184FC998
97730083,CI5DFD852A4D5D4AAA88
97730308,CIDAAE9207290E43088A
97730582,CI57E45E61F9374E2AAD
97610919,CI17E8C36E7AB74C7A88
97730187,CI7A8BB25A3CAF42ECAA
97730406,CI05A38F03EA6D4675AA
86100015,CIB1076BBCC73F495FB1
97730311,CI29608F55343844C694
97730087,CI70875530AAD448799E
97730583,CI1674434D97AD4CD899
38825966,CI3273D4E9141D48858C
97730193,CI6269627D48644E7BA3
97730411,CI2609F4BF424F4E1C85
86100016,CI3AA03C91043648DCBA
97730088,CI24E4C2B47B2342A986
97730314,CIA89335BD38F547BF81
97730584,CI59558D0A34ED424EBF
97728628,CI77FFEAEFFDB04A5D98
97730200,CI585FE3E47C5E4A4B85
97730412,CI5A85C65664BA49EE83
86100017,CID055EBCFD73541E1A5
97730091,CI3B67A777C3314D1FAD
97730315,CI9DC310194FC049E997
97730590,CI4887611C774C42609C
97728746,CICC45FCCE9A6946AE9F
97730222,CI64DD220D1D6944D0B1
97730415,CIA8C4AA2A25AF4C5EBD
86100018,CI1FE0DFA8BCE44C0683
97730101,CI37BCC8490340408994
97730316,CI22F04D502B2C46A4AF
97730595,CIDB9BF3348D9340B292
97728637,CID07D22925A4A4F969C
97730224,CI71103F6656A44424BC
97730416,CI143849FD9DCF4DFBA7
86100019,CI5201D8BFBE2149C5B0
97730105,CI9EBBE9B58E5947A59D
97730321,CI31288D53491C42C9B1
97730602,CI7ABE7BA5B6C8463DB4
97728627,CI45DB3ED31BCF4D94B7
97730226,CIEE8DB861E01D4081A8
97730420,CIE13DE3F0635245AB88
86100020,CIF2F57ACE2B144DB5A0
97730106,CI18478BCA712F45E8B7
97730323,CI323E716924B9444885
97730605,CI964D8167A88D4ED5AD
97740936,CID49BF0EF66FC421C91
97730228,CIA526BCBF277840D2AC
97730437,CIBF7D3DE5C814491697
86100021,CIF321658C0EF946DBAE
97730107,CIBA8384F4A8B94DBF9E
97730324,CIACE13B08303A4C1CBB
97730606,CI6F5A3E35972648FC88
97729179,CI424C1F531F344A4380
97730233,CI1CD8F23468C244389D
97730451,CICEC8E1F28DBF4B9889
86100022,CI3412F4D08BDD4E1A8D
97730110,CI60E1973C6CEB46CD9B
97730326,CI41BC13BE9CC642E395
97730607,CI91083D3AA60B479F9B
97728634,CI85E7E08ECEE1403D9F
97730234,CI8BCB9265F83F49DFB9
97730451,CI177AB9D2B5C04AF1AC
86100023,CIE5364F13F8464FAEAF
97730111,CIDB1D858313E54A0BB8
97730331,CIEACABF5A39BD418B95
97730608,CI9ED62613F33947F48A
97728638,CI1C4F91371A7542A080
97730235,CICE0729D8ADA74BF5A2
97730452,CI6A70BF0910D54D26A9
86100024,CI80D69A77FFB944BBAF
97730112,CIBBFA2DD09A1A4B8C94
97730335,CI5D8DE3A6DE2A485A87
97728629,CI2C094293204A4368A0
97730238,CIA2A69F224E974E7EBF
97730460,CI2D02681DE9704A3B92
86100025,CI2C4180C7A4E841FBB3
97730336,CI26EB548D3D294D8EAA
97730616,CI1EDCBADCCBA04ED192
97730002,CID5C701F822584198B8
97730243,CI14CBE12EB1724C82AC
97730461,CIF5F056C9EDFC431395
86100026,CI23F49FA7C7C741E29B
97730124,CIB737116C2758450CAB
97730337,CIAB1BE06157024FDE9B
97730619,CIB1E95402CCCA4D0D9B
97730005,CIF63B7BA3202644D898
97730246,CI02E174007EF14CA083
97730462,CIDC84C9C16A104E75A2
86100027,CIA5FC2D8429BA4668AF
97730125,CIC96296B9AA8541F7BF
97730339,CI2AA5FAE21FE34DE49D
97730667,CIDC25B3539503465584
97730022,CIB778886B73FD43C7A6
97730463,CI6C7C5DE8C1CB4014AD
86100028,CI0AEB05C13E6D470DAA
97730251,CI80ED13AC647B496893
97730342,CI22EC837403844D0C81
97730668,CI8D50D842366340A888
97730126,CI817105C687E2448EA4
97730266,CI5A4643E56FF6430486
97730466,CI61F99DD40A684DAEAA
86100029,CIA62FD313A8634266A9
97730127,CI53FEF119AADC4F5B96
97730343,CICD7112C9B5CC4303A1
97730114,CI9B075BFB9E5C4481B4
97730670,CI44B14B21B15941A2B1
97730268,CID60C4E16AC8340AB86
97730467,CI6988FEA9279541EE98
86100030,CIFE76ACDC4BAD467ABE
97730054,CI83B6CE3FF68745D799
97730129,CIFA0CF1113DF548EF89
97730344,CI2474C617A68848E7BB
97730030,CI9EF3262E162342D4A6
86100001,CIB32C6D63A05D44F290
97730057,CID1B23AF7E815440287
97730271,CI19873BAFADE7415DAE
97730468,CIE730F8BA535A4AD1BB
86100031,CID6322CF96F8D45E78F
97730143,CI77D1473E78CC49B499
97730345,CI1C6D89286F9F47DBA4
86100002,CIFCDCD4CB740F45D48E
97730058,CI29ACF65216EE4913B4
97730274,CI57524F013E944ACAB3
97730615,CI9627F1E2F7294E8C97
97730470,CI30587B10FD8A4C1899
86100032,CIA4DA72AE387D4DAB80
97730151,CIE2B8F22310D14B97AF
97730346,CI67F237F419ED4A2BA0
86100003,CIC96E1E823A684A9498
97730059,CI43CCD2DDB413477486
97730277,CI47B7F754AFCD4CB3AB
97730475,CIDF41521D6271410794
86100033,CIFCD58856D18C4234A1
97730153,CI32DB947CBE7E406FBF
97730347,CIAF11644E25424B6B8F
86100004,CI4CD724B4EAB7466BB5
97730060,CI298C9F4CC2004CBDAF
97730283,CI2233DB5F21A145B794
97730476,CI653FF83A12E945F7BF
86100034,CIF5F9077D93F1404AB1
97730158,CIFF0AA68B82364165A6
97730062,CID167BCD67B7F488186
97730348,CI74A6BC1CE26A4BA58B
86100005,CI9A0BBB251F284406AB
97730477,CI63F16C1A81834CAF8A
86100035,CI6B93B39AC7B446C49A
97730350,CIA88150E9D5F54E19BE
86100006,CI21C3220094E347A49A
97730286,CIFBD9C9DB6C044D8785
97730063,CI7D2F2BC1822047289B
97730481,CIE9A4861A58D841EFB0
86100036,CIE125B29EBF2A4051AC
97730162,CI503E316532444C01B8
97730162,CI8B480EE6464C4201B5
97730353,CI04EF51847D09409EA3
86100007,CI81881E2B82DB45CDB8
97730064,CIA07D00E42AB84D878F
97730287,CIA8AD351AA06E474C9B
97730285,CI94A2E3DC2F174060B0
97730482,CI22C44012A5CC4EC680
97662981,CI024389B0E4324B4290
97730170,CI8C193182AF54413A9E
97730354,CI0A9C90A45A4B44E599
86100008,CI27D5315836414E9896
97730067,CIE70A8BAFD2184D5196
97730290,CI7F42E15026E04BD095
97730484,CI2259FA45B48B42A796
97643309,CIC6B8F0F9889A4C8499
97730172,CI718D82794040439897
97730356,CI3F6EE0950BD44DB0A6
86100009,CI63B4DB902FB948F293
97730069,CI3D29CA52E4B24D65BD
97730294,CI8BCB343F4F024D1782
97730487,CI07202415F4F04E8CA3
97732048,CIB9751CBA61D04C38A0
97730174,CID4CA2A09A1844CB0BE
97730379,CI491A5A3DFFDD4B42AA
86100010,CI4FC9C4A64DFD4F9BA8
97730071,CIAEEB40D07CEE41D892
97730488,CI08310F73ED334939A8
97730295,CI85BCB39F8B2E4B0C87
97745795,CI75FE826EA74540358C
97730176,CIA81E42AE82E345CDB0
97730396,CI0F7857EEE85F4D5CAC
97730075,CIC7DCD1F7DF764D3AB5
97730296,CI80EE0FE4BF14492AB4
86100011,CI9CD8A577D5C64CBEBC
97730570,CI18B42573CC424F8CA9
38832157,CIF4521A3334C5467DA8
97730402,CI86D90B73DE314283A9
86100012,CI62EDE8F45E3B4D1CA3
97730076,CI0BD783233AEC437CB3
97730177,CI9E36B210DFA248E8BD
97730301,CI5E4FBBF7E9B34F4493
97730578,CI3DBB76C40D4540DEBF
97717286,CI8CF959809BF040309C
97730179,CIE2914A1ECAF44A1B92
97730403,CIAF15DC8BCA9B444BBB
86100013,CI7EAC612C2E634122B5
97730078,CI143C519455544B6796
97730305,CIE058922192554CD09B
97730581,CI8B127E7854C5467689
97736044,CI3AD703C48ACE4ECE8C
97730185,CI4B03AD044AFA44F3B1
97730405,CI3772DE204CE1451498
86100014,CI3A393B7EA09C4C0EA8
97730083,CIA3F1E16FDDC74A5290
97730308,CI02B4343C1D814E7881
97730582,CIBFC96CD71CCC40FBB7
97610919,CIDE684854006047C98F
97730406,CI36178B61045B42FABE
97730088,CI7EF565C7E2CD414F91
97730311,CID604C043A1B44F89A9
97730584,CI2886C86E892E47EC86
38825966,CI10DEA32B08AD4F3691
97730193,CIEDA26BC888284383A5
97730411,CI3FD2F96C80374EC389
86100016,CIFF321099BB384C8891
97730088,CIC88AA15400374BB885
97730314,CIBD6757F26ED04A0B86
97730584,CI0BCAC75871784F3FA4
97728628,CI66A64CF6270A4FFA80
86100015,CI8E68A478A2F044948C
97730200,CIC86325EC07704B8BAF
97730412,CI69EB0C77F82A43428F
86100017,CIB5A1AB912F7F432699
97730091,CIB13ADF00CD2A40F293
97730590,CI3B442882EFC649849C
97728746,CIABD529758A0B4A9E9F
97730415,CIB3CB5F2C111E4E0F9E
97730222,CI84609B155B1B411BB2
97730187,CI85016D9253B34C189A
86100018,CI128EB93F8F1A408EAA
97730101,CI7EB963A96226455BB5
97730316,CI7E612902FDF54903AB
97730595,CICEC02A8CF193423A81
97728637,CI047635223C624E6B81
97730224,CI5F99C48F8C2948B39D
97730416,CI242E1E35B3324593BC
86100019,CI0026BCA6CBE546BAA5
97730105,CI1581170F007846B2BC
97730321,CIA8333ABEE0834CDAA6
97728627,CICB8965397A1048B1AF
97730602,CI7AB74359BFC84E34A1
97730226,CIFC42508E5C074447A3
97730420,CI56B725F898AB4136AD
86100020,CI383B0623A6634A2699
97730106,CIE12000AEBB6A44299D
97730323,CIA5A423A4ECAA4DACBD
97730602,CI11A406EA99C148C1B5
97740936,CIC9A532A130004EA79F
97730228,CI015A4D53FA3E465BBE
97730437,CI6C0D700BCFE44B7C8A
97730107,CICC1B5CD90275475283
97730324,CI1827C550E1D9404F84
97730606,CI07D3BC1772F640F296
97729179,CI0A187646BAF94449A9
97730233,CI60799DA49F4E48658B
97730445,CIFBC8AD11D883454CB8
97730315,CI95EF1DA16A584E6E91
86100022,CI2A76CF4475524E698E
97730110,CI3CE12B7265ED468CAC
97730326,CIDFFFCCE082414895BE
97730607,CI5EC30762D9CA4AFAB4
97728634,CIA4B87184838848AA89
97730451,CI15161BC09027410C91
97730234,CI6F6276604FFA40EB87
97730331,CI2D288066246C4AA892
97730608,CIE8C67100C07E4D42A1
97728638,CI281E1CA28E014983BC
86100023,CI91FB241F40E0436D97
97730235,CI59A51C2973E14B16B8
97730452,CI745403FFE79F413BA6
86100024,CIEF8C6A63ED9B470A80
97730112,CIB6C9A7AEABA74F62AB
97730335,CI3500621FFA3940BC9C
97728629,CIA3AB2A27AA154E76A3
97730238,CI74EDD07C592B4C42A3
97730460,CIAF1A6D2495F145B594
97730615,CI8D487282D5EB4356AF
86100025,CID4C8003A45AE410589
97730114,CIE282C85B90BF41CD97
97730336,CIA171ACD793A6457EA2
97730616,CI2AA1593AE4934920BB
97730002,CIA00300FD64934F6FB8
97730243,CI2ADDA33DB19E4F5F9E
86100026,CIE605DA9A0F49471BA8
97730461,CI98C0F0BF41B642EE88
86100021,CI98FE389630A9461AA0
97730124,CI69F4802A0CC4465383
97730619,CI61934D06E5AA4BD3B6
97730337,CI8A75253A1187454895
97730246,CI463FF893213E49D19A
97730462,CID897AC5139E44F8885
97730005,CI9856B3F728E64AE9A2
97730111,CI987CD14B591B492E89
86100027,CI79F2F97293D04F6598
97730125,CI5E60648535364938A4
97730339,CIC32F6E6B71D14783B8
97730667,CIF20EEE1A94EC46C5A6
97730022,CI689CC6BDB61943F98F
97730251,CI3B31BC0B6794426D98
97730463,CI40697081FC004868A5
86100028,CI71FF895B341645FBA6
97730126,CIC70A8202EB404209B4
97730342,CIBF4C8ABCC4E240EFAE
97730668,CI1296ADAD13264D5A88
97730030,CIEBFC843C204E493A8E
97730266,CID51D9E25F0174E6E90
97730466,CI4FD7A462C2964938B1
86100029,CIF7E2BC4DC305494293
97730127,CIA91E61B996034280A6
97730343,CI85FA5AE4918B455EB2
97730670,CI80D2133DBE82401FAE
97730054,CIA8A5B5F2DE9F43F6B7
97730268,CI8D43029675604F66A3
97730467,CI87CD817F946E427BA9
86100030,CIEC1FFBD24972401CA5
97730129,CI20CA17D5524243E0A5
97730344,CID65E6350EA364620B5
86100001,CI89FFC76CB3D7455F91
97730057,CIF4DD34F0B3254E83B1
97730271,CI068C9D47DC0C4820A9
97730468,CIF7F1A37E23744EEDA7
86100031,CIB1F763481A4C4149BF
97730143,CID014BFBB0A004EFBAE
97730345,CI1FC6EE7F97CE47B39A
86100002,CI7AF73B50293B429ABF
97730058,CI539C623006664DEA9A
97730274,CI5F7DA2EDCDFF409A8F
97730470,CIB1DFE4EB3B8F40C0BE
86100032,CI5A49A7D36BDF4D98B2
97730151,CIA308767730E449B6B1
97730346,CIA8F3BDB2662842E6A5
86100003,CI392A09FBF2E746EFB9
97730059,CIDA6759574BA3432CBE
97730277,CI48DC0C91560247A382
97730475,CI12451B084DE44DFA80
86100033,CI07B9791A491742DCAF
97730153,CI2884E4273BA84446BF
86100004,CI4CDDD90907BB402084
97730060,CI54F4F0AB544B44C38B
97730283,CIF720D75DF79E43EDAC
97730476,CI36EBD3272D814E208F
86100034,CI1DACB1D6ED1C46B0AE
97730158,CIAE2C53DFE48C41B89F
97730348,CI13264B758C5540A3BA
86100005,CIC44BEF5DFC4C496087
97730062,CIF3466B21354F49B38B
97730285,CI09C78977C09A46A09A
97730477,CIFA90EB214AEC4F4894
86100035,CI308F72A670094775AA
97730162,CIE5BBFEAA563F405E9A
97730347,CI97AF461141C54E2CA1
97730350,CIF71FABEB0DEF4B9085
86100006,CI9058B9E50B86487ABA
97730063,CI650F247CDDB2499381
97730286,CIA48A4FD7D23F481693
97730481,CI4DA6B2947FB74DAD81
86100036,CI1100AC99416D403B8E
97730167,CI1C7139884B094EE686
97730353,CI3E925F3D11C64CF49E
86100007,CID5BAB0D81AE64D5288
97730064,CIB9E302EAFDD84423B1
97730287,CI50B3DBA916DE4DA09E
97662981,CID690338A93544EA0AD
97730170,CI6B97D68735714315BA
97730354,CIB59E399B474A463ABC
86100008,CI0FF3EADCB83D44D796
97730482,CI88AE7CC12F8B4E4997
97730067,CIE540F90A526F4D4E81
97730290,CI0324D7FBB7A84721B6
97730484,CI7F54C70E44504373BF
97643309,CI0C27C459D42F4A9B84
97730172,CI928E23389B9F4C84AE
97730356,CI693FECA4DA584EC7B4
86100009,CI130BC34F7F87451D99
97730069,CI3AB98CFE8E644B97AB
97730294,CI089F61A139F145A48F
97730487,CICA84D1C1E33C4DB1B8
97732048,CI8EEF8619812045ACBD
97730174,CI7A6DE75970AF470DBC
97730379,CI85BE4F0031A74D719F
86100010,CIAD3B8CEEF8374D45B7
97730071,CIEB329632E00745FBBB
97730295,CI547657EB17C94DA7A2
97730488,CIC8F32B09087F4F0B84
97745795,CIE40AACBD92D442A59D
97730176,CI35F15F41A8104F75A2
97730396,CIA853184CF7BD482886
86100011,CI264963FA0CAC42B3BB
97730075,CI7B90EB85297949459F
97730296,CI0D8DC069F34648A987
97730570,CI0200C9010F60476E9B
38832157,CI87037DC8B60B4C2EB3
97730177,CI1F1D0AE4B2AB4ED4BC
97730402,CI173D198C150E4C5CA1
86100012,CI9F3F08E7D5034A549E
97730076,CI4975ADE74AC341049F
97730301,CI37A70A0B8B8E4BA4A6
97730578,CI789AD802CEE044C6B0
97717286,CI4594D2C6988346BBA3
97730179,CIE006FB011B3E47478F
97730403,CI86FDB79194644AD6A1
86100013,CI7331D996C080451DA1
97730078,CI0F76D73875884A0B9F
97730305,CI07A8E4EEBAA348AB81
97730581,CI03F3406C8BA142A481
97736044,CIC4429301E6564FA9B1
97730185,CI38A59053644A4468AE
97730405,CI1DA9D4AA573442BE9B
86100014,CI806E5A65FB2447E6B7
97730083,CI250B96C938C8476990
97730582,CI9AE54E14E52241F9A0
97610919,CI4BFFA1CFDA7442C390
97730187,CI6AB0AA387C154E13AF
97730308,CI98017AFAC41A4496B0
97730406,CI73D1FEB530784E129C
86100015,CI88C8BDA2A208440C9D
97730087,CI3D3BEEC5E1124A81AF
97730311,CI774D39671CB24D0294
97730583,CI5013762968924FF39F
38825966,CIE48F934857F240EF89
97730193,CIBF430C005C8C488C84
97730411,CI32AA29CC23C447B4A0
86100016,CI290051BE46444F1081
97730088,CI1CB3268E77F5438AB3
97730314,CIABE0456C65D6436EB5
97730584,CID710048667A6495A8E
97728628,CI42DF0A2ED03A4B2AB7
97730200,CI1F92C492EFA847F8AE
97730412,CI166373F94F2E47368C
86100017,CI3473291732494CD185
97730091,CI5C81408071644E32B6
97730316,CID3C2FBA7B609488B8A
97730590,CIE1686402C1994904B2
97728746,CI5FFB993754074AEBB1
97730222,CI5BD9E917F48A430F81
97730415,CIC4AC0FC0DC54446FAC
86100018,CID88571BE723C43BFA4
97730101,CI11936F8E70CA470DA8
97730316,CIEDFFFCD394164301B5
97730595,CIFB5E7925810F415593
97728637,CI531DBD12DCBE4E47AD
97730224,CI9D9D42AFD98B4EF0BE
86100019,CI714D4191A2B04BA9A3
97730416,CI9D95581856E046CAA9
97730105,CI187BC1ADEB4C457D9A
97730321,CI33D7A1F56DCC439BBD
97730602,CIF43B1783CBF8483FA4
97728627,CIA43E23F153944E2AA7
97730226,CIE12F275F65D04E0B94
97730420,CI7DD7D16694C14808A7
86100020,CI539B3BA2B0DD40618B
97730106,CIF1F77DA47F7E44EB8C
97730323,CIE30AE3B377974BC592
97730605,CI3F4A0ED1FA024A1EAB
97740936,CI15A60C1BD66E4E53AB
97730228,CIB72AB1782BD44CF689
97730437,CI09DAB2CA7678493DB4
97730107,CI2E65984C6EAE49EDA1
86100021,CI8E6C22FFB7B54449AF
97730324,CI7BD066192FF646858C
97729179,CIC81C07BDB42B492D90
97730606,CI837AF2BC12FD42A389
97730233,CIB2E6A6F0C77948358D
97730445,CI5016E44DF2E049FABB
86100022,CI20D6A10BBA6E4A58A6
97730110,CIB45EFD616C854FA096
97730324,CI47EF0D8AA2DB4B2387
97730607,CIFE37E98621A341F3B9
97728634,CIC54BE601577E4E92BE
97730234,CI65F6E6C182804A799F
97730451,CID57EBFF21C28489799
86100023,CI78F470F64CC94D038F
97730111,CI202454BEC64B4B3692
97730331,CI6D8FB9E355AF4DAC86
97730608,CI03884B86135243E29F
97728638,CIFFB14D335C714635B9
97730235,CID5B6B428CFF6458F9B
97730452,CICD33F6C2D16343D88D
86100024,CIA183B867002A47E989
97730112,CICEE37C81561B4C599D
97730335,CI1585A26BF1FA463584
97730615,CICA86D86D5E7347B798
97728629,CI446CC4EE913A4AD5BF
97730238,CI08C4E3FC17564F889E
97730460,CIEADD83E2DF58429592
86100025,CI32C265744DFD47CFB1
97730114,CI197B3F3BB3A04BDB95
97730336,CIAEA5CA6CFB6A4679A2
97730616,CIA5172BB212E5467AAA
97730002,CICB7C3B048F434915A1
97730243,CID4A023AA6120472D8B
97730461,CI721F21D9456C4900AA
86100026,CI45255291D7E14F388D
97730124,CI248EF6CFF29D4B56AC
97730337,CI5F711569854F453EA2
97730619,CIADE2B53A3BD9488B9C
97730002,CI4BEDF1A48EE54FAD91
97730246,CIC8590580CA18469B8B
97730462,CIB49FE3BB5C0B42F8B3
86100027,CIE30F3989839B4D2F82
97730125,CI3BE664304A354BD583
97730667,CI41442C617C964B159B
97730339,CI996A522F5B914469AE
97730022,CI226A7AF80AD646249B
97730251,CI2FB56673684349AC94
97730463,CI5C964F9C7CFA42D185
86100028,CIB69625C551C14EC892
97730126,CI963D78B1BD2E4A28BF
97730342,CID9046AA26807427E8D
97730668,CIC17F24785D024C31AF
97730030,CI0B7F9285382343A997
97730266,CI7F26E74665544BD18C
97730466,CIB5FA25F9912C45DAAD
86100029,CI1FDCEFA7730C493BA3
97730127,CI1D42EB197CB9401EBE
97730343,CID8FA1B09079D41D2AD
97730670,CID750ACD51E9E4219B4
97730054,CIEB09750082DB414390
97730268,CIC6990512F1594148A6
97730467,CIC3C3521478004331B2
86100030,CI8AFEBFB42EC14ACD86
97730344,CIE3349C9CF3BB41079B
97730143,CI8D33CA2C45CC4D2BB9
86100001,CI4789F1E957FE49E9B0
97730271,CI7A302C3F4A6C4D04BF
97730468,CIEB7ABA67C90D4EB7BF
97730057,CI897F3EA969C349CA94
86100031,CIE971728E803A45308A
97730143,CI3F66C922F5D9437F9E
97730345,CIEA20AE967F8D47FD84
86100002,CIA4935348FF654050A1
97730058,CICE63C8A5691442B696
97730274,CIA9F2E56430CD4A2385
97730470,CI9EDD9AAAFD964D48A7
86100032,CI6BC34FDC08C840DA88
97730151,CI3DDF6EA7449B442698
97730346,CI65AF027F7EE2426998
86100003,CIFCB7147A5E7A48E794
97730059,CI88CE116322264CF0AE
97730277,CIF2F4CF500A4B4B1685
97730475,CI3F7F29F723774BE38A
86100033,CI81029827F154454489
97730153,CIC3A3E5460B4F483797
97730347,CI81915D5A4EFB4609B6
86100004,CIC852B628F1474B8FB5
97730060,CI707AE5E79DC0460EAE
97730283,CI4C0E49A0AB864102A2
97730476,CI5CFAD0FF2A8943B193
86100034,CI9A628F600CF743FDAF
97730158,CI5BC6969EF89E4E05BD
97730348,CICFF0A8AFF9B64E8E9A
86100005,CI77A26198FD314E42AF
97730285,CI31AF5F7831644F4ABC
86100002,CI58EE227969AC46F69D
97730058,CI70A6BAE9C5B74808BA
97730143,CI11F0299B9E634A95B8
97730345,CI8255CB29F6DC41EFAC
97730470,CI9A4BA79D23E24EDFAA
97730274,CI9F7F8B45DCA64B84B0
97730151,CI2708A7BE36B84CFF95
86100032,CIAFC8765C4CBC4C03A5
97730346,CIF861E61B0B3942A6B0
86100003,CI5D38E99040C8415D8B
97730059,CI5904099A76FA4E50A0
97730277,CI45ABC953163040DCA1
97730475,CI7BB61063B6E44647A4
86100033,CI4B8EEEB368974AFB9F
97730153,CIEFEE92EA62CE4EE9BC
97730347,CI2FBECA416C974C1190
86100004,CIA705004CD46C4EED85
97730060,CI29D4BFAE55824CC6B1
97730283,CI7315F67B327E4D0780
97730476,CI74EFE0EFB47746C6A3
86100034,CIB220ED71D6A34A329E
97730158,CIEF4A634E383245D986
97730348,CIEF2CC2DD2E6C4B7284
86100005,CIB823B735D38D48E187
97730062,CI1ED25D084F9C4953B1
97730285,CI125A3233DC754D558F
97730477,CIF9B261E912704F4E9B
86100035,CIC90F0CF91B734D16B8
97730162,CI6EA6284FDA0B4441B5
97730350,CIE144BFED7EE34FB39F
86100006,CI8E4B4946888D4D08A2
97730063,CIE7D50169927E48F989
97730286,CI27DBC32CF8F749BE8A
97730481,CIC0F59FB712B54ACE9F
86100036,CI76C221A2C02C4D65BA
97730167,CIC070B88D13DE4DFDB8
97730353,CI518D6481069643DABF
86100007,CIA1B0548EF21C49AB87
97730064,CIAC687A2ACC9B40FA90
97730287,CI8CB6B8C2874B49A0B4
97730482,CI5EDC411486F742E381
97662981,CID2D59E4FA0EA462EA3
97730354,CIA68ECF5924604130AC
86100008,CI63A9DE4A4CF8465599
97730067,CI6CBE9DC107D444F2A4
97730170,CI8F0A8068F95243159F
97730290,CI2E5414CE1C0A4155A8
97730484,CI420F418ACF344847A6
97643309,CI0162A044D4A14F82AF
97730172,CI8FA382A7B9E74D699D
97730356,CI7AEB5AF1674145798B
86100009,CI392444423679440B8F
97730069,CI877085E85DDA4DB386
97730294,CIBE158270DA0B43E28B
97730487,CIDE9A3B64B7724ADC91
97732048,CI3EDBA2E03C6A4360BF
97730174,CI4058884F1DD345CF87
97730379,CIDCC8F25B4EFB43AD95
86100010,CIAC50534A6883468CAF
97730071,CIC9D1A315C6FC4603B4
97730295,CIB15433D166ED4F7DB9
97745795,CI66F48A67F7D54EF593
97730176,CI8504181E9AB9441592
97730488,CI986521C0D1EB4834AC
97730396,CI3B8B958AAC60404A98
86100011,CI24FA2CE5A00A4F5F85
97730071,CI3D491F6BDFC046C3A4
97730570,CI288FC39198F24F23AB
97730296,CI8BCB19C0BA854198A8
38832157,CI4244FA0DA3314D5ABE
97730177,CIA3C903E1212A44BDA6
97730402,CI27BC5B25F626406E83
86100012,CI2ADA88D52A174033B5
97730076,CIB5BA519081FA4EDDB6
97730301,CIAA844A2231714CEB9A
97730578,CI497B6A097EAE47F788
97717286,CID71B018BBE1F45858E
97730179,CICF54318819234073B6
97730403,CI22A234829DD44058BA
86100013,CI4929CA0D241C4AE8A2
97730078,CI33AA8ABAB9DA4AF38E
97730305,CIE193EA5D216B4839AA
97730581,CIE22BB488688B411DAF
97736044,CI40788B442A144EEDA2
97730185,CIDD17D54293E34D508A
97730405,CICF009F0CCF034D278C
86100014,CIFD5F3233919A40578E
97730083,CID0637D0FB8A04F1991
97730308,CI0FB528572B21484AB6
97730582,CIB8050F75E8CD4E6892
97610919,CI5CDDDA23BE44481786
97730187,CIEA3DB29D8F884957A9
97730406,CI5DA4BD26C22B4C9681
97730087,CIFEC13153FC9B4168BB
97730311,CI21678476BDFC4C0BBD
86100015,CI990CC3504805440DAA
97730583,CI4B572F3CAEC44F0985
38825966,CI34335FEFA30548F892
97730193,CI8DD1A804084A46D08A
97730411,CI057B2C0E331E49CF84
86100016,CIF43390E0C3B94C33BD
97730088,CIEA0DF097871B43C585
97730314,CI8B25E2B023724BEBAA
97730584,CI2A9856DEF3C2420598
97728628,CI82986850B2F641F7B7
97730200,CIF2136177AA95449497
97730091,CIE1E5BC5BD72B44E18F
97730412,CI5015C2B10C134B3DB8
97730315,CI1F2338DAB8E74406B5
97730590,CI078A93AEC88B4637A1
97728746,CIFA8047BD1ABA416788
97730222,CI68344895EC9D42558A
97730415,CIB9165FE01999460A86
86100018,CIF320729F0CE34FA392
97730101,CI5F31A8B0DD4E45CABE
97730316,CIDD60EDD4677347A78D
86100017,CI77E8AE1765EC42B08F
97730595,CI49F9480A5518402DB3
97728637,CI6B4F3AE0A1664E349F
97730224,CI1CE39D7AF46A43889A
97730416,CIA7B16772FBA7489686
86100019,CIDC5A4F1313E94C4D99
97730105,CI0092C6E5B42B44C4AB
97730321,CI70BA82AC6D7745A689
97730602,CIF0A55279A60B4613B2
97728627,CID4DF917FB5A84EFE83
97730226,CIEAC594C3481D4795A4
97730420,CIA39FB3F7E2A24CECB1
86100019,CI95EEB962E8014EEFAE
97730106,CI55D244D1C5CD434BBE
97730323,CI7D0E794BDF5F47F6B8
97730605,CIF85D6F4FABB74F11AA
97740936,CIB09C85535AB442818F
97730228,CID670465414C94B03B7
97730437,CI5C4F5B32EBE34182A7
86100021,CIEB2415372E124A85B3
97730107,CI52823B3F5B9E4F2893
97730324,CIB7904EECADEE4C5FA1
97730606,CIDC44924E2D9F4C2EB7
97729179,CIBB620A248703484C94
97730233,CIB6CF6E10276E4322B2
97730445,CI2707B1685D054A99BE
86100022,CI0F30A70637A24E1198
97730110,CIF0D29BFA8EFC4463A6
97730326,CI367562F22DE54F55A7
97730607,CI6FEAACD14B4D473399
97728634,CIDCD7481A68244330A9
97730234,CI5DD416E94ECE4A81A1
97730451,CIBDC35277E9354946B2
86100023,CIEE7590D5A76242139A
97730111,CI8C9941E8659249DFB9
97730331,CI4B586487E5EC42AB8D
97730608,CI12F9EFD1038C4C5EA6
97730235,CI6BDE43E030F949CE8D
97728638,CI66955B0AFA0748E3B2
97730452,CIF55B97621AE84D80AF
86100024,CI38705870E9774AAA97
97730112,CI12DDC43F4F23414E9C
97730615,CI166179D95AC24C9B8B
97730335,CI92E84FA4908D48A1A3
97728629,CIE6FA21301D9F4D7DBF
97730243,CIC67AF7A80AD94DB98D
97730460,CIFE9DA5C7E4604A889B
86100025,CI7AA9C9FCCE89491AA8
97730114,CIB5EE1B048843485AB0
97730336,CIB0AB4D5F125F4F628A
97730616,CI62308B9033284ACB94
97730002,CIB069A2BBFFA3460D87
97730243,CIF7AA04EE7F564A468B
97730461,CI1B9EAC9498AF4DE789
86100026,CI69EAB6BB778F4A7AB0
97730616,CIC151F2CBDA1A441089
97730005,CI5E95B2E19AB1493FAD
97730337,CI7A6563C1BEBF40B199
97730124,CI78C1ECE2A61449AF99
97730246,CIEC11F39FBD414FA0BC
97730462,CI2C30912F84E24F2386
86100027,CIBB8DBBB4EE024902AD
97730339,CI085EE8FFE2C2435982
97730125,CI951DFF671C3D49038D
97730667,CI1B7FEF48BF6B471EB5
97730251,CI133847AD58C241B3A5
97730022,CI95732510B809441D97
97730463,CI54598157D61641EAB4
86100028,CI0E5A680DD1814A4AA4
97730126,CIF2C09A4D3629414D88
97730342,CIF7FFD23562D24F5081
97730668,CIDE92467498A54FF4A7
97730030,CI34E84ECA805F4876B4
97730266,CID0AFA6BA564440EEA8
97730466,CI3FD1FB3E8CDE49B58C
86100029,CI13B39EB6E877451295
97730127,CI532457D5DA85422CB6
97730670,CIFA5ED8072190444AB5
97730343,CI729BA656D760441589
97730054,CID862CA1009F54B68BF
97730268,CI5D53EA8190344D5D98
97730467,CICD468D1943654AB48D
86100030,CI3264C67654294CDA8F
97730129,CIBA6827845BB0482AB4
97730344,CIB51CDD0663AC4FDDA9
86100001,CID4DBD0F085E845D9A8
97730057,CI7AC3951197BC4AD9AD
97730271,CI70B55C90359B4504AE
97730468,CIE168E95732B34BAF8F
86100031,CIE1F83BB7FDF74F1DBC
97730151,CIFC2DF9E6816C482FBB
97730345,CI3AF05E77958E45D08E
86100002,CI4B1112BE417C42B68E
97730058,CI3E194DC26880403C8C
97730274,CI86C0FA509DE34C11B3
97730470,CID365CC0CCA4645D183
86100032,CI61DE6120F72B428B84
97730151,CI2957D610BBC145E2AF
86100003,CIFF5AD7706F20403E97
97730346,CI84BA79F926F84411B2
97730059,CI48520A834D024C0BA2
97730277,CI191C3B34E6564012AD
97730475,CI70E66CD1D8644615BA
86100033,CI5DB1EF1FF8444672B0
97730153,CIDF679608605A49B7B2
97730347,CIF794018B0B3A46AC99
86100004,CI24058501BDD84C2E8F
97730060,CIC8B43495F90548558D
97730283,CI386C06CCF3AC4F2B8A
97730476,CIE32E331C5C3E4E5597
86100034,CI3B36373525DE410299
97730158,CI2D73EB4CA584490AAB
97730348,CIA1507D01227140F899
86100005,CI721852648A414E4B95
97730062,CI7B3C8B1CCD614579AE
97730285,CIF1BFB69F638948B6AA
97730477,CIB8D6C243E51E46DEA0
86100035,CI85BC168003ED46E3A5
97730162,CID5AE217EC9D64CA89D
97730350,CIB003FB880F7D43D8AC
86100006,CI3AFE57B16C70456C94
97730063,CI613BCDB71D1B4742AF
97730286,CIE3BD0364C1FA46B39C
97730481,CIF38C46386B804A15A5
86100036,CIC5074981127844BCAA
97730167,CI21F26C7CA7124648A1
97730353,CI67748E62884F471982
86100007,CI28033C4B7B04450392
97730064,CIDA3A36909E334E828D
97730287,CIBBFE0E3CBF9048EABC
97730482,CI4B324FB6DBC14944B4
97662981,CI7FCECE4F4493468682
97730170,CIF178BED302E0433AB0
97730354,CI5D182A1C20C44B1780
86100008,CI4CDC922F737F46F0AE
97730067,CI68700B78B3164D49BA
97730290,CI306C9C00A95D48C2BB
97730484,CI4FED1BEA37FC4CEBB2
97643309,CIDFB1855C2E754C6FAE
97730172,CI2326B5B87B6541A599
97730356,CI5DB6B6FA672F4C5182
86100009,CI0678A3DBEF794DF495
97730069,CIFB5C09E846B246F398
97730294,CI5D8C63E5AAB147F086
97730487,CIAAC2C01B8B21428698
97732048,CI7E0A3E739BF6483EB6
97730174,CICAC23F707F654A79BB
97730379,CICF71A43195B449C88A
86100010,CI92A381A5296149C097
97730071,CI78CAF67263D64889B3
97730295,CI41D1C264B302434A87
97730488,CICC44C782F47C439A95
97745795,CI1BD2D3B70AAA499F9C
97730176,CIB0338299A46F44F49B
86100011,CI38F73AE3915245E096
97730396,CI757B1CC872364867A8
97730075,CICB600D9A2BF64478B5
97730296,CI79B5BD5A66B649AEB3
97730570,CIE0B7F0341A58430EB7
38832157,CI0D22F4AD7845467D80
97730177,CI54B250CE4BEA44399F
97730402,CICB28BD34701949D8B4
86100012,CI3CDD8AA5E06544179D
97730076,CI225792A8B2814B9986
97730301,CIA3BFFEEC8E1D4320A4
97730578,CI5935BE01DC4F42E0AD
97717286,CI80192EAAECB344E0BC
97730179,CI3D3A631ED88848AAA4
97730403,CI8C476CFC991F481B9C
86100013,CI34D48583003B4C5AA2
97730078,CIFCF2E39D7E254B7FAD
97730305,CI85B79605D52C46E39E
97730581,CIA853B5C3D3804480A6
97736044,CI54D30998545C4F668C
97730185,CI8CC2CD38C2904C2B98
97730405,CIE2A68A79C4E54DDB8A
86100014,CI542D80D4963E4623B6
97730083,CIF91FFAEBF513441FAA
97730308,CI07DE113531384114A9
97730582,CI6C30CAB093534C4192
97730143,CIA9F8EBA3616F4AD7AD
97730345,CID4E3ED06B371466084
86100002,CIB84AB5C850D74DECAF
97730058,CI47BB15F2308644FCAF
97730274,CIF8ECF9613377477F9F
97730470,CID2209EA4BD30478E91
97730151,CI0155D8BBB54B40DA90
97730346,CIC10E0E99B42F4CABB9
86100003,CIDA6557E87706422B8B
97730059,CIB86141DB41474EC58B
97730277,CIB9F8C9B3A4014D0387
97730475,CI10039A91C2394D5994
97730153,CI656D541C688B4E9987
97730347,CI322BA4005CA246D2B0
97730060,CI35D8CF7D41504FF1B3
86100033,CI8E1D020AE8E649A8A4
86100004,CI8200DE0329DC440499
97730283,CIB4F775BE5C35462180
97730476,CICA427B2718DD48ED98
86100034,CI84CDA35CBAF5409789
86100032,CI91561F00EE3A4F2C93
97730158,CI9E5EAF00A17849A884
97730348,CI664A02100273425FB9
86100005,CI1222BC757ED443ABB9
97730062,CI8C13BE93E2D54A15AB
97730283,CIA15D8D1AC317408593
97730477,CI007BB22442774B4CBF
86100035,CI2C88415693F14BFE87
97730162,CI68D7BEC0C4E34D4A9E
97730350,CIC6280C600845499ABE
86100007,CI7491960FA0024324A4
97730063,CIC4BDE379FD50478FA8
97730286,CI7E3C5A831A3A4BC4A3
97730481,CI7F032FB1CECE468D8E
86100036,CI627B2C9A7BB5409CBF
97730167,CIFB269B8912E24C2889
97730353,CIF353BB5412324CBD8B
86100007,CI252D747880E3465DB3
97730064,CIAAE49834F6CC4BFD91
97730287,CI960A0B30567E4FE48B
97730482,CI6F3898B57AB148B493
97662981,CI47809648897B46A49E
97730170,CIEA55656EBB1049B5A0
97730354,CI9AC31540E24E48459D
86100008,CIAF342CAD36C84BEAB7
97730067,CI7C89C63EC2C14CA09B
97730290,CI004EDF960ACB490095
97730484,CI8C97686F3ED04085A6
97643309,CIDA0E5B4339C0474DA6
97730172,CI61392014E3B74074B9
97730356,CIB8B55306A7A043B68A
86100009,CI8215A9DD03824582B7
97730069,CI7CBC175FEB3B4E6E80
97730294,CIAD1F5D07329A4A37AB
97730487,CI5C0AC260E73646CE9B
97730174,CI1BD37280B1D0410CA2
97732048,CI70636CC66CE14317BA
97730379,CIEE312A1438184B0C92
86100010,CIA13663D95F4A45F7A9
97730071,CIF9715B9210544370A6
97730295,CI5F2D9F5D5D344F75A9
97730488,CI52E9BF8F61B540299D
97745795,CI4383583D0F6E48659C
97730176,CIFFE4C1B208744959A3
97730396,CI2BEAD3B405A0436B82
86100011,CI66A76D81350F4983AE
97730296,CI5C93C2581C874A289F
97730570,CI1A1E57E9BB594C7382
97730075,CI8FAE9BCCF2794489B9
38832157,CI4A31C4FACAFF424088
97730177,CI27DA9D53B062402B87
97730402,CI72AD1C04D9344FAF9E
86100012,CI4A8DE874B30842F0B5
97730076,CI1DF958DB63A3439AB8
97730301,CI12B0F3E82FE0454897
97717286,CICB82B46097B5433084
97730179,CIFCD389C7BC51482CA5
97730403,CIFAADDF451C174C45BD
86100013,CI65C7411052A44579BA
97730078,CI129F54CAFB0046B8A5
97730581,CI11EDE6E64DB342BA82
97730185,CI1B583FA3F8DA49B5A9
97736044,CI784F1FB314EC48CA85
86100014,CIAC5CEDB16680498581
97730083,CI021E21E28E2F4CDA83
97730578,CI9BAACACF73DE4E2687
97730308,CI67C3E5684A5F48B993
97610919,CI031D8D42208F43F3BF
97730187,CI0262D5E24EBA4A789C
97730406,CIEE595543ACE449B1A8
97730582,CI8118CEF7219E46DB8B
86100015,CI536DC242B1414CC1B5
97730405,CI9EBAD9B29EA0453F8F
97730087,CICA2A780F49524D7888
97730311,CI8F0B5D1DF0EF44218C
97730583,CIB900DDF0F070481BAB
38825966,CI373E50B170F1484B9C
97730193,CI8868032F8F46476189
97730411,CIA49B681A95AF4694B7
86100016,CI40DDBC175C14419685
97730088,CID1548526404C447EBC
97730314,CIDBBB693A60774864A5
97730584,CI88B15BFB66D14990A8
97728628,CIC0957620319A4CB782
97730200,CI3ECB64E7AB2A429EA2
97730412,CIF723D88308D2404CAD
86100017,CI522834872E3B4EEBA9
97730091,CIB8651D300A774D57A2
97730315,CI261FFAFB28A24C12AC
97730590,CIF2EA40B85091403A8F
97728746,CIE30A11C3A5B64935BC
97730222,CI5E505D25D3FB4548A0
97730415,CIE01F39D3D8224054BE
86100018,CIFCB677579E074F388F
97730101,CI2E5F4190E1C948A5A3
97730316,CIEBFBD37EEFAA4A84B4
97730595,CIE30C914D67E54A55A2
97730224,CIF204815FA78345DA86
97728637,CI73FFE97550994E8297
97730416,CIFC0E85917C844224BA
86100019,CI6CD1F85725F2435DB6
97730105,CI6BE52E1628B04F6FA6
97730321,CICA4834815C50485D97
97730602,CIB3DC6B5C93A54FC195
97728627,CI9E48CCEAA4B3435786
97730305,CI996588432C5547A8BA
97730226,CIA74AEF6472774CFAA5
97730420,CI5ED6A16ADA344A11AA
86100020,CI44F9CE64FC6543AA8F
97730106,CIED5063DA56E04C119D
97730605,CI9B02C544B12B4C99AE
97730323,CI970BADF85FE0482792
97740936,CI28D6D1A4AEA94B89A7
97730228,CI5919BF58E4B6443980
97730437,CI181786CF432A4C4996
97730107,CI258CBC340D0348149D
86100021,CI609A5FF407DC416C82
97730324,CIEDFC2BE8C6FA46998C
97730606,CI90195E7C4C33407FA2
97729179,CIF308233473BC4958B1
97730233,CIB1C90CFA726E434EB0
97730445,CI004EAEDD4D3A44CBB2
86100022,CIB063996A0DB547D191
97730110,CI2EFE8D6F02A4413DB7
97730326,CI4177F9087E0E41089C
97730607,CI9A67D694AEED4A59A9
97728638,CI994833112185499FAF
97730234,CIDD9D2BAB3D114127BC
97730451,CI2DC5CC2A95954773A1
86100023,CIC68474C69F3345DE90
97730111,CIF69FFFBDE0C44D4A92
97730331,CID4348087B91F4CAEAC
97730608,CI6727E7CE21324167A2
97728638,CI7CA03C3E944045B599
97730235,CI6014E9691DEB42ED81
97730452,CI69D44422567B470497
86100024,CI65562F834DEE49FDAD
97730112,CIA973E68160DF4AB5A6
97730335,CIA7A9686E52B04EFE9E
97730615,CI51138D43A5CC44AEB1
97728629,CI72A91CAE6ADA47FF80
97730238,CIE9FD2E6DC75E48448A
97730460,CIB396E63DCDF74F088D
86100025,CI2ADE259D75DB4D598D
97730114,CI3ABE132D2CB34EF098
97730336,CID3A82B9DF2C8465F92
97730002,CI250C4C94C1E843008A
97730243,CI17BC7738D3484E42B1
97730461,CI5480828280ED43F5BB
97730616,CI9BB0866F11B544F2AB
86100026,CI00432538573E4DA3AC
97730124,CI3994E0FDCAC74DAEBE
97730337,CIC45F87280AC543A9B7
97730619,CI317AD248A0D84F89A1
97730005,CI1E1C6A9A5BB54D4484
97730246,CI8A5A0D71FD6B4C0D9B
97730462,CI75D95CD07A96486FB1
86100027,CI4DA802940BA2448384
97730125,CI31DC0EC8B7254B328E
97730339,CI9FA63043BC2546DA80
97730667,CI9233BC5762134365B3
97730022,CIA0E3B31B1EE8416B8B
97730251,CI11A60A51AE174C1180
97730463,CIF2868DA0215346BCA3
86100028,CI5039269B9528450081
97730126,CIFC305A73C2B540518B
97730342,CI28325884CC7E480D93
97730668,CI33C1559E41E44FAEBB
97730030,CI71C6DEA7726A4FD6BD
97730266,CI60D0398372EF4F4396
97730467,CIABFD8791B03B4B8480
86100029,CICB771DB1D02742CBBE
97730127,CIC60FCD7974184DCC8B
97730343,CI1882612CD4F240D7A3
97730670,CI3C69542CFBA941C794
97730054,CIBAF38113755340AC91
97730268,CID7EC2784173D4ED7A5
97730467,CIC05E5FD87BC648EEBB
86100030,CI11BF7C6BD0AC4E50A9
97730129,CI7196C4DB86C3484E8B
97730344,CIFEE66F9BEF744C7484
86100001,CIF381F895924A4905B8
97730057,CIFD347CE654C84E98AC
97730271,CIC1A83BA126464FBFBB
97730468,CID5360A90ED0E4B7D8B
86100031,CIBACD17B267FC45D889
97730143,CIFB5FE9FC1D744E6B98
97730345,CIB93EBED7008B46CC8E
86100002,CI537346D588034D6992
97730058,CI62561EF3E70447E8B1
97730274,CI4892D15CD88D4C11A9
97730470,CIB1F76FF0559E4D8294
86100032,CI9B2B2D7EDCB84321BB
97730151,CIC80E217B35F14DCC80
97730346,CI70272E2C9EC34093BE
86100003,CI123AAF8F8E3441D9BA
97730059,CIF3D56C53C37D4911B6
97730277,CIEB4FB6CF3596404D9F
97730475,CIF61ED2318BA5466B9C
97730153,CI4BEF4D33A63C46B298
86100033,CI7CB26DAB147F465DA4
97730347,CIB1953DDE51FD4D019D
86100004,CI12A38C6C34DF464FAE
97730060,CIE80865AE09494E8BA3
97730283,CI14CB99E80238402C86
97730476,CIBE0474E5A019433C8E
86100034,CIF9195B51BEA74575A0
97730348,CI1A2E0D6AFCED4425A0
97730158,CI95924BB7F2F8400686
86100005,CID95CA8F23C09481189
97730062,CIFA5F1A1102C74A289B
97730285,CI84B56337C2094A42A9
97730477,CI766905385B8349CDA7
86100035,CICCA08AE5AE84401E8A
97730162,CI90FAF7A1ED2147EAA4
97730350,CI3DB1D8C3A1CB44C5AE
86100006,CIFC261E4B5E7C4BB3BC
97730063,CI43C214D4BC0E4E01BB
97730286,CIA1DE3A934C0D4CBA95
97730481,CI76E95032EC754CB5A7
86100036,CI34C6CE8BF4114E8F99
97730167,CI5F125D6C359B45DA9F
97730353,CIAF10AA5226104739AB
86100007,CIC515B77CB5BD4DEFB5
97730064,CI89E2C448DABA4F5E8D
97730482,CI566B5D0C289B49ACBA
97730287,CI969F2FB6239844D9A3
97662981,CI107E877ED95340EEA8
97730170,CIADBFA3551588456CB7
97730354,CI603768469F9F48F092
86100008,CI5EBB921A433B428BBF
97730067,CIA18A981E16DD4B598F
97730290,CI35D24E99A5574E6783
97730484,CIC4B4AC9BBB6D49DA99
97643309,CIC7DFFECB1DBF414FAF
97730172,CIF45FD7BCF94E4F2994
97730356,CI43E5107E5FBE4078A1
86100009,CI2CA54E838D674FE4BE
97730069,CI3A039737D0DA4919A1
97730294,CI7D23DCB883EE4CCEA4
97730487,CIBC9150863B4A452296
97732048,CID07FE8309CF142229C
97730174,CI996A5B8149C4471B8F
97730379,CI4B998241029A4DADBE
86100010,CI7F961A7F8D144ED6AC
97730071,CID1CC49E5DA0141B0A4
97730295,CI53F5A425F1AA422383
97730488,CI714412CB507749A9B9
97745795,CIC3F4A2C25D4642A0A9
97730176,CI422C425EDF294A97A4
97730396,CI884C8F61F574410C8B
86100011,CID1B456E3F7BF47AA8D
97730296,CI017B9E4223334ED284
97730570,CIE437D161B0B7402FB1
97730075,CI95692A91FE514AB592
38832157,CI4102367425904B6CBA
97730177,CIE9A870B72C9840E89A
97730402,CID709AED538F14DC0AA
86100012,CIE853639FD086442DB4
97730076,CI7C8AE96A2021415892
97730301,CIF2BF8345770743FFAA
97730578,CI7A0F7ADCE4A749D98C
97717286,CI6CF4D0DCF4A24337AB
97730179,CIBB96175887DD4FC6B9
97730403,CIF0A1DF1A4D884B10B8
86100013,CI1832062895C8499AAA
97730078,CI6249D962E98C4E3DAE
97730305,CI59517DEFE25A4736A8
97730581,CIC286E83A94CD4CA587
97730405,CI2A815F65149E4929B5
86100014,CI2D6FC224AAF7467EA9
97736044,CI9E7417086F8F4F4C8B
97730083,CIB9C423695EED492AB2
97730185,CI92821727200E41DCBE
97730308,CIDD07826E23AC46888C
97730582,CI109F3C76958E4896A7
97610919,CI0D95E38C0BDF4E83BE
97730187,CI6B13578921A14689A8
97730406,CI22041629C825486EA3
86100015,CIDF899D33661A429B93
97730087,CI88374573B0A443499A
97730311,CIE327DCB6E22543039B
97730583,CI1752D6D5615144B389
38825966,CIB15292E1FF3E459182
97730193,CI1880253B0FBD4454AF
97730411,CI2B5B7F76A08D46F6AB
86100016,CIC77CC35A18084A0CAA
97730088,CI7E4546DD45334239A8
97730314,CI60D79185E6F24A8191
97730584,CI3812ED606B1A4959A1
97728628,CI61E31F848E8240AB91
97730200,CI9802CAD8DBE3442898
97730412,CI678E65B26C8348B886
86100017,CI72EC855500444AFF9F
97730091,CI971DCDFB37DD47D99C
97730315,CI2F495AF7CA3C44039C
97730590,CI96595476BF7244688C
97728746,CI24EACD79D9CD45E78D
97730222,CI59B1CA2305804914B9
97730415,CIFFEDF7AD541E40D49D
86100018,CI6A884A551E134FAEAC
97730101,CI55350B31E30A41E58B
97730316,CIA9EBBF37B08E438286
97730595,CI206397C4A55B4DDBBF
97728637,CI0FD18988832946A0B8
97730224,CI6EB60B86962641ECAC
97730416,CI4E4AC283ACFF4B8E9C
86100019,CI6F97C73ED7FA42319A
97730105,CI32C5E68E8D0049F5BA
97730321,CI633B28F2186D456795
97730602,CIE501A2FC93774C0C86
97728627,CIE3DCBFC14D384B0CBB
97730226,CI10F3E5EF8BB84427A5
97730420,CIF57E8FDF08A74631B5
86100020,CID544E69D4CCF42EEA8
97730106,CI8F7DC98C71424FCC96
97730323,CID56FA391993A4B3A9D
97730605,CIA5581D98B2E84BCEA8
97740936,CI7B15C00388E3410F88
97730228,CIE31C5398AEEB434C9D
97730437,CIBEC3CDD21ABB438C8A
86100021,CI83B987D2383F4CF593
97730107,CI6D38664E2B6A4712A1
97730324,CI4F2B515512434327BB
97730606,CI799CD96D36894349BF
97729179,CIF94F4075A2BC4092A0
97730233,CI7D9C40F161E8496D83
97730445,CIE9F370CE347947CB93
86100022,CI0D397073EB7D4CC5A6
97730110,CI14FD3292CB1B4E78A4
97730326,CIC22CC985A49546B49A
97730607,CI41210FA51C374393B9
97728634,CI30FD3430B011443990
97730234,CIB2569553A2854B4C89
97730451,CI2920A7AAAB4740E7BD
86100023,CI8B04A81DD37F417E8E
97730111,CI87FB3E232F50420BA0
97730331,CI76A0DEBAE4A0496DA4
97730608,CI3BDD9BEC102F4DE5B9
97728638,CI48DEC92F418A4BB682
97730235,CI2F8D407AEC99467597
97730452,CI2C27EAF820B44A478C
86100024,CI8A85B28D17A943A6B2
97730112,CIBE93D6C9317E4CE48F
97730335,CI7DE330F27EDF4552B1
97730615,CIBD5C6EDE34D54AE4A8
97728629,CI1151390BC02640A286
97730238,CI2C85E46DCD0B4C4F92
97730460,CI5077F63419754916AE
86100025,CI7743ECC4888B43CEBA
97730114,CI26946032467B45C3AA
97730336,CI344B5AF30ED94BE3BB
97730616,CID78B50DEE3CE4B4685
97730002,CIB6332860B1F54517B7
97730243,CICBC49768ED5A4EF6A8
97730461,CI5C82965E925D4EECA6
86100026,CI92B585E6A4C3407EA8
97730124,CI8259F71AAA9A4827BC
97730337,CIB6B6E2AF665F48ED98
97730619,CIBC7B1ED2621D458081
97730246,CIEC4B99A59DFD4D1991
97730005,CI83BD6C2A2698491293
97730462,CI6752FA042A3F4A1CA4
86100027,CIFDEB9E39AFDC4F6A98
97730125,CI616F9657B27A438C9E
97730339,CIE7F09470DE104A8498
97730667,CIFD85912CEC5F4A7895
97730022,CI46BE40A97CD64452A4
97730251,CI5275F8795DCA4B91B7
97730463,CID69DE31A5D914C2A91
86100028,CI497511493B2E4F1FAC
97730126,CIEAEEC175846A49C889
97730668,CIB1350DFAF6544C7082
97730030,CI05785B509CD74ED3B6
97730266,CIDA561C884EBF4B8DAF
97730466,CIA9DB9A5716044F65AA
86100029,CIF8C798A4C1D84FBB86
97730127,CI892923BF265449EC85
97730343,CIABA52F85DBC54C55B1
97730670,CI521B88AB0B0B4F6895
97730054,CI530905D13C9B4248A2
97730268,CI5D0FE125E806426FA1
97730467,CI719BADF5D8EB466F81
86100030,CIDA4229A47BEA4E5C9F
97730342,CI9920B3BA80964458B3
97730344,CIFF7F05A1CAA249F4B6
97730129,CI6176D23188BA4B39BF
86100001,CI353074B0ACB443A084
97730057,CIE98126E4E82D41E39F
97730271,CI6BFEFA89BEB54EA396
97730468,CIF29B74D3EC2F48BD88
86100031,CI3F7650B4CD1C4172AA
97730143,CID07AE4EFFF8B4DD1BA
97730345,CI34AF152D05944A6C87
86100002,CIC0B9BA2E9A8446E386
97730058,CIBE55C0DCA1144FA9AB
97730274,CI54914172CE004ECBBB
97730470,CI6AF4EDF8D52B4A5EB7
86100032,CI5E0846A500EE40C2BE
97730151,CIFF0344010B764FB2BA
97730346,CI8C5C9C870658401C8C
86100003,CIDA6A4476196C42289B
97730059,CI4790B96467E743EB8F
97730277,CI4E45630B9E5B4E32A0
97730475,CI52E14CE46EE54FD5AA
86100033,CI188B7755AD9040878B
97730153,CIBE4B4CC4695745B0BE
97730347,CIDB2221D1DA4D4A5792
86100004,CI3C1F9C4F4862422AA9
97730060,CI7C12289E8C9E45818E
97730476,CI6D19FEF6B8074D3392
97730283,CI87E8675547C3410AA9
86100034,CI1901664B61BE41C8B8
97730158,CI8F79169DEF384BB5B8
97730347,CI720BC6019F614852A8
86100005,CIE7C71B58ECD54800B4
97730062,CIDCB88AC7DA0C4CD08E
97730285,CIFDAEDDF6370F45AABB
97730477,CI1D6014BD5EAC4D158D
97730162,CIB1FBB29377DA4F1C80
97730350,CIF2B55C5298304405AA
86100035,CI9D0C2952326541168E
86100006,CICF05AB861C2B4C0FB6
97730063,CIEE517F14CD914306BE
97730286,CI5376BBDD3D914623AA
97730481,CI55B10B87234B49D487
86100036,CI30803E534C264D438E
97730167,CI75C6D52E69844F65A2
97730353,CI2A0382ABAC21416BB0
86100007,CI6361248098C9408484
97730064,CI87732AB4A61345E0B8
97730287,CI0643B4FEEE34498E96
97730482,CI22263418B37745A7BD
97662981,CI8DEAD14CC5244AC58B
97730170,CIF39F12A86B764DA08D
97730354,CI811C2A50A0E74E1D97
86100008,CI7BB5B9C66E89471FB3
97730067,CIF25BB89F95B34BB98A
97730290,CIF5477C15AB854CC982
97730484,CID059E0480B22404A8C
97643309,CI38F047E4E4464615B9
97730172,CI71B4F55DA620489582
97730356,CI2E07F3E7B45F4704BE
86100009,CI213D06CB7F3D421CAC
97730069,CIB5D8322974594534A9
97730294,CI9FEDFE59AFEF45C8BC
97730487,CIF146982787434A3085
97732048,CIF805146FB54B4ADBBF
97730174,CI9ED0A937D0204ACA85
97730379,CIEF206BB00971425A99
86100010,CIF46C92D5B6AB4D0296
97730071,CI86BF68F256A648DBAD
97730295,CI071F8D6CA06D4040BD
97730488,CI3244C82C62CA48A7AA
97745795,CI6E157F7547B043BB85
97730176,CIEFEE9657C2B045E7BB
97730396,CI232A93DE0E84446CA7
86100011,CI0EA441481650400ABC
97730075,CI90BD2DF21F264BD5A4
97730296,CI4626B41BD0EC41E4A7
97730570,CI8F56DB5F8060467199
38832157,CID0FD8BFCA7C149EFB6
97730177,CI54583FE2149A4F809D
97730402,CI3CC6109D32074F63AD
86100012,CID6030AFC5A044E7685
97730076,CICBA1099AB9F840F3BE
97730578,CI78A04134AE73429486
97730301,CI8501AC9684054200A0
97717286,CI40F4BB078990402FB4
97730403,CIB2EB8F76D9D44A15BE
97730179,CI96889A1D1B8F4F34A7
86100013,CI27CC8F1867B7481BAF
97730078,CI45B2BB5C0C4744CB83
97730305,CI1C3198BEA86446DAA2
97730581,CI69B5150CC5CE4396B7
97736044,CIC974C419912E414B8B
97730185,CI6A726C040BBC4573AA
97730405,CIC2DD1085546D483EA7
86100014,CI1247CD5D52A849B7A5
97730083,CI7E6AD8BF6D4C4E3992
97730308,CI684EEB56A2EA476CB1
97730582,CI8D559E24F0364BB4BD
97610919,CI6401D32B15914EDFBF
97730187,CI753392856D6F4BA685
97730406,CI2CAACDF9B917479483
86100015,CIE6712DB52FB04CEFA1
97730087,CIDFC3A577EC3B4A368A
97730311,CI476D4782FB4A4C69B3
97730583,CI32903010857A414583
38825966,CIFE27140A631D452FAF
97730193,CICE7E1907B6AF45D289
97730411,CIA2D9DC35BC2A4D99A3
86100016,CI96DF7B05CBDB40E7A4
97730088,CI6A7E3FCF81124CB7AC
97730314,CIE8D9716EDBCB43E3AC
97730584,CIC4B7B67B7BE1417294
97728628,CI370A58F10BF943F2B7
97730200,CIA790BDC946DC44D497
97730412,CIDF78455A382042C599
86100017,CI2701355DC2CE4333AD
97730091,CIF6ADC593310346AEA6
97730315,CI4F21E39DB1164D7EA7
97730590,CIA968BC6CAD394BA0B0
97728746,CI690CD677D33444479E
97730222,CI0E12A05A5B0A4AAA98
97730415,CI96BE815F95E94499A5
86100018,CI25FDE8342835430FB9
97730101,CI5DD509F963084D74BE
97730316,CIBAA861F1E739452287
97730595,CI16B3FD26BFE04BDE9B
97728637,CI5ED647CC12FA4543AD
97730224,CI20BA035D52514945AF
97730416,CIE3909DF4ED1A47CAAB
86100019,CI894799A629AE4E7CAB
97730321,CI15F97A001F7C4D9481
97730105,CI81DD9EE8FFD642AB98
97730602,CICABAD1A360DB4CEDA9
97730226,CI5A9D13FD7DE643F7BD
97730420,CI776074B185BE440885
97728627,CI834F77A966E044C8B9
86100020,CI8CB2053B63FD44C384
97730106,CI5EED011CB48B4F8780
97730323,CI947A536280174D0582
97730605,CI166E83276F824ADCB2
97740936,CI242167998AD848B588
97730228,CI95AE5F8B728246208C
97730437,CI2217A6C5D950416AB0
86100021,CI7A595D32164A481B85
97730107,CI35A24DDB66F74226B7
97730324,CIAD24F5F48EFB45E9A6
97730605,CI7D7011F8A89E4DAA92
97729179,CID3F2B1C9BA804C78B8
97730233,CI5BAFB4837A524000A8
97730445,CI004FFA7DE77D44FE87
86100022,CI3CC7D9011EE44C2795
97730326,CI26ABB925ADED4C1CBB
97730607,CI5785619F329C4ADBA1
97730234,CI45AE5B5750A44BEF93
97730451,CID6F36ACBA5AC4880BD
97728634,CI843F59783B8B49DF90
86100023,CI0480713960CD4167A4
97730111,CI88119FF360794EF8A9
97730331,CICFE3970100A7495F81
97730110,CI99DD0E3E78E949A6A7
97730608,CIC5756DD7F72D490C87
97728638,CIB6145106354146CBB2
97730235,CIB981C537A0CF412B97
97730452,CIAEE6DDCC141B411C99
86100024,CIEF2369B061304198AB
97730112,CI89A8695F908D46889A
97730335,CI7B66E3BC5B904505BD
97730615,CI5C179746F37A48B58D
97728629,CI81ADC2AB1D04495DAB
97730238,CIF5B6372B108545EEAF
97730460,CI3A0A1E998A574DE5A4
86100025,CIA4ACD1C00882418881
97730114,CI535CFD66758A4935A9
97730336,CI6E0F1241583B4BC88F
97730616,CI287D448C11794E0993
97730002,CIAA2E4C59CB344F0C80
97730243,CIA264876FD67946BA84
97730461,CI8A0A6B50B47045EA9F
86100026,CIF4ECDE97F9B94FAFBB
97730124,CIF7F4A61619C64859BB
97730337,CI8196D70EC6064D958C
97730619,CIF6743D74DD244B41AB
97730005,CI7A51A2B7252F4B7C8A
97730246,CI84895D2F845B400280
97730462,CI33FA245505BE42CAB4
86100027,CI10276713CF8D4C93A9
97730125,CID2FEEE5787CB428FA5
97730339,CI196B3FEDAEA14A178B
97730667,CI7733CDEF457D4EFD89
97730022,CIBB15762168934F7797
97730463,CI36653FEF0B0A4DCD80
97730251,CI814C9F011C924B838E
86100028,CI2CA98E7F8B8D4297A5
97730126,CI7D94CED9ACA94E23AA
97730342,CI917EA24D404443ABB0
97730668,CI490B0CFBDD2B4D3595
97730030,CIFBC1A82E5913475EA6
97730266,CIF4D7D93CFB5847AB8B
97730466,CIE6C300EF952B4FA29B
86100029,CID2362726144B443C9A
97730127,CIDA15853AE38749C39F
97730343,CI44D6CF28AA4841A1A8
97730670,CI304225285CEB44ED92
97730054,CIDA710AEBD3FB499E86
97730268,CI418B1AE694EB4CF7B9
97730467,CI77BCB1B77EA54D6384
86100030,CI9C3C22ABBB744D9284
97730129,CI58AD2FB77680499DBA
97730344,CI0501571EF91F4B8992
86100001,CI27C4592F612F4502AB
97730057,CI01DA33545ACC47C5BF
97730271,CIC96E4FAA5A334540B2
97730468,CI38D4A48F3E2043ECBA
86100031,CI4C8D4292E0B5426291
97730143,CI5F30FCC26D6F41E9B1
97730345,CI1AF5C6AA2A35432DB7
86100002,CIEBABA0BB28AF41C3BB
97730058,CI1D396AC17B9545BFAD
97730274,CI9E362904DD50474287
86100032,CI330B166FD82F4100B7
97730346,CIA7AF9479377E4C6EB4
86100003,CIC4C97BBC60A244EC87
97730059,CI502C528E2F36465DAE
97730151,CI9B8C14F1E49949C29B
97730277,CI4D2E2ACCF3184EDBA5
97730475,CIF13FD612349D45629A
97730470,CI9E9F63114D724253A2
86100033,CI84A4395C00B74BBEAB
97730153,CICB0154C4CDFF400E94
97730347,CIB2331B65C3874C7BBF
86100004,CI37335199C4F9478497
97730060,CI0EC522585CD44704AB
97730283,CI0CF3125307AF41C79E
97730476,CIC0724BDE61B94AC99C
86100034,CI74B07C05BAE648EB90
97730158,CI32DF066D72E1496CB3
97730348,CIC0701C775F9D441595
86100005,CI184C271CF2C74D0E83
97730062,CIDA421A0C2BC04F98A2
97730285,CI69D1D6EC8CAB4FA8AE
97730477,CIE25554CB444F4ADAB4
97730162,CI13AFA85C81CF4FEAAD
86100035,CI972E5DAC3267488F88
97730350,CI202BCAF65053475090
86100006,CI178E61E0E536428A99
97730063,CI7E8FDFF6113C4DF4A9
97730286,CID713F04D8CA14E0D9C
97730481,CI288BE914ECBC46B3BE
86100036,CIFA64BA9339494007AA
97730167,CI1522116016AE4473BA
97730353,CIADA24EDFC25342A3A3
86100007,CICD4F94D17C634175AF
97730064,CI59581449FACC401B80
97730482,CIAF7EFEC82BDF437285
97662981,CI528174AFDB074127BD
97730287,CI740EE140A51246C1A3
97730170,CI333741609846422183
97730354,CI214003125720487291
86100008,CI3F4AD43FA07A4E2794
97730067,CI069A94A2A542476496
97730290,CI9891E95AE2E14975A5
97730484,CIA16B2A60142E496C8A
97643309,CI10EAABB7AC814936BA
97730172,CI5C75AE237447493EB1
97730356,CIE42009ED689640A892
86100009,CI7452F83998D444A4BC
97730069,CI68B22FCF4B8F4D849B
97730294,CI9005FB945BDB480C84
97730487,CICB13741BAD9949A4B1
97732048,CI291B84BEC51440188B
97730174,CIF51A61CE6D244F4FAF
97730379,CI8D9E963173884328A4
86100010,CI273946FD5251433580
97730071,CI72F3F2E286194908BE
97730295,CICC2D3707384240058E
97730488,CI9EE72B5147C64704A5
97745795,CI1E3C26B345284F85BD
97730176,CID3B357C409224F2A80
97730396,CI3CB11595CE4744C6A3
86100011,CI762AE4E59A084DA3BA
97730075,CI34A54CB476794F72A4
97730296,CIBC33EDF0922247BB80
97730570,CI2EC993CC66414588A9
38832157,CICDD65D836D5441FCBD
97730177,CI216F1AE7929E4825A7
97730402,CIBDD38B86873644649A
86100012,CI500B8D2D78D74A0D9C
97730076,CIFF891B8AFFF14D459C
97730578,CIB1DE49D988624649BE
97717286,CI03196E122A9C4CADA2
97730179,CI26405FA1A1D54D92AE
97730301,CI84ED2E9B8ABB4D71AC
97730403,CID5D3E22054AF46ABAB
86100013,CI0E341C71344C4A439F
97730078,CI10A438D3A14A4D7583
97730305,CIA39F36C4AFB3492790
97730581,CI77687B52E920492AA9
97736044,CI45A377E291C34201BA
97730185,CIC19B532BF1D14352AA
97730405,CI1AB1BA9FCEEE4A6F8C
86100014,CIA19FA1778AA949B484
97730083,CI8466988B8E504AFB88
97730308,CI2D6B01036C0E4EC1AC
97730582,CI2E6FB5DE4806489DB8
97610919,CI2C333D9D158F422BAB
97730187,CI5A51FE81508E4A9AA2
97730406,CI3C6B37C06BF14873B9
86100015,CI3308F2165D8543C683
97730087,CI3BD9B7BC2AED4EC4B2
97730311,CIDCB6F72C70FC49BCB9
97730583,CIAB5246023969469695
38825966,CI37F8FED97EC34FBA9D
97730200,CI7423BEF8A6AB4ACE92
97730411,CI3A48EC352AD64558AC
86100016,CI598ED174251F4660B0
97730088,CI3A32D372C37C4D7B94
97730314,CI07FBCDBAC3B3490F9F
97730584,CI2C058D61A6D74A2ABF
97728628,CI1560C725A3784897B8
97730200,CI9AD8ACE2D3C7447090
97730412,CI007C62DE10DB4CE199
86100017,CIF95FB6BEB42F4EBBBB
97730091,CIDC4CFAC5FD5643078A
97730315,CIFB634B3B7C4B4E7689
97730590,CIBF05700FFFAB497CBE
97728746,CIAC1027C3C64D4837B4
97730222,CIC43DB10BC01249619F
97730415,CIFA39588D08FA432885
86100018,CICC17922A344A4480B4
97730101,CI17A8AC1588354F8296
97730316,CI06B3A4E8E9D34B288E
97730595,CIAB0260A1CF4247CE8C
97728637,CIA9FB7FF75D8E43FEAE
97730224,CIE5D7C56712694B578A
97730416,CI43ED0660F8FD454DBB
86100019,CIBBFFB08F063B42DCAA
97730105,CIA7663B454CCD4FC1B7
97730321,CIDF78EFFE40F74627A3
97730602,CI6E6E4E1CD45649D68A
97728627,CI7745AB2FAC51423C89
97730226,CID40914A9D20C40EFA9
97730420,CI9FE7A8AE673642FDB7
86100020,CI961416B76993440DBA
97730106,CI5206C38CBB3E457A8F
97730323,CID61401212F71407382
97730605,CIC912A41E569C46819C
97740936,CI8C6A1F87B8144B9DB8
97730228,CI0798E3487F95435589
97730437,CIF9FB89A6C0064524B1
86100021,CIA345947ADBD4473784
97730107,CIE1F09525220C4EC9AC
97730324,CI49339609CAC64030A9
97730606,CIE225D6BDBE9548C2AE
97729179,CI904B93A8DF5248F7A2
97730233,CIEA22D4C410AA469FBF
97730445,CI6B7EA897121E42DD91
86100022,CIB109C19EF7FD47BB9C
97730110,CI85E1820C020C47C8B3
97730326,CI62BC2C5B34674B09B0
97730607,CI6262FB70EED14486B0
97728634,CID19423FC0BC84C29AF
97730234,CI060AC7B753FD408EB6
97730451,CI366437ABC1D043FA9C
86100023,CI9F0C52C174AD453C9F
97730111,CI6733E4746FC645088D
97730331,CID5CAEE2661E943F2BE
97728638,CIA7824B1BD64245929A
97730608,CI6B76862F8F124DD19E
97730235,CIDFDBFF78946742B189
97730452,CI21669DA0C8404AD09E
86100024,CIA03533FCFC694BA588
97730112,CIEE600D27AC2C47BF8B
97730335,CI8F08C63F90F04113AA
97730615,CI2C67ED956F7F48E0B7
97728629,CIFD2E0526B3744755B8
97730238,CI247620AB4835441C81
97730460,CI0289B59F32564DA697
86100025,CI11992F63F0BD4ED6AD
97730114,CID38B9DC1305C459690
97730336,CI76C938E885DC43B4BA
97730616,CIA777F97C629546C79B
97730002,CI378B913AA9334BDB83
97730243,CIC7D0DD4A45BF46828A
97730461,CI5C02C6A497054E308C
86100026,CI9AA59A69030A4263B4
97730124,CIA16464FC4316469ABB
97730337,CIF3B6FEECDC1D47C381
97730619,CI062480270D3C4E6FBB
97730005,CI40435278F7A7474BAC
97730246,CIF2E83FF2D4F544D9A1
97730462,CI079B13A8CEA54C40AF
86100027,CI454B44B7099B4C4385
97730125,CIFDEF1D00B4494697B0
97730339,CI1EB4425834394ED8BE
97730667,CI6022C3E9498340B89A
97730022,CI669EF302F1DB42EEBE
97730251,CI688B7CBB27D04F8998
97730463,CIB45A57A2934C45E0A1
86100028,CIB7F484B3CB6943629C
97730342,CIBA90A0A12F3C41ADB8
97730668,CI1B75284E775E42DCA9
97730030,CI5938221056434A9C9B
97730266,CI50564ACB24C14EBDBC
97730466,CIFD68202FCCBA40C4B9
86100029,CI3CFD0F6AEF2D41AC9A
97730127,CID269F4797E9A48B082
97730343,CI5C42577633C3428E85
97730670,CIA590694A29404D6991
97730054,CIA9BDC3DDF4504BC9A2
97730268,CI20F004620D284699A8
97730126,CI990A0E9F56DD415894
97730467,CIAB0C1FB918BC4EF882
97730129,CICFF3306399B24F3AA2
97730344,CIDF781837F2AC478EA9
86100001,CI512AF8E0DAF94DD2B3
97730057,CIE2812ED16CAA4FC1B0
97730271,CI12F996287A284CE680
97730468,CIA2AE2246CC1E44A1A9
86100031,CIC51CB42E83114FDD90
97730143,CI67DEF5F5DE6240DB8C
97730345,CIEB92CFE52CA645CBBC
86100002,CI01CAB5CC24E74424A3
97730274,CIABDF55F62CB342E49F
97730470,CI3DEB413BBA934C84A2
86100032,CICBEC3E80F24C4F9EAE
97730151,CI1BE6D363E9AB40EEB1
97730346,CIA3E05AA6CB5E478C96
86100003,CI13394625EDE84E7C91
97730059,CI5FCBC13CDC8646B192
97730277,CIC43F49EFF3E6426A82
97730058,CI9466E4ADF5504074B5
97730475,CI1512C130A6FE40F280
86100030,CI960C2C8EA8A54E3580
86100033,CI6FB85E43D5B74469AE
97730153,CIB698FB6DA7334B8589
97730347,CI90D745016F26404094
86100004,CIAEBB5FC7969542FD91
97730060,CI25699CDB45C4445BAC
97730283,CI7E8F3073FE8A42CCAE
97730476,CIB7B2F6642DCE469780
86100034,CIEE08577486F94B58BC
97730158,CI476602AF3AD546638A
97730348,CID7B45C647448424BA8
97730062,CIDCE2CF5DED594684A5
86100005,CI61458021556B478882
97730285,CI4E6D7C8BE408419680
97730477,CI4BC3C9B53DA446C2B6
86100035,CI1CE06C102F5E406BB2
97730162,CI0464CCF9A73D49BFA4
97730350,CIDC6ACFAC4510438DA6
86100006,CICF5EA71061744DFB8F
97730063,CI5C1DE2402060491389
97730286,CI4F5237F5BD2D45BF8C
86100036,CI527745AB3E1D4D9C95
97730481,CI63473F3AD9004B3C95
97730167,CI2462D8221FD441CF99
97730353,CIC782C3F03E174ED696
86100007,CIB63BE61AFF4043A1A3
97730064,CI8977401418AB43CC94
97730287,CI597AAF8E6067402D90
97730482,CIA0FFE91969594BADAA
97662981,CIDE3CE7A9931E42C085
97730170,CI219320C8B0DB4E5F87
97730354,CIB59FE9BE887B4C59BB
86100008,CI691BAFE4CBB9466A9F
97730067,CI4428C2D88D794A80A0
97730290,CI5BEED2C9A872446DAD
97730484,CI4BC8AB12080841B89F
97730172,CI82E6121B5FA347428E
97643309,CI8725BA39AF1D428EBD
97730356,CIB7FB3DB07CDD4FDDB4
86100009,CI233180A352674CA29C
97730069,CI89AF398B0C384E54B2
97730294,CI90F68555A036467498
97730487,CI508CBD4DECD64B94A6
97732048,CIBD7E43F204254BD384
97730174,CICE1A32BE61F24EE6B6
97730379,CI9F13915C7F3E4EAC93
86100010,CI02CD1A3999594A7089
97730071,CI1CB41F75B53D4405AA
97730295,CI4066F0424A134B2188
97730488,CIA7FD9B7BA3224A3980
97745795,CID07CD92042C047ACB9
97730176,CIE781AC6DFEF34432A5
97730396,CIFFB99CB154DB444EA9
86100011,CI0C9E173B54E24F0EB5
97730075,CIF7C664EDAF4D48D8A8
97730296,CI4F752CF900D846CEBD
97730570,CIF66C3F71AAAD41EEA4
38832157,CI11394EED2B124AD9BC
97730177,CI6C744346AFD243CCB6
97730402,CI86272DCD75C44DB5AE
86100012,CI81A61AF539624F18A1
97730076,CI419B76121B4F401E89
97730301,CIB1A62B89F96D424EAA
97730578,CI478B87228E404AD39C
97717286,CI03EC58D91BAB475E95
97730179,CI3F268DF77FC849D991
97730403,CIE662FF6118AD4E6DAC
86100013,CI4369ECFA1B4646B79B
97730078,CIE61002BDC4DC49FDA0
97730305,CI1D97109160D7406292
97730581,CI9CF36449CE5F4A42B0
97736044,CI56E9F062048A4F299F
97730185,CI1C64FDCADC70446293
97730405,CIAA592F2619A74A90B4
86100014,CI0CE838BC148444688A
97730083,CI5B6B417C418E4CDA95
97730308,CID114AA10466D458288
97730582,CI07275862F32246CE87
97730187,CIC056BAD55E334B68B4
97730406,CI705D8059D1F24EE7B5
86100015,CIB1F195F4C2EC4EC58D
97730087,CI374EC6749F4D44C9A1
97730311,CI5D089A89692B43618C
97730583,CI79936D31831447919C
38825966,CID56D65AE1D93411DB5
97610919,CI87ECE74F7FE443F080
97730193,CI3C5E85AB82DE4547AB
97730411,CI525448576FF94B3CB9
86100016,CIBEB1FC94EF89411887
97730088,CI56E88D33921A439AB0
97730314,CI31EF17B28B414F9894
97730584,CIEDE1778530BB4CADA4
97728628,CIDE99F620CE2F45E6AF
97730200,CI3304F92D7964453AA3
97730412,CI167C0A76479D40A0B0
97730091,CI5F6542DAD4F04A0CAB
97730590,CI175E44C570EF4E219B
97728746,CIC095C3AD0D3340A681
86100017,CI9A0A07D0CAB3479498
97730222,CI70F4A1CAC6584E7089
97730415,CI5C3B736BE11841C3A8
86100018,CI32B494A4C9FD46BDAC
97730101,CI578E3E0FF8264505AD
97730595,CI4996D648AA78472D8C
97730316,CI77A7C587D8094C62AB
97728637,CI32C2EB9523A8474791
97730224,CI0894D6415C1F40A58D
97730416,CI410457630CAD4E7C8C
86100019,CI2ABC4AC2AAED45B4AB
97730105,CIEE81BD4821F141F295
97730321,CIED8E0A2880614CC188
97730602,CI55CEC21E50A64D3897
97728627,CIA85DE048F54A4999A7
97730226,CIBAB36BC9FBF44C499F
97730420,CIE950FD1ACAD34AB0B6
86100020,CIB758BACC83C1421DBA
97730106,CIA823CD88514F4496B2
97730323,CI3E3E4A004EE648F1B8
97730605,CIDDE385D5D4174CA8A0
97730228,CI30D88A997D934226BB
97740936,CI7E3CFCB224C04903AB
97730437,CIF2BD82226471431F87
86100021,CIB7F4BF4BEC92492785
97730107,CIB86305D74672408E9E
97730324,CI9A48127C284B4E1FBC
97730606,CI6B746489F95B43F9BC
97729179,CI50A9D705418546A584
97730233,CI365B9154811540E4B6
97730445,CI6DC237FC0BDD44DF8B
86100022,CID9278B4E89354A8CA3
97730315,CI99AFB83DA3CB4E7586
97730110,CI11AF0D4C068246D0BF
97730326,CIC63106A8B9424E6B94
97730607,CI0C38DEDA295849459F
97728634,CIC4931BAB54FF40BFB9
97730234,CI8CD9907A9E7C424292
97730451,CID8011E9833F847C49D
86100023,CI5B06B0E686454DDEA8
97730111,CI8743FF0C9155417FB4
97730331,CIEF90661AB4504F3288
97730608,CI1B418F8F12674B2792
97728638,CI76B2DC7F4822422595
97730235,CI8F445A99DA014B5992
86100024,CIC8283EAC538545B295
97730452,CI9F93F5BA071E45A7A8
97730112,CI648007B69D544B26A1
97730335,CI5F22E9F82E4B45F682
97730615,CIC5DA0BB82D20400EBC
97728629,CI3B427EB8959B4BD9BB
97730238,CI4BAC2011DF734ECB84
97730460,CIA5A6DFB8BB334EAA85
97730114,CI00501043AE2148068B
86100025,CI74FFD925F21C48B3B2
97730336,CI14185D6699AF43DD81
97730616,CI229BB2D3C78747358E
97730002,CI57D2FBD90AB2497992
97730243,CI3944901737D74939BF
97730461,CI0A59A4C9C03F4851B6
86100026,CIA33A73ED59054F95A2
97730124,CIECF57116A150460F8A
97730337,CI283706D068AA4C8184
97730619,CI7521F378C21E420692
97730005,CIDC5A732502174755AD
97730246,CI26C980C740794C49A2
97730462,CI4B678BAB045345CDB5
86100027,CI77D9FF72A0A84F289C
97730125,CIF728E85E31BB4506B2
97730339,CI67FC8FBEC55C452390
97730667,CI11E282670307408A92
97730022,CI1FF4BF14D0BC456690
97730251,CI0401E5808A9948E6A9
97730463,CI8BBBF2EE33314789A4
86100028,CI6FAA3EF4AE1D4A66AF
97730126,CI105BCCA9B26940BCB1
97730342,CIF7F622A57E1B49C792
97730668,CIEB92B3D0A30944BC9B
97730030,CI342B0C3C101C4F42B0
97730466,CI595C3FD1977F49729C
97730266,CI9F89E4DFB84B43DEA5
86100029,CIFEB98CCFB9CC4A1AAF
97730127,CI23A6FFC5B245426F9B
97730343,CI10ECC4917BBB404B8B
97730670,CIC6BBFA670BC84E2D93
97730054,CI3C36BDE848574F4B9E
97730268,CI027FBE443D334FB7B6
97730467,CI6654CF8A8A204D5AAB
86100030,CI23460166D000457CB7
97730129,CI3C2E5E4987924E858F
97730344,CIBF470DD0D3BA467BA1
86100001,CIB496D02E78B84F77B9
97730057,CIA863EF6695104D579A
97730271,CIF9EFADAEC98C4910AC
97730468,CI28A748DA40514A5D83
86100031,CIEEE8E74F668C4B8191
97730143,CIA54FE89644CA47698E
97730345,CI1E8423B7512A419FB4
86100002,CI0A92EB9113CC40758F
97730058,CIEE29AA3C1832450784
97730274,CI909BC9DF3E644E2693
97730470,CI14B46EAC974D450286
86100032,CI1A031AE192094F68A8
97730151,CI1D153C434CAE4D9CAF
97730346,CI586427DFA9EC484DB7
86100003,CICAE592A9AE9D44F889
97730059,CI6B3E6BEE783C44B2A7
97730277,CIA9A6F499E54540FDA5
97730475,CI54B5A43ED560442186
86100033,CICB2153B6D11E45AD9A
97730153,CI43289B8980E9498AAD
97730347,CI78DC8788C25F4F86A7
97730283,CI37B913B97800496FA0
97730060,CI7635778393EA4A7188
86100004,CI8FB35958B805458CBF
97730476,CI557CD67B413B4DCF82
97730158,CIC91F5E86937F4FFE80
97730348,CI290B4D1932BF4AA893
86100005,CIBE26B18C08C34CF289
97730285,CIA234596F548A443188
97730477,CI65DDBE6B21364A4FA5
97730162,CIB50C2DEA4B444E00B7
97730350,CI0172715C5B594D51B8
86100006,CI0EC55A42589C4CF5B4
97730063,CI00EC44DDE3CF45D49E
97730481,CIA688E570D1614C0381
86100036,CI5B8B4831AAA64E6B85
97730353,CI13BFD795F0514491B7
86100007,CIEAC6F14994764FF0BA
97730064,CI0F83A21EEB05470EA5
97730287,CI7B7606F33C9640119B
97730482,CI2217A7EC9C0440F2B1
97730170,CID7A2EDE92E3B4FDDA0
97730354,CI8B87149A51824065BB
86100008,CIAD40D75AEEE14A7D99
97730062,CI8716BC633A164C73B5
97730067,CI54B701A6DE394A2585
97662981,CI9A368BFEDE814F3A81
97730167,CI9BC059713CCE4EBB95
97730290,CI41F8F24C5F8E461BA2
97730484,CI709B7D1016864571B0
97643309,CI81AA1944F5814E5FA2
97730172,CICFC4A17835374A0BAE
97730356,CIEB3A5F812E534B3BAD
86100009,CID3931885899A4AF18E
86100034,CI9E63768436274E53B9
97730069,CIC8857A7302154A98AB
97730294,CIDED834E46C4F4C4C87
97730487,CI526A5E15ED304E3081
97732048,CIF3ACC3A750504A2C80
97730174,CI1E4BEC8692B94A248C
97730379,CI828389B4FB0B411B9E
86100010,CI692D0D4E59334AE0A9
97730071,CIB750D4F3D905472380
86100035,CI92D6D66C66D3429085
97730295,CI105D91DCEC8D4EFB9E
97730488,CIB4E4A4A7BE704D8A98
97745795,CI259182F75D6F4CACBE
97730176,CIA5F6636056D04333AD
97730396,CI8CE7E4AD01FC49B2A4
86100011,CICD8EB89917CF48668A
97730075,CI6D9F668B8B1E4E6C82
97730296,CI8E34A211B345442A94
97730570,CI20F3F5B2F4994313B4
38832157,CI586DCDA261D44ABB91
97730177,CIF28AFDBDE6804C4892
97730402,CI705F42515DFE46CF8B
86100012,CIB96862467C9B4BD696
97730286,CI9570EBA0382A46E8B0
97730076,CIC8F9788768FD4B34A8
97730301,CI4E51C1D8AF5048AEB6
97730578,CI39065008F84B4A6DB0
97717286,CICF180AE4178342A497
97730179,CIDC0E343526D54E148F
97730403,CI4D5E1CE85C014ACCA5
86100013,CIB7A29ED03126455EA5
97730078,CI18707893724C463098
97730305,CI327DD3CF4E5047DD82
97730581,CIA95F6DF01BBE485B8C
97736044,CI12E862ED9294406887
97730185,CIDE4831EE6F804EDA90
97730405,CIF148AACD2C2A499AB8
86100014,CI06B039B39C9D4B86A7
97730083,CI2F64D2E0BEED470098
97730308,CI2B9920C026A44CC588
97610919,CI0151306370D8444C8F
97730582,CI732DC43B0B854F3A99
97730406,CI6E5172351264400B8D
86100015,CI4D56F7F1AD324AD2A4
97730087,CIE21AB9FB59C74948B8
97730311,CI50C4414309B04F659F
97730583,CI7D49BE77659344899D
97730187,CI87839755746746D4A2
38825966,CI8C0F07C5F8FD494A98
97730193,CI6D9A3FF1EC674FA8A0
97730411,CI67FF76BFED6E43F2A1
86100016,CID71CB30D7D2F40B988
97730088,CI252E91BEECFB4636B4
97730314,CI71FD6C9BBB724293BB
97730584,CIF2C52F7C9CDE4E3BB0
97728628,CI64E0C445BF0741659C
97730200,CI3A25713823C1442C99
97730412,CIAB65E85909184FBAAE
86100017,CIA926ADF7B33645799F
97730091,CI6C7F64FA087D4B36A5
97730315,CI586CA61A416A46E0B2
97730590,CI68D97DE23A73475AAF
97728746,CIC996546FD8B74D9B9C
97730222,CI168AB2957F164EF48E
97730415,CI33196E59081C460BB1
86100018,CI0188D26125824FDDB1
97730105,CI2362017925C744DA90
97730316,CI1BBEAEF2FC5849A495
97730595,CI5C1774A660084199A8
97728637,CIE7AEDD92D7354CE0A9
97730224,CI9BF3BED44691453B97
97730416,CI676483C2A5E9410185
86100019,CI5BF778D7595545878F
97730105,CID0476C5D9F09474C8D
97730602,CI5B312E4D294940C9A1
97728627,CI15FB69AD9A8C4A0F96
97730226,CIA11E865400CE431C94
97730420,CI840CC86F005B4FB597
86100020,CIA2B5B647C1B843CF9F
97730321,CI997D5A5F4CDA4810BF
97730105,CIC5D963F8DF1F442195
97730323,CI7C77337EFB5A45A1BE
97730605,CI78F1E164D29843C4BF
97740936,CICCE1D83DC5D3415F89
97730228,CICA0693BFEDA84DC092
97730437,CIE52625DA6B2B4245BB
86100020,CI090277E7A5B74588BD
97730107,CIF6244ACB249C464880
97730324,CI597E2D6CC7DC4C71B4
97730606,CI8E6932B87B774EED8C
97729179,CI41F9D7FC7B224C9397
97730234,CID52B9FBA26204D158B
97730445,CIFD69093377CF47DE85
86100022,CIDB1370A0575B42A196
97730326,CIA80893AF4F7947F395
97730607,CIC2A66C600DB446ADA8
97730110,CI65F6D11B3C4E432294
97728634,CI1DDAB81A8FCD4BE1AA
97730234,CI25D8D06A0767410CAE
97730451,CIC65A60324C7E4C1C8D
86100023,CI2A427E7D753B48CA9A
97730111,CI32B182B222C0497381
97730331,CI50FE4E5D6C5A4FF0B3
97730608,CIC81F294AAC1247E0AD
97728638,CIEA77A2E63F6C43F9BF
97730235,CI630E92D080984B688E
97730452,CI7BA59CA957034445AE
86100024,CIB89E71732D924029B9
97730112,CIC64A2645BA2D4587BF
97730335,CI2EB23FDDBD9B441B96
97728629,CI3C41358C16D94CE88F
97730238,CI12C5557ED238431C9B
97730460,CI7568F4DA22874E9299
86100025,CI3CA8E9B9BB6C445C9C
97730615,CI93DEEF85C76C405BBC
97730114,CI637AD44169094334A6
97730336,CI2174C6BA7465402D88
97730616,CID8259679F32A4739A3
97730002,CI28C8C9722B774144B6
97730243,CI63E36E27C49D4E10B3
97730461,CI1A239567627E433BBB
86100026,CI24ED87C387584C5DB4
97730124,CI1FD73CA1F0B3439199
97730337,CI080BEB4476244966A3
97730619,CI020DCB5E4E9341E3A7
97730005,CIF3B579AFBC12405295
97730462,CID9974A48578E4CA4B2
97730246,CI7CC4411CBA83418A8C
86100027,CIC3BAA50CA55F411789
97730125,CIE426C2ECAB2F4D6A98
97730339,CI1EFCA80A2D8E4D18A5
97730667,CIF763A9B3F9594B3088
97730022,CI621F044D96F04857A3
97730251,CIF9A6D0B63905475599
97730463,CI54E7EA0A1F474B3ABB
86100028,CICA4C966B6ED346A3B0
97730126,CIB086D0510FFC464F9E
97730342,CI66A8FEC5A05942B783
97730668,CI7052A183B2754D28B5
97730030,CI37F7CF43DD874CF384
97730251,CI84BE21E253C8471E97
97730466,CIE26F7DF251FA45B0B9
97730127,CI8012E6841F4E4B1A8D
97730343,CIF7A47EE4EE3641B181
97730670,CIBF40F42602764A359F
97730054,CIF7D65F05A5794ADD8B
86100029,CI974E721552F148FF9B
97730268,CI2B550DF0FAB9488791
97730467,CI9D2B4CA23CA642ACA2
86100030,CI8C4F01E14AF44762AF
97730129,CI55882DBEB6CF458E88
97730344,CIDEDC82EDCFB94C288B
86100001,CIC80A751D84AD415CB1
97730057,CI2C1BC8801CE44B03AA
97730271,CI0D974154C72E4A6193
97730468,CI27833633255B44B1AF
86100031,CI2D79C45D8FFB4F30AB
97730143,CIBDB4D66698EA4470AE
97730345,CI15B2048A09A1447590
86100002,CI1B128AE8B84D448099
97730058,CIDA1BAE15A3B34AA3BF
97730274,CIEB7BA042B249490390
97730470,CI6C98CEEA706440D0B4
86100032,CI2204A7C8FD3C424FBA
97730151,CI31897427B7634F14B4
97730346,CI5968B397DAA74A699F
86100003,CI3B73E8AE5AE44D06BD
97730059,CI56B64F640A19424BB1
97730277,CI50532CD76BC54001B7
97730475,CIBDC9092E2993443DAE
86100032,CI6CBB43F2888F451489
97730158,CIC65DC8BD494E423082
97730347,CIBAD6BF769E5246BE80
86100004,CIA77C6D4453DB441D99
97730060,CI6ED0EA7CF9E140E486
97730283,CIBA4FDDB18B6E4AF7AD
86100034,CI5F1B53D5FDD8436FBF
97730158,CIEC7755B8C6E944B88A
97730476,CI92C12A59984D432697
97730348,CIA60DE88EE5124DF7AF
86100005,CI7AFE1DA1916746988F
97730062,CI0A793AE6B76C45608E
97730285,CI400E98079243494AAA
97730477,CIB12061D3E1094107AA
86100035,CIC1A8C37286D74F3EA8
97730162,CID140BF4155C046A195
97730350,CIBD84DC84A959400FBD
86100006,CI043E6603FCAE4A8194
97730063,CI5E8A200F79524CEEB1
97730286,CIB1B8AE9396874A19BF
97730481,CI3034BDF7783248D9AA
86100036,CI39DA300CA45440AFB7
97730167,CIFBC2B36F9078446690
97730353,CI2F28DC919B104FB4B6
86100007,CIDC0AEFDBE4A5478CA5
97730064,CI9F99EA7D20854BC892
97730287,CI5EB70925C2914460AE
97730482,CIEB06A20B68344634B0
97662981,CI28FB31136BB4487496
97730170,CI6066CC45914E44B383
97730354,CI463701E796D74F758D
86100008,CICD04E626250F4734BC
97730067,CIEBD8714A8C94419F98
97730290,CI45E29FCA6264450E85
97730484,CIEC91D45600624DC9A1
97643309,CI579AEA8CB4124ADC94
97730172,CI0266B55CCAE2438391
97730356,CI5CCF15C2FC4E47E4AB
86100009,CIAFABB926C16149E486
97730069,CI5B49B2FBCB984D308B
97730487,CIBF3F4E0BBB8F4E6FB8
97730294,CI8421B64C9C7D463D80
97732048,CI3A73B880BCC64E749B
97730174,CIC03DB61B2B304F94BE
97730379,CI34F3735534C54BA4AA
86100010,CI1E144545964C49E284
97730071,CI256E9EAD2EA44E298A
97730295,CIB855C575860E4F6EA7
97730488,CI4011AB9930454390BD
97745795,CI2A39044834F34E9FAB
97730176,CIBF54F6667A49461A8D
86100011,CI4ABC8058CF2B44AC84
97730396,CI783F64194E2D4B03BB
97730075,CI93B1A57E86DD4384AB
97730296,CI1D222283EBFE4DD8A4
97730570,CI6B807BADA9D843CB99
97730177,CIE1C4E8499C9546C4AE
97730402,CIC0844713531E4352AA
86100012,CI1B00748A543C42C2B7
97730076,CI53853C71D84A4B608F
97730301,CIC3BB7924A583448D80
97730578,CI6620EBACB0C64D4D9E
97717286,CIA9F90361AC1742D49E
38832157,CI97674F1378174F30A0
97730179,CIEAD92BB7C90D4A269F
97730403,CI22575C22198D4AC084
86100013,CIE13E01D28C404CF1A1
97730078,CIDDA35EE00CAC4293B0
97730305,CIA2A41CED876E4E65B1
97730581,CI032A3553DF9845A6B4
97736044,CI0FFF1D273B7F4AA2B2
97730185,CI6E303CD473FE4C949E
97730405,CIF4546C46A1E54FBB99
86100014,CI30E88C6AA6DC40A3B7
97730083,CIF733FD0E19214EC3A9
97730305,CI29ED4A824904437E88
97730582,CIB4B68FE47A4F49BF94
97610919,CI07F7DDCFFA0E413F8F
97730187,CI71FCDCFD1E3A4925BD
97730406,CID16B66FB53EE4C13A7
86100015,CI6251EE4B955D487A87
97730311,CI4ACE10A1AC79475EB7
97730583,CIC807E134A7B340E994
97730193,CI59836E13A8FD455DBC
97730087,CI8778EA7201A34485B9
97730411,CI17010D24C31341CFB5
38825966,CI93B6CB063C104F8F80
86100016,CI2BDF4386D5B242C98D
97730088,CI30D3FC63F56F4AB6A2
97730314,CI1048FA205EEE4FBCB9
97730584,CI337D36C86D6141818D
97730200,CI22E1821EC3EB4837AE
97730412,CI3C50B61754C4421E94
86100017,CICA852FDE39CD44A3BA
97730091,CID3EB9283BDCC46C9BA
97730314,CIF3B59DDAD9F84D818C
97728746,CI883F799CA3154C56B2
97730590,CI76116C3FCB3A4215B4
97728746,CI3822DEBCC822436F9D
97730222,CIBAF7B0DAAFB747039D
97730415,CIC1D5DB7736FF42F18F
86100018,CI87B72C859B2E47218F
97730101,CI0204360CC8F94EC086
97730316,CI5F2CD5182FE74A56BE
97730595,CI752EC00A37D84BC7B4
97728637,CI1BFF78EFF73E4D9BBD
97730224,CIA8F550042C1841A8BA
97730416,CI267B553C616E4CC29E
86100019,CI42F5C0B0BD71469B98
97730321,CIE15013361BE1418CA9
97730105,CI9CA7D5AE100E4520BD
97730602,CI29A4C8AB5B6E45DBAB
97728627,CI07CB8B228DE04E1ABA
97730226,CICA7AB72AF441415CB0
97730420,CIB2016E42877242BC94
86100020,CI4D83E19B4E9645A1A8
97730323,CIF075943A611042B0A2
97730106,CI510B96A4E9654788B7
97730605,CI777BC697D6D54B02B1
97740936,CI59D1723A88A94E9DB1
97730228,CI7E3A428BF52D456DB7
97730437,CI8BE53E56994C4650AA
86100021,CI3124BCBFF9DA435096
97730107,CI38AE97272856487FAA
97730324,CI675A8EC446B041F3B8
97730606,CI58DD1B06FBAD497EB1
97729179,CI44ABB82DFDDE40EBB3
97730233,CID4E8EB09761B49EB88
97730445,CI0F996316169A4672A0
86100022,CI5CF59ADE1E25485894
97730110,CI5AF32E53B4CF41AF99
97730326,CI8DD41CBB0FAB43C6A6
97730607,CI4AF768966492458982
97728634,CI467D79958B3D442597
97730234,CIED5FEA01D6E24D05B2
97730451,CIA04034B2C8CE476593
86100023,CI44ED8DB52B794DB885
97730111,CIEE918E80B791474F86
97730331,CI1B03724A3E7B41D3B3
97730608,CIE2193D8DE5EE4D96A1
97730235,CIA12982D4228D425F8C
97728638,CI9E9E8483FB4F4C4CB7
97730452,CI71299412897946D0B8
86100024,CIB39AC607903B44FE8D
97730112,CI168F4433C8214CB79E
97730335,CIA4740E8C32724A54B4
97730615,CI066B23EAEFBE4EA8BC
97728629,CI3D201E4DAF2344109A
97730238,CIC7474E8D58054AEC99
38825966,CIB5B9AE2E1545486BA1
97730087,CI137665BDA2F24EA092
97730193,CI0C160F42B82E464098
97730411,CIB2298CB2B791430880
97730583,CI8D636C46F51B47C4AC
97730311,CI823DE7D9638849808D
86100016,CI7CD3F875138C4F919B
97730088,CIF01C60B1DB0F44F187
97730314,CI84C384210D5E4FA69A
97730584,CI25367A99D2B645AB85
97728628,CI36BBDE6906D24BE086
97730200,CIB2745158774E4087A5
97730412,CIA93FB856E8B94C5FB5
86100017,CI5E213AB261AC416E95
97730091,CI3D47A71D21F74F11BC
97730315,CIE674C57B81554CB5AF
97730590,CIAEC40F9EB5044492AD
97728746,CIB96B9826E29F4FF2BF
97730415,CID8E75F246BD44640B1
86100018,CI516D337822D74A3E8B
97730101,CIEDAC39C20BD1443FBE
97730316,CI002EEBE23CC24D1194
97730222,CI9F571C32520B4587B4
97730595,CIA623D7CB0AD841C591
97728637,CID3BD0DC1AB2341F88D
97730224,CI52FE6210DFF44FD48C
86100019,CIB497C4623ADC44F096
97730105,CI1E2001323031438AA4
97730416,CI9EF0418DEA6E4D40A6
97730321,CIAF9F9AE0C8C94B7784
97730602,CIF9C518ABC8794C0C80
97728627,CIC99FFA7F8207445299
97730226,CI83E98BDAE3E04E7EBB
97730420,CI10A41EA5440C473E80
86100020,CIC85EADDB466045F9BD
97730105,CI2C6739BEA2B84AC8A2
97730323,CI500B13D6DCD44B219A
97730605,CI1EAEEC3D68AE44BC86
97740936,CIEB931ECC3A0D455AA2
97730228,CI5DA75DFABEDD4C849B
97730437,CI5BDD130EE2884EA6AC
97730107,CI03C3A2002C7F4339AA
86100021,CI7BA738521DA74B75A1
97730324,CIC54347A4FED64C5BBE
97729179,CI6E3690EED8804C37B4
97730233,CI1748D89041C0448EAD
97730606,CI88C36C4B4E8E41AC82
97730445,CIA3D05DF655394C5DBF
86100022,CIB0D541CEE1BA4187A3
97730110,CI11ADFD5DDECD488D86
97730326,CI596959E962424CE28F
97730607,CIA70E48AC09264E0785
97728634,CI0A7C5921C2E348A087
97730234,CIADF2404C09494678BE
97730451,CIB6F60FF4E84045C89C
86100023,CIF37FF18C3DD74BD78E
97730111,CI0F7E9CFF30F744F8B0
97730331,CI92B2F4DBFF724D268B
97730608,CIF868AC007F0E42CAAE
97728638,CI339E585CDC22412E98
97730235,CI35B20B16E0434CEDA8
86100024,CI5B6DAE54074648CFBA
97730112,CIBB74E0A645CF480488
97730452,CI99FC8640550F4E01BD
97730615,CIC27C98F1D1904477A2
97728629,CI4EB7A560AC68450CB6
97730235,CIE59C53E413B84ADCAE
97730460,CIAAC4C09F5B4A4B8492
86100025,CI296E796CEF3C44C49A
97730114,CI30102CC2164F46478E
97730336,CI55A1BE59209948A5B4
97730616,CIA5174BE32087496396
97730002,CIF8836BF6E92E4907B7
97730243,CID3A5435B68974E8D81
97730461,CI63891804BEE64C21A2
97730124,CI4ACEC73614694D97B5
97730337,CI0A84011BE2B84BB9BE
86100026,CI85B58D4DAFFE4DD1BD
97730619,CIC1F94BD0F1EC4EDD8A
97730005,CI1FCA187E45464AF08A
97730246,CID9EE00F7DD7E4DC8AE
97730462,CIF81746FCFCF54380A0
86100027,CI0506246EF301467BA2
97730125,CI7A3995B56CF847A880
97730335,CI99942C5C9554443493
97730339,CI785A83583D6D483592
97730667,CI6F5C37C8CEC9442BA5
97730022,CI48F3CBE2EF4B4C468E
97730251,CID6F9D4F608BA4F9487
97730463,CI18451D1AC1394C6A82
86100028,CI0517B843510B46DB95
97730126,CIB1FF2BAA88194782BD
97730342,CIF86B99C4882840C2BF
97730668,CI56ADB036DBB049949A
97730030,CIFB6C5F63D1F0410DB7
97730266,CID0E8708368EF41C98D
97730466,CIA5F42611DE1C4121AA
86100028,CI54310E0370B84290BE
97730129,CIC209055020EB4247A7
97730670,CI0F204348F6184299B0
97730343,CI75E81FD9A68E4C3687
97730054,CI26AA29C32A204BE599
97730268,CI6508BD5CC4274A3E9A
97730467,CI76964CED350747308A
86100030,CI998BF6BCE0514011AF
97730129,CI3DBF3050C8E5446186
86100001,CI2F653D90ADDB4D8698
97730344,CI52AED8D741FB4A6F89
97730274,CIBAA7C3820495427DB9
97730057,CI54DD462FA1F342CDA2
97730468,CI118B960C9DB5454CA9
86100031,CIFABA60005AF1495681
97730143,CI52574C4C471D48579C
97730346,CIBCD220CE74B44A2199
97730058,CI6F31C9380A3E408CAA
97730274,CI0CCDBE2B190C4E9991
97730470,CI8C65D12C80D8496FA1
86100002,CI82D7DC05B77446958E
86100032,CI57BFB81397514ADDA1
97730151,CI56F7FE12F6714E6FBB
97730346,CID51910A8A4E4444789
86100003,CI400F41EDC97D45AA8D
97730059,CI19C5E0D514184A6C96
97730277,CI5AA875B8FD784A53B9
97730475,CI9BC11228A722414D87
97730153,CIE4409258D6CD4BE5B7
97730347,CI8594E095A1504EAA8D
86100004,CI233ABDF859E5416284
97730060,CI39C79751CEAE48F3B2
86100033,CI98536B6F54064B1399
97730283,CI1707BA6702C04DBD8C
97730476,CI2AE60F1CF8FD4142BA
86100034,CI484BD6784ECD409290
97730158,CI13A490597B004A53A9
97730348,CI0D5C06A3A2DD464DAF
86100005,CIA7F33E4AA24D400A98
97730062,CIDA354E09BDB74372B6
97730285,CI2A16F076623E497481
97730477,CIE80412CC1E9E4CB6A4
86100035,CIAED67E672B91473CA0
97730162,CIA812CC0527D34CE9BD
97730350,CI22D7AF8E214B45309C
86100006,CIF604CA7986BA47B78A
97730063,CIEA5CBEB41739444EA5
97730481,CIA137A2AA6021471C9E
86100036,CI32C61FDED2A2411D84
97730167,CI0815C4F65FC94381B2
97730353,CI7329D4F2B28D468B97
97730286,CI91C7F8644DA74D7D87
86100007,CI1555221F6C4B437585
97730064,CI839C9EE8C09842E78F
97730287,CIE35A9B63BC564D9BB8
97730482,CIF185EF1F10A24CA695
97662981,CI0F10057788974BA1BD
97730170,CI3C025A7342A2428F96
97730354,CI24492DEBAC6C4F48B8
86100008,CIAE0AD456899644DAB2
97730064,CI5903AA99040242A281
97730290,CIEB5FFDC63CE642E091
97730484,CI1F9E1B4CFEF74E1A8A
97643309,CICFB87354FF3440C1B6
97730172,CI85F29954933443D7B1
86100009,CI6A7CD347EFC642B191
97730356,CI925384ABBB294DCEBA
97730069,CIAEC35C9AB42449C6A9
97730294,CIA81F916AF876410AAA
97730487,CI831D06B11A994926BC
97732048,CI2B9E95BDF34E4A11BB
97730174,CIF8856CC170BD43FEB0
97730379,CI4E5F44570AD44E33A0
86100010,CI8494AC239A9D4D9AB5
97730071,CIAE307B4C45084F8EB0
97730295,CIE46BE78F2DAF499792
97730488,CIDA3A69AE0EA747148D
97745795,CIBFC0358A50C64B6287
97730176,CI65ECDDD6013D4DC8B2
97730396,CI46F161C8237E4A92A2
86100011,CI06CCC407E2754C3E84
97730075,CI7FA69276302E41F4BC
97730296,CIDCD5313E278D421182
97730570,CI2E7B500C772B47CAB6
38832157,CIB3B8501550AC42ABA8
97730177,CI81473F783B554D53AC
97730402,CI17F2D4CB4A58415A8F
86100012,CI8C186ECB33AC41EBA1
97730076,CI3780EDC4368C465CBB
97730301,CI803D38F301414F568A
97717286,CIE7FB7731792A40B9A4
97730179,CIEC51D461607E4DC391
86100013,CI56ACEA8ED0DF46EFAA
97730078,CI50CAC9DBCD9547BB97
97730403,CI90566F7977F94D80AF
97730305,CIB586C61D8E324B799F
97730581,CIC393CBD1526F40D594
97736044,CI2ADF1F1C03394F3793
97730185,CIE101164B602F4B21AF
97730405,CI4A014850F07A4E9CA2
86100014,CIBD830F99EC8B4B0696
97730083,CICC881A4508734236BE
97730308,CIB1A2BB6FC57B4C5492
97730582,CI48FE0E32B9714AF1A7
97610919,CIFF7F08951C49415880
97730187,CIBB4FC6B0CDD24BCDB3
97730406,CI4E2687F1E71247E782
86100015,CI3D2F2673175A490888
97730087,CIB8713896A64D4F6DB0
97730311,CI8EF51B1D364E40CF95
97730578,CI9700FAA6568C41619D
97730583,CIDFA8ED231BC94B5B88
38825966,CIF2BFF044B30A4CA3A5
97730193,CIB97E6D91463A460694
97730411,CI52EE3400085D4B5283
86100016,CI86BE06DF23994C319B
97730088,CI07756C72C629421B81
97730584,CIF453E801D21F4FE29D
97730314,CI7D5333AED4684ACC84
97728628,CI75CF230E6DBF4F0389
97730412,CI31CDD04D07134293B6
97730200,CI71A3B9929E0C4BFDAF
86100017,CI9B6F298F815841EE90
97730091,CI39ADE5B507A748B0AA
97730315,CIF4EBC2923ACC47BE90
97730590,CIE8432638EC8B497C85
97728746,CIBCED463E364A4B97B8
97730222,CIBF37147050644972B6
97730415,CIE1ED5EDB964B42CE94
86100018,CI850116CDB9EB4E53A6
97730101,CI4186B212C4B148B49C
97730316,CIBC3B4F7C91E64929B1
97730595,CI236D9E13488043D2AA
97728637,CI800CF7AD5C9D4CA3B6
97730224,CI92B53A991FC241E4B1
97730416,CI414BF23B5373459491
86100019,CI8EB2CA9CB30C4FE0B4
97730105,CIC51D31011E9E41CB95
97730321,CIB9EBA0CE430F4C268D
97730602,CI61C309A8DE6A433E84
97728627,CI5FF4A083C7C74AEF97
97730420,CI1965B80319AA49BF9D
86100020,CI617F8697DADA49AB95
97730106,CI6288C6D00D59449080
97730323,CIB0AD037CE44C4D7AB8
97730605,CI212AC43A75D245628B
97740936,CI3076E116A70547B0B5
97730228,CI78FF67C51FF04F5083
97730437,CI316FAA9E34774E14A5
97730226,CI9102E0DF3271429EBE
86100021,CIC472BFA55155418A9E
97730107,CIE13A8126254442E6A0
97730324,CI47C87509488B4261BA
97730606,CIA4E6458E0A4040E6A4
97729179,CIEABA35407A61433983
97730445,CIA64760BCD12F4122A1
86100022,CI9F86602F6CD141839E
97730233,CI998497B9CE2640C49C
97730110,CI39C28863325C45C4BC
97730326,CID65F4C6202F34427B4
97730607,CIBA177B210A0140F08F
97728634,CIFF707F4C4EAB43FBAB
97730234,CI6261475051F44176A4
97730451,CI2580D1EA0C1E4479B0
86100023,CIED72174EBD474C669D
97730110,CIC9E0BFA5205A4F0098
97730331,CI04A4C6231C8F4E7984
97730608,CI31F956F51E374F10BD
97728638,CID3E49116448345C8A8
97730235,CI2F1AC15507FC4622A1
97730452,CI1C5FA82021124D9184
86100024,CI44F9016237494838AB
97730112,CI6A9E6A7FC3AB486CBA
97730615,CI059CE6676A77484F9A
97730335,CI93E72E2C2F554AAFB0
97730238,CI2400479FDBBF4E209E
97730460,CI51881443EC69407998
86100025,CIECFE77F1F1574167B8
97728629,CI958517DB3F0948D9BE
97730114,CI2211D97D477F4A30B6
97730336,CIB071F21AA0A6450DA7
97730616,CI411975A57ABB43E280
97730002,CIEB0B1EF995BC40309C
97730243,CI5755EC254CAD4FF6AA
97730461,CI9CB135668F1F4FD0AF
86100026,CIA6348CDB5591402E8A
97730124,CIEAD2A9F7C0C0431A91
97730337,CI97F1162280904C8193
97730619,CI2184F95756034390A7
97730005,CI0FC1F81A0C0B4BF99C
97730246,CI5FF7C41628C148F08B
86100027,CI2CED358A35264C29B2
97730339,CI03635BE82AAB4CEABB
97730125,CI81E44A6214E94EE1A0
97730667,CI1675E0D966BF4273BA
97730022,CIE816587AFC6C4BEB80
97730462,CI85B0CA91E64D4DE187
97730251,CIB5F2A49A0CA84C03BC
97730463,CI77BD540F359F4E27B7
97730087,CI56F360F0F3D348D2AC
97730311,CIF5ACF5612A5240F0BC
97730583,CI1E36172DFFD64E0BBA
38825966,CIA8606F78BE744DE3B5
97730193,CI2A0292190EBD40BAA4
97730411,CI6BE534FA7CF34E35A1
86100016,CI054715E0FC1E419CB1
97730088,CIA28A9A23C1F64B3488
97730583,CI3BDE075C03B64DFBA5
97730412,CI2CD02AC660C4406493
86100017,CI2E944F7E610E44BD9D
97730200,CI77945AA87B9E469F9D
97730091,CI3FB95CAF1DBA406986
97730315,CI0A1C96B5EDCC484D82
97730590,CID94CB5CE0EE7460285
97730314,CI79A0A419518A4BD5AA
97728746,CI012EB7E338B14A828D
97728628,CI8FCD29BFA821407791
97730415,CI4EB27EDF0AEA42408E
97730222,CI9EC744C39B12473F99
97730101,CI1F2E9451F7224C6E84
86100018,CI98382A314D0D443DBC
97730316,CI89AC4F0E90B24228A2
97730595,CI8C60681DB9AB4D5A92
97728637,CI5FA467ECE35A430DAE
97730224,CI1BB0AA7542A74488A0
97730416,CI0312EF0C807841199D
86100019,CI374EC8AB08E44224B2
97730105,CIB5066BDFE0514DD7BE
97730321,CIE65C080163F14926B3
97730602,CID3A5214E51EA427A89
97728627,CI2D93D2669FBF46E4BD
97730226,CIB489A935BA1C400E98
97730420,CIF9502B5A4D4C42E491
86100020,CI4FCFF71D9B774A46B8
97730106,CI541485BAE9B64C6EA5
97730323,CI1C0CDA2EF5A3431FAE
97730605,CI006F22A2E8D8415591
97740936,CI8C790C33469542ABA9
97730228,CI72627D6EA668429C9F
97730437,CIA4D4D94B2D8D43ADAC
86100021,CI04FA33030705496BB4
97730107,CIDEED4682897747118C
97730324,CIA52D4EF0B08C4850AE
97729179,CI4D8237FE2E16494983
97730233,CI7353A2317B624B769C
97730606,CI8A7DEF9A0D6240F5B2
97730445,CI87A576AD1BA442A7B0
86100022,CIAA8999ABDF1148A29D
97730110,CI00795BA5127E4D4DB7
97730326,CI8120EE2442E541808B
97730607,CI21FBEE446DEB49679E
97728634,CIE2D8281BB9764C868C
97730451,CI3B50DAAD04C5403682
86100023,CI0B3FFB2EA91348D8BC
97730111,CI443F110D8EDC4A13A0
97730234,CI8D2F2A55012D485D91
97730608,CICAE83C24F97F47F4B0
97728638,CIB4F6487725A645979D
97730452,CIB9240F6EF7144F62B9
86100024,CIA60E4D0B63B54AEFBF
97730112,CI2B38689A60104F1ABE
97730335,CI5D706314133C4FB684
97730615,CIB6B6FE5DF1954822B1
97728629,CI329076DAC81D4F3B89
97730238,CI6FFDA4A293CB4E938A
97730460,CI8F4331B7956844BDB7
86100025,CIE5FA286372184690A4
97730114,CIC12B6C6947D04BC697
97730336,CIA9AE4B60AFC34B038F
97730616,CI54E5ED6DCFD148FDB5
97730002,CI385DEC908A3D4715BC
97730243,CID50ED4230EB3433990
97730461,CI69F1AD02D2234BC99C
86100026,CIE986719052034777A9
97730124,CIB306AF79FF714FA690
97730619,CICDFA13FFDD1E4522A0
97730005,CIC2491DF19F334FC297
97730246,CIFC51FD6E7413433AB9
86100027,CIE45E7BBE18EB44D5AF
97730125,CI1B168E181C124497B3
97730339,CI0E9A0AD0A1EE419BAA
97730667,CI11D9553EA4274F16AE
97730022,CI0392A09D4A8542CCA0
97730251,CI757610C785E740D290
97730331,CI9C79DC86813A4254A6
97730463,CI3CC3CB96843A48E3B2
86100028,CIFC4E8F79E8CA476399
97730126,CI1AF08A0DE15F418093
97730342,CIF95A32802F624568B6
97730668,CI63A4D3B035704ABDBD
97730030,CI87461BCDDC10497BAB
97730266,CI2A3B527DFEF74CBAB0
97730466,CI78B4256517074CF092
86100029,CI7EBB7CBA20A741C7A9
97730127,CI827F9F4CBB814B18B9
97730343,CIBDA02596006E433AB0
97730670,CI5403FE75C7314302A9
97730054,CI477380AF02BD4650B9
97730268,CIDAE2E5A4FB2D4AC786
97730467,CIF9E6380028DE478DAF
86100030,CI078E3C46C03F44CBA9
97730129,CICD4A83F1CEFA4225BE
86100001,CIA7C268633F7843BB85
97730344,CI82D62D64377949019C
97730057,CI4B2F8BD46F07482DB8
97730271,CI63D8D85861B548F59A
97730468,CIACE2593187D543669A
86100031,CI3ABCF27752254A9CBE
97730143,CIBAEF7E3A897942D186
97730345,CI1ED2D80C30C24BC9A7
86100002,CI28A2980A13CA493C9D
97730058,CI63B58ED67AD04E5682
97730274,CIDF0F94E872534550AF
97730470,CI9016876B4D9F4B6D91
86100032,CI531AF24FB01A453A85
97730151,CIFDB9F6B4B491455980
86100003,CI62EE6D66E5C146B182
97730059,CI88DF49303ABA4123AD
97730346,CI94A398CAA15B4475BD
97730277,CIA212C0283C064906B5
97730475,CI9F6CC285E3A54C70B3
86100033,CI15A20D64F0D54C5C89
97730337,CI98B58399D20B49BCB0
97730462,CI98C77BE0D79F4B62AF
97730153,CI08C83A843CEA459AA5
97730235,CI9909B5D462444EFFBE
97730347,CI4DA749D8E7164B43A8
86100004,CI08BD4AC828E04F7EAF
97730060,CI6C8C19F91FB44C7590
97730285,CIC5D0BF70C16F4A0AAD
97730476,CI62E84D059B784BBEB2
86100034,CI354958AE6AAE4C99B3
97730158,CIED19CCB389E343509B
97730348,CI2390A1EE3E77404B9A
86100005,CID569CDAE9CA5412396
97730062,CIBF5D58457D2B484DBC
97730285,CI1943448E50574CCAB1
97730477,CI239D8B7ACF044A82AE
86100035,CI4F87FD474B9F4B6AA2
97730162,CI91E88BA89EAE44B2AF
97730350,CI3AE634449142413D90
86100006,CI77F0308347FB42CAB3
97730063,CI132DA173517E4367B4
97730286,CI4FAF096F054D4E3598
97730481,CI8E3D6894320D4437B1
86100036,CI25C57D61327C4D9799
97730167,CI98A0CC0D5FBB4EF8B8
97730353,CI7B01E6CF1333468485
86100007,CI1CCA621ED5404AF88D
97730064,CI7BA0BB4760E64EF4A5
97730287,CI4665BFECF0BB473F9D
97730482,CI41F37CBEED46400182
97662981,CIB9E721D3F5FE40DFA9
97730170,CI36B83E5682374996A5
97730354,CIADDA7A3331AD49C3BF
86100008,CI8EF50403B2EF4EC0A7
97730067,CI58756B66309D4326BB
97730290,CI689C3B84279F432D9F
97730484,CI6635CF1D16C44ADB8F
97643309,CIAD596B1CA1954589AE
97730172,CIE1AAEC11A8084F669E
97730356,CI520A7A7759F947109F
86100009,CI1C0FD0691A96478D85
97730069,CID6B3AF3F67BA452EA3
97730294,CIADA9C6693A3C4839BD
97730487,CI452874D654D344459F
97732048,CI693A00D1026A4F6AAA
97730174,CI7761FB45F46B467B9D
86100010,CI89026EC7C0994260AB
97730379,CI90AF8CB86900442582
97730071,CI38D254674FBF402189
97730295,CI2BFE400EE6EA4AA483
97730488,CIE2B7654C5E77454C92
97745795,CIDF1EC926EFBE49209B
97730176,CI192FC565DFC945009E
97730396,CI6F9F951612524DC8AC
86100011,CIA747737891834C63A5
97730075,CIB044722EBA2C4BA883
97730296,CIF1735F405AC24980BD
97730570,CI4489720B16D54CC3B3
38832157,CI864B5CCB1737414098
97730177,CI9C637C52B4CF48F88F
97730402,CI3F8D9CC0CC8D45E4AD
97730076,CI0CDF6E4F9F774D18B1
86100012,CI87021698BACC452F82
97730301,CIF41A0CAB77C141F59B
97730578,CID26C0741E95B40D7B7
97717286,CI9F427E89D77C4AE18D
97730179,CIE8305DEA15DB42DFAB
97730405,CI97093442D3F64D9D97
86100013,CI88E7C1FEE19A4F9CAB
97730078,CI0821A0F3E8F44915BE
97730305,CIC927937D237F4451B8
97730581,CIF048CB29F5014011B6
97736044,CI5B1D0E66930E466C85
97730185,CI148FE7E75DE34FD9BA
97730405,CIABD71C04652540A4B1
86100014,CI9A3034F834DA483985
97730083,CI1023B60FA3614002B0
97730308,CI43871B58B6104EB9AF
97730582,CI6251847EBEE94447B6
97610919,CI187C3565FC2F493DB4
97730187,CI2DC579D7F411490FA3
97730406,CI08798657830A48D39D
86100015,CIE0E173F54F6149CF8E
97730087,CIFD75E81A8C794C7A84
97730311,CI11F181514EE2451D9A
97730583,CI8E1AC9E921FF43B9BD
38825966,CID4C883ACE20041538F
97730193,CI50E0549F7FCA409B94
97730411,CIF8DDF5A0334A4004B5
86100016,CID60D20F276424A7996
97730088,CIA1718EE090FB4302A8
97730314,CI8B2F9D1D31DF4FA895
97730584,CIE479FEB047934FA699
97728628,CI8FD5362E60DC42248E
97730200,CI69CCD8379756446EB7
97730412,CI2D283BD0745A406E81
86100017,CI0D2B301D802F49129E
97730091,CIE7DB4894505D4F4D85
97730315,CI45D0955C52E344C7BA
97730590,CI4844BA4756204524B3
97728746,CI0B1E6AEF2E7740C191
97730222,CI7D7724B1839E4039AE
97730415,CI96E2F642F2B74C139B
86100018,CIF93B9BD95EAB4222AF
97730101,CI0F18526443FF4A7E99
97730316,CI7FC850549127494983
97730595,CI23CAEB416A8A43D8A5
97728637,CIDE838A8C224E48CB9D
97730224,CIC015EB9598FA49B596
97730416,CI530DDA9BAC404D648E
86100018,CI0373CD6F5F8B4366B9
97730105,CI193749C910B24F3BB0
97730321,CI4F8C2E5BBF13482498
97730602,CIF1973DCF2F5C4E6DA9
97728627,CI74229ECD8D42489DA7
97730226,CIA6DCCC55A35143F1BC
97730420,CIC649D16D620B4C079A
86100020,CIE4F09E2896AC45A690
97730106,CIA6B0A6F8B6044045A4
97730323,CIFDFE67611CF4425997
97730605,CI28DA8987BB3C4C359C
97740936,CIC237F0B6E65543F4B3
97730228,CIBCE25E13928B4AF990
97730437,CIC53C2A9C378341E6BC
86100021,CIFA0F337B9049449BB0
97730107,CI39A26A2721874C168B
97730324,CI518A1A08B81141A1A1
97730606,CI2B7C69EDD4644A4BBD
97729179,CI7CAD384C5AB242F185
97730233,CIDDC08ED895F94F3ABF
97730445,CIC129CC3B22E24DEE9A
86100022,CI88ADE1EDF31C43779E
97730110,CIADD0A8612CD24B0780
97730326,CI9B207B7B3F46459398
97730607,CIE4A9766E1EB44B1496
97728634,CI3569950EC9AD4F73B1
97730234,CI407BC7ADAC2E4718AA
97730451,CIACC600C49B4443AB91
86100023,CI44D893BE9D7E4686A8
97730111,CI8952CB72A4BC4C0F88
97730331,CIC3705AE6F478464694
97730608,CIE7CCC1E97AB84AC196
97730235,CIEE355711AF3D47DF9F
97730452,CI5B7C0CF3BEB54112AF
86100024,CID4B8F378CC9C4D8DA0
97730112,CICF91E96764F541ACA7
97730335,CIFA55368EDCD9402297
97730615,CIDB373C8FC4224D53A0
97728629,CI21B73D1A76D4475D85
97730238,CIA11F2EE6A1D6479796
97728638,CI9073DB49B8074F5EBC
97730460,CIA4BD7856E79945CA8F
86100025,CIC6AC6C88480C45ED94
97730114,CI4E5CF0C5C6FB4D92B4
97730336,CID997E5EA250F4E7F8F
97730616,CI0FB8C672FC84448E92
97730002,CI3293C40BE7414D6A98
97730243,CI3B5166D5423E4921B1
97730461,CI384E6A3DE9FE41BB87
86100026,CIFF6B070D0DAE434B85
97730124,CI090EDD453CD742138A
97730337,CI6BBB1C0C0D8F48D492
97730619,CI3BB11CEEECF54A5C9B
97730005,CI493C7E7793694D3484
97730246,CI80A6FC23ECF44102B5
97730462,CI160777D15A434D8FB1
86100027,CIEF02D0A2D31E4603A2
97730125,CID879AAA85DB0494A99
97730339,CIF9DD4B8461834DDAA9
97730667,CI67A49AF2C70F49D3AB
97730022,CI14C450C256CC4966BF
97730251,CI601715405FA24845BC
97730463,CI5B84864874DF4236BD
86100028,CI6210FBCA33EC40BE8E
97730126,CIEE898DB0F74E4F2A95
97730342,CI50D870C412DE4B2791
97730668,CI0EA79CCDB5A94EA083
97730030,CIC1676FFE6B1446D8B8
97730466,CIC46B726C1E774FFA8D
97730127,CIF7D136D3951048498A
97730266,CI829A30378954441ABD
86100029,CI913DFDD7F91647A185
97730343,CIA716AD91CB6246769A
97730670,CI369E7F2EFB284082B6
97730054,CIEFCAA2C0429D492695
97730268,CIE95444593C20473C8A
97730467,CI5CB11AFCD27243298F
86100030,CI52951734124C4DA3A5
97730129,CI6C2F0CEB85714F2784
97730344,CI2C0562E093804B11A9
86100001,CI4A6B8876D9FD4D16A2
97730057,CI1C6EFB2439B04BD2A4
97730271,CIFFDB92296C704E95B1
97730468,CI88065ADEF7A14DA78D
86100031,CI2E18D0C13E5F4E788F
97730143,CI033BE36A8AD542D48D
97730345,CI1EB02FB54D294F77B9
86100002,CI1B84E1FD601946248D
97730058,CIDB5094C47BB44A35B9
97730274,CI0F7786BE3BC94F1CAF
97730470,CIF7C56B265DAD43E183
86100032,CI163AAF1FAC5E417B9E
97730151,CI13199D3281234FD988
97730346,CI345CB6993082429686
86100003,CI1D1C0DAC24574B38AB
97730059,CI1C09D793DD964F5BB7
97730277,CIA8E091CC33DF4CEBAC
97730475,CI16071DDE34244E5A96
86100033,CI6D77E606472B42CEBA
97730153,CI72342E4EABCE4B6B88
97730347,CI06C762EB053D40318C
86100004,CI686E32A4CD9347E383
97730060,CICB2DC5A773644BE08E
97730283,CI9729E39D8CAA4AA08D
97730476,CI04770230B82D48E2B6
86100034,CI6187F766F9434FBEA5
97730158,CI0A3A95C012D84813A4
97730350,CIF1D057595058415882
86100005,CI1AD45B91A66043EEBD
97730062,CI41CB2B47060C4A8A91
97730285,CI5EB65D1F11CE44CB83
86100035,CI54B8A57FCAAC45FFA0
97730162,CIFAE450692F9645F69E
97730350,CIB4CA1D5F072643FE96
86100006,CI6B298437B10D451FA5
97730477,CI99EA814376D749568C
97730063,CIEA9085235BFF4914AD
97730286,CI53CD46641D34422699
97730481,CI516F2703794C4AD692
86100036,CIF2F018AF3671460380
97730167,CI6072BDBE9EE84C25B8
86100007,CI05C633FAE84345CFB1
97730353,CI48257A1AB3F84C43A8
97730064,CI9685570437D54C33B5
97730287,CI72DC8A2A12E048B695
97730482,CI550EC540624D4EEFB1
97662981,CI5B2A0F7648B34F69A1
97730170,CI2E947B31106843AF9A
97730354,CI8CDB7ABA8713425AAE
86100008,CIAC80C5F4BBDF48C48F
97730067,CI672595BDA4CD435EAD
97730290,CICE25CAA2AA89476996
97730484,CICC4ED5EB7762444C94
97730172,CIDC25A0B9A3E646FBA3
97730356,CI6EE9068383324C869F
97643309,CI6F8CEA26A9E5443D93
86100009,CI35E134627ED04C6FB2
97730069,CIB17FF5FBF1A64B8E96
97730294,CI1EC6596000DF4CC3A9
97730487,CI565E766FFAFD4C3DBA
97732048,CIB91028B0AA944024B0
97730174,CI15028CEC10BF4E789A
97730379,CI89533545D00446D1A0
86100010,CI5F1C13273E9F4E4FB0
97730071,CIBFB72C2192A5493992
97730295,CI5809E8045C4C488FAB
97730488,CIE511677522A14BA9A8
97745795,CI6FEB449C589C4336AD
97730176,CI2EA30FB5791849E793
97730396,CIC205A1C696304BE28F
86100011,CI0D73FD981FC04F8C83
97730075,CI630F0F22571349C1BB
97730296,CI4FF6F117F6D8402699
97730570,CIB84DD4AB06584FACA0
38832157,CI02D3A4DE88FA44B085
97730177,CICAC67C67B7824FC490
86100012,CID0DBD4A720EB4505A4
97730402,CI790BBC1488C84EE586
97730076,CI55B99B95FDE44A27B5
97730301,CI81ACE21FB3ED4CD8A0
97730578,CI49C5760204A84D6F9C
97717286,CICAD01D7EC5DC4FF193
97730403,CIAB0E1A61DD05414D80
97730179,CI9114CFF6B583412596
86100013,CI63CCCF11048F40E5B9
97730078,CIED2CD68AF0604F01B8
97730305,CIF11180582A274FDDA1
97736044,CI01A63735EA944EF1AA
97730185,CI8F71AF11ADA14911A6
97730581,CI94F796F29D8A4BD385
97730403,CI06DBC01AD07A4DF685
86100014,CIEB61AD3B04454EBDB8
97730308,CI69B842BA07154F9B90
97730582,CI3924E6348C7C4C8780
97610919,CIE8613EBAB90E447DA1
97730083,CI90B9CD1201DE4E6FB9
97730187,CI1CC4604DB2904D7FBD
97730406,CI5CF2475F38444A0BB1
97730087,CI52F4FB3CF32A4E3797
97730311,CI182B770228E34A398D
86100015,CI817B374DC5B74762BA
97730583,CIC4AD5EB6088C404984
38825966,CI8FCD479E8A38460784
97730193,CIF4239C6E19514F0CA6
97730411,CI48DF8CD4884F4BB292
86100016,CICF0777FA080C4DD197
97730088,CIC06D5CC4745F463C86
97730314,CI5694C730EED44EA990
97730584,CIF31DCF5776DE4BD2A3
97728628,CI5E6A513FBFE645739D
97730200,CI384782D23804422988
97730412,CI2909BCD92EE3424D82
86100017,CI91A9FDFB4A1D4AAB94
97730091,CI9811BC7BC6B94DE897
97730315,CI04D3C11CB652402ABE
97730590,CI1D54779624334D7AA2
97728746,CIBFD0B2AE94784F6686
97730222,CIAEBFCB0840434BC789
97730415,CI57FE113AEA32453BA5
86100018,CIE6B2ED69FA5D4D95B7
97730101,CI5FD1FF8DE49A4A9A98
97730316,CI5BCBC9B061B64947A7
97730595,CI52E7360E5B584D22B9
97728637,CIDE660A71684E4664B2
97730224,CI795F77AB0ED74E7A8B
97730105,CIC19BFE39832F4038A5
86100019,CI75CE9A4D720748E7A2
97730321,CI6FCCA16D064E49D487
97730416,CI8233D6333F48411A85
97730602,CI4FC3F4AAAAA247C7AA
97728627,CIE6A2ADD12DDC4203B8
97730226,CI7BEE705ED26A46AF98
97730420,CIE935E3D7B0B048FBB2
97730106,CIE25387BC713E4F44B6
86100020,CI961EFE05B1064C5D97
97730323,CI36A7123793D843C98B
97730605,CI00894CC8360A4C1E8E
97740936,CIFDF7A088C3474C8BAF
97730228,CID4E3D81C28B244679A
97730437,CI63C93140433A43C19A
86100021,CI9634CA94F4C646B2B7
97730107,CI5942EC065E054F0387
97730324,CIF2198F89D8D24B2DBE
97730606,CI2FFA46BEDBC74D68B8
97729179,CI4746222E24B14061AF
97730233,CI3D3894449A5D4AE9B7
97730445,CI0846D2EDB3124A6D8D
97730110,CI24848125C1CF4500AB
97730326,CI7983025915C6418EAF
86100022,CI8400491DFF774D1493
97730607,CIA9DCC4715B0348A9B2
97728634,CIB7733A1FC8CA4594AF
97730234,CI2ADDEC9FD694487899
97730451,CI88B6C028593E4053A2
86100023,CI75736293884F457799
97730111,CID97FCFA4BB9B4010A8
97730331,CI9666F65AA55B40FCB3
97730608,CID08BAC4FA9E54C0CB2
97728638,CI1B5A8585A47F462AA9
97730235,CIBEB67848A3FB43B4B0
86100024,CIB126FF77148345E7AF
97730452,CI6EDD4B08AE724E7B90
97730112,CIE1453775A6B34694B1
97730335,CIDF840F24A44440C498
97730615,CIB7BF5D61BEF64AD8A4
97728629,CI3F99C9D975844D218C
97730238,CIDFF6F45448D542B5B4
97730460,CIAAADBA3492EC422E97
86100025,CI43C36C7915374EA798
97730114,CIFECDC9C70F6C4B8E94
97730336,CI46EEACEB0B714D59BE
97730616,CI15923E5E775D4EB0B7
97730002,CIE8AD4CDEA357495CB8
97730243,CIAEE8EFFDC15241AB92
97730461,CIEF4A52FAC9A040F6A9
86100026,CI6F3FB28629AD4A8A87
97730124,CI3ED105FABA994CABB7
97730337,CI7B2FCBB5EE96496C87
97730619,CI9AD40EF0ADAD40F9AB
97730005,CIE66ABDB0CB334C838B
97730246,CI25E0CB521E564AFAAF
97730462,CIFB40AEF6E2784F6691
86100027,CI1D29BB152C0B49FA9C
97730125,CI85451CB17F9148379C
97730339,CI1D4C2C534B5D4A77B0
97730667,CI6953C2DEB3F24AE7AB
97730022,CI8E1B03BC525C42279C
97730251,CI22D22443F5CC433992
97730463,CIFC3999B8FD2641FB88
86100028,CI9DF9F3874E5A4947AF
97730126,CI888405FD9CF640709B
97730342,CIC5938B696B5E4F3AAA
97730668,CIE5BBC2A62779438EBD
97730030,CI7DE2E82C1A6D45A38F
97730266,CI20E861E727BC43C5B6
97730466,CI7946AD01D5D94268AE
86100029,CIB80E87FCF05E42569F
97730127,CIECC8AB2FAC6F4D0984
97730343,CI4A685C31DFD148C6B3
97730670,CID41F5EA9B6D84A9A9C
97730054,CI7EEE9C35984E4A06AE
97730268,CI016061D89BBB4C55AD
97730467,CIF7494E13892E497692
86100030,CI3715ACD39E6B44D8A5
97730129,CI77B66E08099E4D92A3
97730344,CIB1EB7E107BDB4129AB
86100001,CIFB0B1E419C9E4E3BB4
97730057,CI41B41D198BEC4BCA97
97730271,CI76530B9D39674CC698
97730468,CI905E74263F0B4EE88D
86100031,CI58978B0892134566BE
97730143,CIC0672A2A86FC4A8AB0
97730345,CIAE1DFBAE5A944EE3AD
86100002,CIC1216B6D672E446584
97730058,CIAE671FC891C5403882
97730274,CIB2B458F162784B1A9A
97730470,CI69AC57EA422743B880
86100032,CI4C3744CA90084202BC
97730151,CI26AA9DD0D16A466D9F
97730346,CI6B0A65F4E5F5476D8D
86100003,CIA72B31F20AF64380B9
97730059,CI1B4A790D3EE7430C9D
97730277,CI33085E2D631541E9B1
97730475,CI53192A4B2C6441D5BC
86100033,CIEF0DC3EE747A48E8B8
97730347,CI1B84BF38F1D84E28A4
97730153,CI86A57ADD5B5444788D
86100004,CI1F060AF22595449285
97730060,CI0CF5EF1C634B4C849C
97730283,CI1A0CEFC7FB1340799A
97730476,CIE90EDF2B588E4130A4
86100034,CI7F15203FC0C84519B3
97730158,CIA211FED0C48A436480
97730348,CI0EB8FEC4147D4B7F85
86100005,CI2309BA3C825E4A59A4
97730062,CI6777819A584F49F2B0
97730285,CI49ADD6244F364573A2
97730481,CIC99850B99A5B48A09F
86100035,CI0160A667C92E4B7890
97730162,CIFE4083BD73B54BE5B8
97730350,CI65F788AFBD0B43AF9F
86100006,CIAE02860E3A1E4F4987
97730063,CI2EFCB74099054F1AA8
86100036,CIC746213CD39546FC82
97730481,CI70C3D94CAF004BB3BC
97730167,CIA915E14967B34BF9AB
97730286,CI8DEE7F968C26471880
97730353,CI65E95375584543EFA9
86100007,CI1601D1D37D39409E95
97730064,CIEDAF9AEEAD39416596
97730287,CIAAFB6E2050C8421C95
97730482,CIEC763837F44B46D497
97662981,CIA4B50C6D0EC1476284
97730170,CID4795D0C6767458DB2
97730354,CI050C3D862D30488AB7
86100008,CI659CE6563C6845E19C
97730067,CICA3D999ECF4A4C6587
97730290,CIDC23E181E7124F17B8
97730484,CI2684B74A474A441495
97643309,CICBBB02ED12F04C9892
97730172,CIF17CB58921434A4AA2
97730356,CI73DD6E11A3D6468AA5
86100009,CI20D490CF27894F19AC
97730069,CI01113B236E404AACB5
97730294,CIDACCDFCBE21841B7A4
97730487,CI116973257DA04DE5B5
97732048,CIDB49EFBD22EA4873BC
97730174,CI7508F67600A24F08BC
97730379,CI4B2372C09A504B7A83
86100010,CIF9C5E4A4D5314C07BA
97730071,CI79A5B051C3834646B5
97730295,CIA9B1BEF0B4D1407EB0
97730488,CI3060E10B461644F8A1
97745795,CI5AED33E400F44FABAD
97730176,CIEFB561036E24457280
97730396,CI1961BE44513E4BD99D
86100011,CI6B6AF432B3C6483887
97730075,CI70D21DE506D9472FBC
97730296,CIA573033D5F324CD0A7
97730570,CI70ED6A3C3C1540EF99
38832157,CICECB0C43B5724A50A2
97730402,CIA79A5374BC374FF2B7
97730177,CI8F4162678ADF400AB6
86100012,CI1B1E6870BFC1467FB5
97730076,CIF0FC308AB8EC46E6B1
97730301,CI89CB3D4407884F68A8
97730578,CIFC2978786FD242729C
97717286,CIDC3FDA47B8F04AE8A7
97730179,CI65F0BCA5685D4B4EB3
97730403,CI1F4AC2698BED4050AA
86100013,CI132C1AED0B4C4FA2AF
97730078,CI63295E477AF24B698A
97730305,CI5970B719E5864E73A4
97730581,CI8AD9ED2055364B9897
97736044,CI233AFE4C2435406B91
97730185,CID9720494F3464E0098
97730405,CIF4840E5AAD4B47A0B7
86100014,CI0369B353F93A474593
97730083,CIC3B921E7D07E4A8F88
97730308,CI666836A15E44466CA8
97730582,CI3B3EBDB5295B408AB1
97610919,CI9F6A5F04AB0842979E
97730187,CI87A8662ACC404D0585
86100015,CI3B00D2084BB548D2A8
97730406,CI8EC46394F49B42D9B6
97730087,CIF9457C94B79541369E
97730311,CI318A01EE6FD64B5694
38825966,CI4EFADCC7AB704540A5
97730583,CI5A016DB33F5A492A96
97730193,CIEA7A5F5522024A46A6
86100016,CI377349E55DBA49CCB5
97730088,CI1A9FFA168E2C4C428A
97730411,CI88ECDEAFE9664FA9A7
97730314,CI54D735501F5C49448A
97730584,CI7578857F78B34E8ABF
97728628,CIE994A64686834B61A8
97730200,CID72930626B7D4F75A1
97730412,CID5FEEC89E2204E759A
86100017,CI12CC1F4E06634A23A3
97730091,CI0068342B5AD249F6AE
97730315,CI2747AED799EF4C7184
97730590,CI8E141F2525D44223A2
97728746,CIC3B79081302047E882
97730222,CI50B57C1D8E5746FFBA
97730415,CIE2F4DEB480B54FB7AA
86100018,CI7B4C3EDC519E49369E
97730101,CIFE75BA66A3CD42B3B6
97730316,CIF44E7402FDB24BBABD
97730595,CIE2BF294400CE4B25B8
97728637,CI7DD11F13F31E417CA7
97730224,CI6C5DFFE6AE294EB89F
97730416,CI21E86204C64D4BE7A6
86100019,CI76D2974F60EC4FCDB2
97730105,CIF7FCB49532FB4E71B8
97730321,CI69CC9189E12441CEBB
97730602,CI160ABCEB45044EA683
97728627,CI3A78B495440946399D
97730226,CIFFC36D741D5D42CB82
97730420,CI3BB208D8753C4A12B8
86100020,CIA71D960C143649638D
97730106,CI1A834AF561F843B09F
97730323,CI7B3E1BA776EA47F3A4
97730605,CI706E0D52D02B4D84A2
97740936,CIE20CFB4FF92249229E
97730228,CIB18E0DDCCA34433AAE
97730437,CIA79744F219F14138B2
86100021,CI10376EDD572D44C297
97730107,CI3F8B53D8C65E404889
97730324,CI76D9A922541E4DE3B9
97729179,CI01C3D432D395462A89
97730606,CI956371103D8948E393
97730233,CIC596E8343F7A494A93
97730445,CI9AADAC63F8894EE195
86100022,CIDA2D5816DEB1487DA3
97730110,CI0529B02D9454498A85
97730326,CI53363D51D4C44B51A7
97730607,CIDF318C9B3469451282
97728634,CI24747DA675BE443392
97730234,CI7F95AB1EC7BC4075AA
97730451,CI7A4E81F9E80C430BBE
86100023,CI40A5650575B7461496
97730111,CID4CB8841303044699B
97730331,CI8098D9D3B5D04458B6
97730608,CI83D298239F664B10A5
97728638,CI57105A30CBDE40CAB2
97730235,CI858E8210103F47BCB3
97730452,CI0183F880268F436A8D
86100024,CI361AC010071741A2A9
97730112,CICD747237C0784CA886
97730335,CI00EAE68E6B004D509E
97730615,CIBF0636AC9D2B4D9283
97728629,CI35CAD64C27EF4B7B94
97730238,CICBDF691CAED947B5A9
97730114,CIE329BAD9A1C742558B
86100025,CI787BE6E14D554208BF
97730460,CI8035A9D61EC645669D
97730336,CIAD81769E8A9C416AAB
97730616,CIE25F73B396344147A7
97730002,CI1C66A98224C34315AC
97730243,CI1C46D61F466041A69A
97730461,CI07256CF7B1DF4BE8A1
86100026,CI563F6B65003B4913A2
97730124,CI0146B8D9CF37455CA7
97730337,CI5BDAC23FD86944A590
97730619,CI0F97BE7573004CDFA9
97730246,CI5F22492D4F4D4E7F8D
97730462,CI602255B7A7BF41E7A2
97730005,CI9E337E0D1CD64037BD
86100027,CI8DE6709A68494018B1
97730125,CI6BE57414AC034416A2
97730339,CI52D3D7EFCE5640ACB9
97730022,CI58297D9BD8E5448F9E
97730667,CI6EBF761BAFF549DBBB
97730251,CIDD2916CB659149C1B4
97730463,CI0F5624C9667E4BF3B1
86100028,CI2854ABF50E634374A1
97730126,CI2B32026DE058464BBD
97730342,CI438F99E4A65B4F4CA5
97730668,CICFECD6F58973438386
97730030,CI647410DC5080449F81
97730266,CIC8D082F7E8E14517AA
97730466,CIB2F2214E750D4D919E
86100030,CI0C062FB1981D410983
97730127,CI090133447ABD41358C
97730343,CI05EDC022A2484027A2
97730670,CI48C65B762D1E4928BD
97730054,CIB950601624AC488986
97730268,CID5BDDD013FF34D5882
97730467,CI441154E084904D93BD
86100030,CI0683EF9F8061422883
97730129,CI09556837749F4971B1
97730344,CIA30810E443C4422CB1
86100001,CIB2F3288A500E4F0B83
97730057,CI567D42A3E55C4788BC
97730271,CIBEE692ECA29F4B869B
97730468,CIDED5071C21A441D08E
86100031,CI6A35CBDABB8B456580
97730143,CIE240B039D39A4EE59A
97730345,CID4A89DD6BFCB497D8E
86100002,CI5335BD57688E4C36A0
97730058,CICEADFA4B6356470296
86100032,CI29669C91DB574617B6
97730151,CIFC0C132EFBC04996BE
97730470,CI82E58D39E23D4E419A
97730346,CIAE1157AC82A0457583
86100003,CI0F92D176228D4F528A
97730059,CIA7F259BA48B34BD987
97730277,CI0A22E09883E14A458D
97730475,CI278A4A8493F847EC8F
86100033,CI1349D831AB814042BF
97730153,CI87E27F2AD4C449AEB2
97730347,CI2086B16E9D1A4A15A6
86100004,CI832C6C8B0554466CA1
97730274,CI97A6F050594A4E76BE
97730060,CI4F5B901A8201445996
97730476,CIC0884B7DF50D4C6C91
86100034,CI12797F1D46BA41468E
97730283,CI9218D64046634874AE
97730158,CI43A8DD6EF2954AC2BF
97730062,CICDF7CBAEFD38416C97
86100005,CI69A616257EBE4BADB6
97730348,CI8AC690334A534E91B8
97730285,CI18CF376A39F94786BF
97730477,CIBE8247C65379463698
86100035,CI0C37E5168F61470FB8
97730162,CIA09504B5C1C74E73B1
97730350,CIC9992D1BE8D0479F9B
86100006,CIB072D8EC8A5C4B339B
97730063,CI05B009CC627F481383
97730286,CID69AE4CA2507465394
97730481,CI2A35C4DFC8CB4C9098
86100036,CIF9BDE64EA48E4DD6A0
97730167,CIDE7F7E41DEA3410293
97730353,CIDD90A6969311467EB5
86100007,CI3C12FE991D2B4B3FA9
97730064,CI66D6E8BBA01440C1A0
97730287,CI3B60219913804011BB
97730482,CID615E9FF1F1C4CAABC
97662981,CI4AAE61B8F58143148B
97730170,CIA051FF8D66B1410B8A
97730354,CIF5B4B863F8B34613B1
86100008,CIA5CF61B473034F8FBA
97730067,CI1E2662E931A540FC9A
97730290,CIDB1BC3F97843482C9E
97730484,CI297A1075629C47789C
97643309,CIEB24C8CBF3EC49BDBA
97730172,CIB54DA322BA7F445595
97730356,CIE71BD7C70F174A3CB2
86100009,CI588A3B34F40D4F1E85
97730069,CI0425BE04C3DB4C66B8
97730294,CIEA2930715CBC41CA80
97730487,CI74841E580AD44567B9
97732048,CI50F32114A0D6436BBE
97730174,CIE04A7DD86EB8468A9C
97730379,CIAFAAE2759F2B40DA96
86100010,CI09BB17BCB2B340C49B
97730071,CI81623BA3B4D04339A6
97730295,CIEE500DD96AE345F483
97730488,CI287DAB26EA8F44B4B6
97745795,CI6348BA3B36944C97B1
97730176,CIB036A6BCE1FC4DDE8D
97730396,CIB7A237787C564F8195
86100011,CI8CAEB673EE044B43B0
97730075,CIACCF1176D6D7406AB0
97730296,CI19336BC55D8749F889
97730570,CI5F38468461624DFE92
38832157,CI56C2E85F8A6C4FBB96
97730177,CI66BF142E2C3B489DA4
97730402,CI5A0C10392AFF4F96BA
86100012,CI593DA4FDD4DC498891
97730076,CI94BAEEE04D9E4F1CAC
97730301,CI5D10AC57894D4493A0
97730578,CI1C120BFA869249329D
97717286,CI580A887463974D0186
97730179,CIB9F4F88A4D70470F98
97730403,CIF5EB30E5B26B45F7BA
86100013,CIF1E633EE708548EE9B
97730078,CI69D9714220154FE79C
97730305,CIDFC618C383D240C094
97730581,CI56B6396461AF49119C
97736044,CIDC4731EB6989428383
97730185,CI905B39A38DB240C8A5
97730405,CI0BE493908D184E588F
86100014,CI7D23F48D33D44F12A7
97730083,CIAB15E95DAC7B41CC85
97730308,CIBBEBC18F4241454887
97730582,CI4B224C9927F94351B6
97610919,CI01671E0D518D44D0AC
97730187,CI33D1F276788A4A74B8
97730406,CI8AEB8D8C1C254819AE
86100015,CI8562FBA37D1A4448A0
97730087,CIF40A144DA4FF4EB081
97730583,CI188BFC0F0D09481AB2
38825966,CI4D7892308CA745A386
97730311,CI7F3920BB35B84ECE9D
97730193,CIB95B2F5E6E7441F5A7
97730411,CI5738993A99D84D5CBD
86100016,CI693B595C749446259A
97730088,CI9D521A43E62948799F
97730584,CIFA7A118169DA43D48C
97730314,CI84B03653E9AF4DFE90
97728628,CI7543DCE4C9E947D9B8
97730200,CI23E6166F789742C587
97730412,CI75DCA122CCD9400189
86100017,CI5792C68C0FEF47B3A6
97730091,CIE11F40C4FEBE4EAB99
97730315,CID7CB3F59971D4E628A
97730590,CI3905332D365748ABA9
97728746,CI2AC68CE09BDF40CD88
97730222,CI2273D0EAA51D44B59C
97730415,CIB6DC4D42EFF44925AE
86100018,CI94F7CA1C2E3F4174B5
97730101,CI5DDE3477BDBD40589A
97730316,CID5FB785BF1C8447387
97730595,CIA0623992CF1841DDAF
97728637,CIE92847644BF3412DA3
97730224,CI50480D895C3D4AE8A8
97730416,CI62A8D96BA4E74598A8
86100019,CIA598DB2F330449E183
97730105,CI00EA3713950142A49F
97730321,CI640C4954BAEC4F0BAA
97730602,CI533160940CEA4D1E84
97728627,CI288CCC5F3F2C43A6AA
97730226,CIB71C07F290DC49F5A2
97730420,CI3234E91A50454064BA
86100020,CICD9A59D22FDA4117BC
97730323,CI7C27B5ADF32246A1B3
97730605,CI4903658540194B8B9B
97740936,CID23CD69141E445F5AD
97730106,CI9D729DB1ED7647D8A6
97730228,CI2DF2ED25C4DF41428C
86100021,CI16118080450944DC8E
97730437,CI5E415260BD954C2D82
97730107,CI0748CC4B9CFD46DA9A
97730606,CIE89AD1A0892D43BAB5
97729179,CID9AE531CBD0E4B69BF
97730233,CI90B53DFB7FDE4A1D90
97730445,CIF3E617A2127944ACBC
86100022,CI729BDC9E6B81466E90
97730110,CI57FDFF5F663341A3BD
97730326,CIF92893DD0FAC482DB9
97730607,CICE2277D0275A4DE2BF
97730324,CI965F9489EF1945E084
97728634,CI8716601DA54C4992BB
97730234,CI6B7A0B4AE1734F5A93
97730451,CIE757EBDCE5B947489C
86100024,CI1C3C86C67C2F4395B1
97730111,CIC313F2FCD3384588BE
97730331,CIA78A648AFD894CD5A0
97730608,CI37FB00AE8FF74E0B91
97728638,CI91A1851294F9455AB8
97730235,CI6BEFAF23E305417FA0
97730452,CI1766E284B6654F6584
86100024,CI3BFB7D81BA234ACD8F
97730112,CIE3AC2D710E684CCB9C
97730335,CIC3D7D2ECC9DA4F7BBE
97730615,CI1954C0600AEA4F7689
97728629,CI585E837F90A54DBF85
97730238,CI58A58739BF6E4CBEB1
97730460,CI57D980523B8B4EE5BC
86100025,CI61F32AD1AAB24CCA8F
97730114,CI7784E34B77FC467FBA
97730336,CID359E2EA00834D0CBD
97730616,CI6889AFF87F2B4CC0BD
97730002,CI4940339569DA4C3DA7
97730243,CI7C8D952150E54B37A0
97730461,CI9132E8D1D032460EB6
86100026,CID63ABE5EBD3A44EC9E
97730124,CI4AAAA0096F9146C685
97730337,CIC768A3062118473BBD
97730619,CIA28A9DA73B6247BB98
97730005,CIFD0E3265DBB247FEBA
97730246,CIDF6F6086BAB8401A91
97730462,CI877F6D8389FC4E9FB0
86100027,CI2A57412819E2478989
97730125,CI113B44663E124955B2
97730667,CIFF4162B85F4240E1B9
97730337,CI915909DFD6AE4644B4
97730022,CIB382C8BF75E14445B8
97730463,CI5081BED23B8A4A5BA4
86100028,CI03B213208E5E4E6BA2
97730126,CIF364981763C9410689
97730342,CICA06CB556D8C4122BA
97730668,CI6DB8A806629C4B3D93
97730030,CIA947C56A1BCD4091AD
97730466,CI8FADB972B568424787
86100029,CIE6AA722BCEF846D79D
97730266,CI84776253F435488CAA
97730127,CIE0F48D606A6B4770A7
97730343,CI3CBAF28FA8FD4411A9
97730670,CI2F92E22A03EB43DAB5
97730054,CI0631DE4FE80340AF99
97730467,CI34681F3AF9F3421CA2
86100030,CI8A75D37F0999468CBE
97730129,CI2137B7710C17433EBF
97730344,CI378705836F384E5FA7
86100001,CI5EEDB97045DC44A589
97730057,CI6E3011E30A334E1D9A
97730271,CI2DA37A474D5B4C3F99
97730468,CI29A9096D7F0E48C781
86100031,CI6B12587B9D6548D2A4
97730345,CID67705F1434E45EBA5
86100002,CIA64D946CB30D4785B1
97730143,CI79BB191055554348A4
97730058,CI3E1EAE6B5FAA43A188
97730274,CI491D3A44A6E64FAC89
97730470,CI6D1AEF7DDDC749CB89
86100032,CIA9CCCE5C424C4A20BD
97730143,CI5BC8CD71FEC446D9A8
97730346,CI29AFDCA91FF24B77A5
86100003,CIF71605D3FAE547D391
97730059,CI139A5E911BFD4D289B
97730277,CI48F2EC3F244E45D5A5
97730475,CI352F8D147DB14330B4
86100033,CI7A9384C7AD5E4219A9
97730153,CI49B90A01222242D6A8
97730347,CIE8C94B19B3AA4CE7AD
86100004,CI57F225FFA17A4799AC
97730060,CIAA5BB3CF767042B886
97730283,CI83469E018105411FB3
97730476,CI3D8D5756462E4C1A9D
97730158,CIA026DE360EF944C38D
97730348,CI30D7F84875AA4729AC
97730062,CI1BFC781371EA4CB99A
97730285,CI55431BBA6D254841A8
97730251,CI92DD21C862284C5293
97730477,CIA39F89DB00144E789F
86100035,CI70A81CC5B3614F278D
86100034,CI95ED45F082734A498F
97730162,CIA8ED81AE40E74DFBA2
86100005,CI95F27B6B3B9B4FBAB3
97730350,CID29BDD9CF0B04EA1B3
97730268,CI974D3FA621BC4F6290
86100006,CI9BED076A69164BF793
97730063,CI42C3F3E418404EE494
97730286,CI584CD7B86C4B4D78A4
97730481,CI72A30D82DE0F4CA682
86100036,CI35765F5D6D67402AAB
97730167,CIBCA4D940583F48D28A
97730353,CI608E633CEF7845EA9E
86100007,CIB01B8F3205904B6799
97730064,CIB2145E081CE04E1388
97730287,CI0C82B67B9A154159B1
97730482,CI6559871CDE2C4DAB88
97662981,CIDEEB4421038E43BFAA
97730354,CI5EDA339FDF6244B880
86100008,CID4DC11236E5D400E90
97730067,CIE9A90A2B6C6A4DBC9E
97730170,CI9756767F95BB470085
97730290,CI70993CFFB9C2421582
97730484,CICACF104160EF405BB3
97643309,CI5744D9F69C3C4DB497
97730172,CI395E637C6ECA4645B5
97730356,CIDE8ABCC056A14314BC
86100009,CI3C9E925F821B417CA7
97730069,CI3DBFC30B9025456382
97730294,CI551C50B7DDE84B15A8
97730487,CIB6772F55B9084C909A
97732048,CI0F022A894DF14C24BA
97730174,CID3538DE3D02F499484
97730379,CID1E53B996D90468199
86100010,CIDDA36BFD1F5543D196
97730071,CI26A0253ABEB946A8AC
97730295,CIE112E6A121CA485B81
97730488,CI377D3DBD96BA499DA4
97745795,CI48AD5CDCDA5F44DEB9
97730176,CI713DD444D1EA4543B0
97730396,CI23827EBC872F4D2993
86100011,CI123B3C621ED84C358E
97730075,CI4F5D93CC001A4E5493
97730570,CI41EA0F42A4A845C7A7
97730296,CI9ED9D801D0CB4579A3
97730177,CI32AE8F86AB0C4E8E8F
38832157,CI98C53372C5ED4D5D97
97730402,CIA9D7DAED53D94234BB
86100012,CIE0F95059C5A845E99F
97730076,CIA4F95609F3944109BD
97730301,CIF21101C991814102B7
97730578,CIC7CF7C1E91BB4BD09C
97717286,CIF0C069308F68466B8A
97730179,CI89951284FDB746538E
97730403,CI2E6617DCA2B84901A6
86100014,CI35233FA1969D4CA3B1
97730305,CI4F00475135B64DA387
97730078,CI472E1D58121545B3B2
97730581,CI339C17AAC8184A408C
97736044,CI3389825C22BF4BACA9
97730185,CID3AF4798546341DCB8
86100014,CI315DAEC5284643B0B3
97730083,CIE2FBB7EB9DA74B44AF
97730308,CI7D60EA1AAEE7491583
97730582,CI6FAC60ABC82E4B67B0
97610919,CIDC04459AECCB4DECBD
97730406,CIC84C3634AE774CD5A1
97730187,CI9D84A28862F54BCE9C
86100015,CIC9C1C90A103F481986
97730087,CI5B8F4B6043934E79A0
97730583,CI297E3D78419946FCAE
38825966,CI8D35BB01DA974051A0
97730193,CI951B68DC65D2403EB7
97730405,CI981E50251ACE4884AF
97730311,CI9940543FB8F04DF489
97730411,CIAAD027AEA1D847AA9F
86100016,CIDC41A28DEF9140D297
97730088,CI55028CBC8D80440686
97730314,CI32C15AD0DE334E1086
97730584,CI7F2C16569AE74ADCBE
97728628,CI59EF77B2D7B34FB0A5
97730200,CI24934183C95C40628D
97730412,CI9666CFE0E08D4425A6
86100017,CIA331D426DD7245C695
97730091,CI200D638318D143B389
97730590,CI0CBBBFB9FB934C5EBD
97728746,CID819712ED3DA41B18C
97730222,CI69792FD49CDE4205A0
97730415,CI76B47B88B87745E3AA
86100018,CI2FC6C0E05E754BC18E
97730101,CIF64B0D9123FE4A33BC
97730316,CI4E3B32C92B9F48BC9B
97730595,CI5A075AD86B3743F4BA
97728637,CID47AE3D8AA7A497FB7
97730224,CI35F26CFA8ADF4144B0
97730416,CICAF81FCFAAC046009C
97730105,CI0EBF797ED1C14E86A0
97730321,CIC378E5A2DCF5444498
97730602,CI3429C86A4CA44E7797
97728627,CID8BA7AFA4737472086
97730226,CIBD13E4B39C45409BA3
97730420,CIE4E3A45772B044758F
86100020,CI5C9EA31A69664CF2B0
97730106,CIDF3C0B7D6E7E4728A1
97730323,CIE62DE5B29BF84AAE93
97730605,CI7119159DAFBA44B3A1
97740936,CIA948263B3D6C4A2F94
97730228,CIB5BD9B718401430CAE
97730437,CI2247EA8788A94C4493
86100021,CIFF82DF0D478243ECB7
97730107,CI5C1A6961A7C7492A8E
97730324,CI7BF3D7C1E75C4F5A8F
97730606,CID9A451707C284954AD
97729179,CI8125402477FB4893BC
97730233,CIF43648C3FC564C6598
86100019,CI9CFC48C8D7C049D9BA
97730445,CI5494C5F1CA6A4DC591
86100022,CI6D56F5D7985947AE89
97730110,CICE525F44C0EB489F9F
97730326,CIB11FF4B55F57456195
97730607,CIB6B856FA92FD47F7B6
97728634,CI6CCEE442DDA7469296
97730234,CI7C4B4411ED10422198
97730315,CI900E969FD99D4ED587
97730451,CIA275A9845A3D4122B2
97730111,CI697707CE4437488FBE
97730331,CI610500B375C94EB0A8
97730608,CI75FEE235B08A455BAB
86100023,CI900E08C646AC4E64A5
97728638,CIFED3AAE35429437989
97730235,CI39C1776508D04EC198
97730452,CI3DF8B7FB6E484ED59F
86100024,CI8EBCC6A66841406299
97730112,CIAF3A6D8B03BB40A0B6
97730335,CI5E37558205D2464A99
97730615,CI41651C4BF2E04C5F9D
97728629,CI77B1F94ECB984A019E
97730238,CIFC3728BB82564E73A5
97730460,CID9A8A0D74A644D548B
86100026,CIEB58D99E41704902A3
97730114,CI7409A838134F4B29B5
97730336,CI71AF86D0D6004C2999
97730616,CIB620091049C34CB0A1
97730002,CICC2A225D0B954CA89B
97730243,CIF0CDE52374F04BBB84
97730461,CICB38292C1098487FB8
86100026,CI7CA2958EFAF04FAEB4
97730124,CI2915525AA53E44DF8A
97730619,CI4B71E20250AE4EF880
97730005,CI750EDA9190AE4CFE9E
97730246,CI21F5EC409EC242B2BF
97730462,CIE8E558826D7A4CE499
86100026,CIB200C4507761443AA9
97730339,CI02C4DE8374DB4EBFB7
97730667,CICA32F5A981B74F038C
97730022,CIDD9D813E6E1E44C388
97730463,CI5200396183B342B38C
86100028,CIB8A7CF4BC3E14697B4
97730342,CI6B3BCE488199483FB9
97730668,CI4821A90FF3874D56A9
97730251,CI8257F34646534E7F9C
97730030,CIA83E4414028F4B959C
97730266,CIE3E46AB6F9EF4B809B
97730466,CI196C660A14524B559E
97730126,CI8572C2452FAC416898
86100029,CIC691D0F0CD7A4634B7
97730127,CIA95204662E4B4E0ABB
97730125,CI931856EFF33C42C4B6
97730343,CIA043B8C1C32A40F1B3
97730670,CIEC3F7E505B064EEE9D
97730054,CI256A7AC8E1614F6B81
97730268,CI6E9700F5D9E2464896
97730467,CI4D7F3B2A70C04BD3B8
86100030,CI23ED69F161D1405FAA
97730143,CI346AB73BFDC74186BF
97730344,CIE4E46906BB4A47CBB8
86100001,CI03F206F393124273AF
97730337,CI988D0A12373341BCB1
97730057,CIBDFE0E18F1B24D9494
97730271,CI09800F8EC539453E87
97730468,CI1E3940BF28BB464188
86100031,CIC4D609AA1CB04F1195
97730143,CI6DA16707108243FDAC
97730345,CIAB885548047C4510AA
86100002,CI17161788411C49469D
97730058,CI3A1CF39C49F7413FB1
97730274,CIFD296E7651F04C869D
97730470,CI5CF57E3480574FA6AE
97730151,CIB541461A1F374FE493
86100032,CI812B785BB161400F91
97730346,CI11085B1A6BB6432698
86100003,CIC8572E32CEFD4B4A82
97730059,CI34D617C77FDE4DC8A2
97730277,CIB4F1C786889C42399D
86100033,CIB9846D09B990420888
97730475,CI86DE1C923BCF4D398B
97730153,CIED9802A5927443C6B3
97730347,CI34733F4F2B664E8AA7
86100004,CI5C9593088DE3466188
97730060,CI65C3D88D3AA040A287
97730283,CI22E47D4CF28043E695
97730476,CIB60D13BC526B464FAB
86100034,CI8A5803844685425C99
97730158,CI382DA0C88CB14E7ABE
97730348,CIB0E51FC1B8A6407B8D
86100005,CI791BBE1EC0DA479DA0
97730062,CIE200BC69A73B4CBE9D
97730285,CIE1E6047558D040D881
97730477,CI61C8D87D945744B99E
86100035,CIADC50C76D9CC4942B6
97730162,CIB2C9C798D69E40308D
97730350,CIB9C5A4A08FD646E89B
86100006,CIAA61CB59B9524767A6
97730063,CIDBDA17CCD9D94B7AA9
97730286,CICE20E09D866A4A5597
97730481,CICB84731CC01B47039C
86100036,CIA7A3934004C641CBB2
97730167,CI78D59C39A6B54D8FAB
97730353,CI47EF96D02DE84DD293
86100007,CIC2A76437909B4C87A2
97730064,CI6E953B9647F345A4A7
97730287,CID95AEEC8DA174180A3
97730482,CI56E27B69AE5C47B48A
97662981,CI3BC4659DED404AB89A
97730170,CI039D4CB495A84EDABF
97730354,CIB18F45CA53F44A7C92
86100008,CIA93BF296BF734C6C9B
97730067,CI3B18C45EC6AA4FBBAC
97730290,CIE332C0758A76412D99
97730484,CIF5DF09FDFC1A43C49E
97643309,CI7A427CF190CC4FD3A8
97730172,CI1689BF23AA054871BD
97730356,CIED6D8616CE6C444292
86100009,CI2F9BC7CED5E94C7B89
97730069,CI4449C81D9C924F1BA8
97730294,CIF8B76F52758A437589
97730487,CI3A1A3799FBF444C2AD
97732048,CI2DBA6780B09C432AAE
97730174,CI7BCCB2E2C8F7446B83
97730379,CIAA4C43CC58F3428D81
86100010,CID42782F0DCB44F9F97
97730071,CI94DE224E281449F083
97730295,CI17ABDBAB58204C49A2
97730488,CI3FF108B2518246F99B
97745795,CIFFA981B8C4C74405AC
97730176,CI2E262DCECFEC4B6793
97730396,CI4EB97202760D4D03B6
86100011,CI1AB24B282B3F4736BE
97730075,CI630D8780353043AFB2
97730296,CI25C8489062F74F5AAA
97730570,CI3811F6F01C48485A8E
38832157,CIA0B3659F64634EA7A8
97730177,CIC7F75F8BC323449A97
97730402,CI00B6C6CE148A406594
86100012,CI530D9FD5ECBA409F9F
97730076,CI5685FF7C0B4A43C38D
97730301,CI1DD29FAF94D24D1D86
97730578,CIC9D659B8E21C46D883
97717286,CI59A0E5639612452097
97730179,CI7D785D9382414BBCBA
97730403,CI67C990D2318B4CA783
86100013,CI4295A482348549EA9A
97730078,CI18925767ECC74322A7
97730305,CI14ECB9A8782A454C9A
97730581,CIBAE3AB9CD0FB41A594
97736044,CI7CCEE16DAA75464CA1
97730185,CI46FC03AB20ED4C6ABA
97730405,CI4E4EE95EA262421C85
86100014,CIEAF1688F79FE4E80B8
97730083,CI9AB9C29447C54557A5
97730308,CI0345C8C16FFD4F058C
97730582,CIAECA9FE7F1884569A8
97610919,CIABAA86D098974B6A9B
97730187,CI6E85FE88A8C8482ABB
97730406,CI220A541A2D7A4EE383
86100015,CIF22BB64A6040435180
97730087,CI650D90452D4B4E4FB2
97730311,CI0C0FA88EB46746D7BC
97730583,CIDCBFCF6C10DB4B458C
38825966,CI52E6ABBFEF91412CB7
97730193,CICE8B50651E0C4EC1B5
97730411,CI1A9ED5DCF31E4403B3
86100016,CI426C1BEEBC8E45D7B3
97730088,CID0FF9FE4D1E8430B8E
97730314,CI9E484456305B4CD3BB
97730584,CI61820488C3654A55B6
97728628,CI79F40FB97EA14B95B3
97730200,CI7CE38C8476C44A20BE
97730412,CIC6210D5BC0574C03B7
86100017,CIDC8365234BC847C18A
97730091,CI7CE9155EE3D3450794
97730315,CI08A3636830D249B2BE
97730590,CI50A68243972E42188C
97728746,CI539643CD4ADF49CA91
97730415,CID5E7C17AAC5D44AFB7
86100018,CI7E1FD3C86A8745BCA8
97730101,CI78CCF16923394E82A4
97730222,CI930836DC93BD439B9B
97730316,CIA1DA72B7A2E646A788
97730595,CI8C945D9E43534FC29F
97728637,CICBE45732F3F3493586
97730224,CIA078958C21BE4910B2
97730416,CI1ACB83122AA84BE79D
86100019,CI3C2098E48A034F0E9E
97730105,CIADA50EF8A8374C1683
97730602,CICA0BAADE99D5414A9B
97730226,CIC0E987D372A34EDDA3
97730321,CI91924BBDB94A48679E
97728627,CI929CC59E3F4E4D6DBD
97730420,CI656E2E66E5A74D6D86
86100020,CI2161ED130AB5463098
97730106,CI7405EAE0766342D4A0
97730323,CI1C60AAEE5E0642708C
97730605,CI821E586CE9544D5098
97740936,CI5FC27E60B04D458B92
97730228,CI8CAD06EAAFB8417795
97730437,CIB26C5681F32B4E8F82
86100021,CI66DE2F13D71541F994
97730107,CI4059D7B8523A48888D
97730324,CIB5B8D6B0BA3C495D82
97730606,CI6C5DD62851E446B1A6
97729179,CIC23E3D17B7F347E285
97730233,CI064883C0AC87425491
97730445,CI856892F44F5D472BA1
86100022,CI6C5C428E773042398B
97730110,CIE9CCC50D03124A4086
97730326,CI1B1BCA1DC0524C33B0
97730607,CIA6B15B110CA640C4BA
97728634,CID82251C040FC474BA6
97730234,CI56568C567F004109A6
97730451,CI3DD468FAAC87486AB1
86100023,CI7BAA695AB65B42F784
97730111,CI388AEB57F45246279B
97730331,CI7DA507CB0DB14B1292
97730608,CI541F10E6CC0D4C6D88
97728638,CI4FE8DFA162C1452980
97730235,CIC8A575AD0C184DDD8E
97730452,CIE3DBF3DC8E87469880
86100024,CI8B2D1C70859043B393
97730112,CIABBE7812B7CB4C5EBB
97730335,CI11723C7126404046B5
97730615,CIF46AC3411DC64EF8A2
97728629,CI68CD198B5E0447938F
97730238,CI0FBA60F834F641D9B9
97730460,CI0929091B95C743769C
86100025,CIFCEF0758514E4379B2
97730114,CI19F69C4E3C944486B5
97730336,CI266929BE9FAB433884
97730616,CI5FBF60DE38FA4FAA97
97730002,CIC90F3293AEAE4005A8
97730243,CI521802A60D6943E4AD
97730461,CIBDD2FEA8DEC04F3C92
86100026,CI26E815E725BC4D3898
97730124,CI4942897313754B6A9E
97730337,CI71B5D0BDD9AD47DEA5
97730619,CI79D0AF9C83914A039E
97730005,CIAB500EF965B94009B6
97730246,CIEDD62E3126614B7FA0
97730462,CIDA583F36EA9F470590
86100027,CI31AADB9210C2488BAB
97730125,CI6A3A3CA462054BBEAB
97730339,CIB4268782A5284450B4
97730667,CI4730827C6011484EA8
97730022,CI8492319A6F884519B3
97730251,CI6E7E53EAABBB433C96
97730463,CI2CA687E2E51F47198A
86100028,CI0A8BFA7FF1AF4FADA1
97730126,CIC13F7AC0EEBB42BC98
97730342,CIE124470AB21241B889
97730668,CIE0B033655D704C6690
97730030,CI1674E7714625467CAA
97730266,CI4CC4CC86932F4D8491
97730466,CI6A83C802FF4849AEB5
86100029,CICE568961DEA5479298
97730127,CI4D9D973886DB400285
97730343,CI7F14B33804F84204AC
97730670,CI7ACC1D2B2DA342FA99
97730054,CIDFA986BEE3104FC5A8
97730266,CI6B9CE87C508743B698
97730467,CI15CF7CBEECEE499DA5
86100030,CI184319BE8D8A420E99
97730129,CI1A861F24A6384193BE
97730344,CIF15BAA3B6E7F4F48BA
97730057,CIF5C6A8FA6D00431EBA
97730271,CI74A01AF7C9BD4D1898
86100001,CI887B300DF8574F0FB0
97730468,CI5C334A4DDC5948CB80
86100031,CIF6A1AA0301D54202A1
97730345,CIEF3C1882F8094D87B4
86100002,CI646915EB501648569E
97730143,CI892F8B4760F844078A
97730058,CI769C36CD849B424B95
97730274,CI06A8A13AC1B545CD9E
97730470,CIB6DD8E5949C2446C93
86100032,CI0AFF07EFC8A74D0B9A
97730151,CIE1E29EE63DB3407FB3
97730346,CI27BCF33C0689432CAF
86100003,CIB1C15FF606E3434284
97730059,CI588E1C1069DC49F690
97730277,CI404B66751FF044C3A4
97730475,CI86CD2D98C8E44F38AD
86100033,CI1855D279888C4A34B5
97730153,CI2CD39BDE389E4AD780
97730347,CI6818F4F15535400AA2
86100004,CIE57C3A595EEC426FBC
97730060,CI4D4A01F6E640460680
97730283,CI77A4CCD66AD846DEBC
86100034,CI7112686FA755452CB3
97730158,CI08897E9B7178441181
97730348,CIE398F69FF40640ED81
86100005,CI799FDFC1921449BB8B
97730476,CI94E62A5526FE4780A5
97730062,CID4F8CD2F83E94ED8B9
97730285,CI91082AFA9E654B75AC
97730477,CI1E7A3A5EC8F8415BBD
86100035,CIF8C5C6B238BE4B8ABB
97730162,CIE8ACADD07D504B8DBC
97730350,CI18BB598A233C470C90
86100006,CI90D7CD56E91C42E3B2
97730063,CI4EC3019283BB4BF395
97730286,CI408B4D7DA6AF4FFE9C
97730481,CIB3C167DCD93042B5A0
86100036,CI8A08B366111B4EF1BB
97730167,CI922E65182F1D4963BF
97730353,CI6ADA8EEE5B9846B28F
86100007,CIA8D71A212F6E4008B2
97730067,CIA55DB4E631E34E41A6
97730287,CI67A625F4BA6C4790A6
97730482,CIB7ACD77B931A4CC2B8
97662981,CI2635452515F5467EB5
97730170,CI409C6592A1624E978C
97730354,CI1CB9B52C15BF4677BA
86100008,CI1A6B93741B044A50BA
97730067,CI38E3B225DBBA4D6899
97730290,CI55C7989106D74698A3
97730484,CIAF8B6C663F9541529B
97643309,CIE26DE0B8F8D5405085
97730356,CIC08DFD960A7245BFA5
97730172,CI8E697E0E2B7540A09C
97730314,CI7FF5179E52FB49DE80
97730088,CIB57189D3A0434633A0
97730200,CI1475E031DDD3403489
97730584,CI64F5387A4A074008B4
97730412,CID5C8A9BFA66448F0B9
97728628,CI02FCAE2DB6BD4CC68A
97730315,CI58BF7EA37C134983B2
97730590,CIA0FD82383BD1444692
97730091,CI914DEE293EA14750A4
86100017,CI990B25AE7CE047499F
97728746,CI0342872897194B8693
97730222,CIF3FA6A1DDEAF4D6086
97730415,CI275C46520F1B4723B2
86100018,CI0E2611A14E4F4D0FB8
97730101,CI2943F9483F9E4C9CB9
97730316,CIE0BE1B7C30504E7F9B
97730595,CIB0586850452041F3A3
97728637,CI651BA9B12D1F4A04A5
97730416,CI5BA9535046B44680A4
86100019,CI438129DA997D49FDBE
97730105,CIF5364B3333B942C690
97730321,CI9FB314AD9855461B87
97730224,CI96F453A8E68B4D1A9E
97728627,CI05210AF93288426184
97730602,CI1E05F7B207C044358F
97730226,CIB6E44C9A818442C9B6
97730420,CIDB9156E2A82C4F0AB5
86100020,CI7F4BA67600414D97AF
97730106,CI22EEE00F8A4A4A6589
97730605,CI87545D55BD08468182
97740936,CI9BF70BDA42DE4C809B
97730437,CI45084A6CAEFF40969C
97730228,CI9519BCFD5189496791
86100021,CICF6D174415A3453781
97730323,CI9980DA98F4A54A3F92
97730106,CIE38D0698F03740E78B
97730324,CI86BAB46832AE4646B5
97730606,CI35C32786B234400F88
97729179,CI15804EF2D11045A0A2
97730234,CI515FFAE547284BB9BB
97730445,CI29050D6F91AA43A6BE
86100022,CIA2427F6FEEE84E7380
97730110,CI283FB385F62340C191
97730326,CICC4F5B898BC349549D
97730607,CI24B63B810B1B4CF793
97730234,CI48B908EA6582470CB6
97728634,CI88ED9D6B3967446AA3
97730451,CI17A860309B924ECF9D
86100023,CI15050940DDB14F44B0
97730111,CI64A81AFC9B8E480CB0
97730331,CI29DE2EC9DAFC4EF39D
97730608,CI60EC30D7294A41E08B
97728638,CIA2C6BCDBBBCF490A82
97730235,CI277786392CC543208A
97730452,CIE5EC13060A4A4E76BF
86100024,CI80AD927B68B841998F
97730112,CIA8EEBBDD70264DE0A0
97730335,CI39FC2CA609E147FD91
97730615,CI985BF5AEEDE4408784
97728629,CI06FAFD2B9CF84D5586
97730238,CI73111BD3CFDA44CBB6
97730460,CIE2B47B71F902448986
86100025,CI09B3717F0B7141BA9E
97730114,CIC5AEDD212C1444A58E
97730616,CI5D5E79E8BC9E461EB7
97730336,CI830A4E56C7084CAC82
97730002,CIE63706AB1C0D451D96
97730243,CIA7F17FB14BB4475892
97730461,CI1F923929FFB04AD183
86100026,CI7A069B9C6E8C4E328A
97730124,CI6B1FC14311C542DFAC
97730337,CIFA1CCF3739DD47E585
97730619,CI6DD9BE5F919343C6A3
97730005,CI29584E2FBAF041B498
97730246,CIFA0546DB41AF474294
97730462,CI2E1E63DA29D8458099
97730339,CI1D2AC5751B31451CAF
97730667,CIA157AFF2B2E840C3A7
97730022,CI44AF88B3070F45E5A3
97730251,CIB0A2050D3B5E4A45BA
86100027,CI95CBDA4AB74A4B3EA8
97730125,CI95F925A39A204A0199
97730463,CIC903B3299661420A9A
86100028,CIF2F086BE21974F2A8A
97730126,CIA94FA65B16DA4EEA8A
97730342,CIF50A8C781362493D8E
97730668,CI8BE5B1B935FF48B098
97730266,CI761ED4FCD50A4D938D
86100029,CIA54C06496E6A4E32B9
97730127,CI7E16E274B0FF4AF18D
97730343,CI2073EC5424234C7A8D
97730670,CI69351F2E2C9B4B7883
97730030,CI9DD9E916B3F148EC99
97730054,CI504DF29762B94F4697
97730268,CIF92696D624E24E8298
97730466,CI9323876229AD48C6A0
97730467,CI1B5A04065E274171A7
86100030,CI736854859EFB42CDBE
97730127,CI6315A6CE9C824F79BC
97730345,CI698E6FC5028844C4AA
86100001,CIB7B214CC3F0749D8B8
97730057,CI56F6748CD0734DF5BA
97730271,CI37523C1F58E040B8AF
97730468,CI61B113106F4E43BD90
86100031,CI9F298A98CC2B4C638C
97730143,CIC399FD6F12774ED184
97730345,CI39329BECEF08409986
97730058,CID1A85CFE0BDB49DE90
97730271,CIB8E35AC737BB41F7B8
97730470,CIFDD2E6FC92C24E629F
86100032,CIBBFE33F807E544A680
97730151,CI1F3E3E8623704C5F95
86100002,CI76D7416E167545818C
86100003,CI1F9764C674024B8D93
97730059,CIA376BAFFB751461C94
97730277,CI74B89A13CE4B4D55B6
97730345,CI8194FA06B9F04C6999
86100033,CIDD04FEAE482145D68B
97730153,CI6EE6A4917655462B83
97730347,CIBE791491BBCF44AAA4
86100004,CI246584D0BDF74C0AAD
97730060,CI6D004F85990C418A9D
97730283,CI8B22F1C5A2C34F5BA9
97730475,CI9E4589C72A0A4CA78D
97730476,CIB60E20A32922466097
86100034,CIC7142BFD2E1D458DA0
97730158,CIB3ED2FD44CAD4F02A8
97730348,CI52263D03DF4C4DF0B2
86100005,CI3F0ABAC215904B439B
97730062,CI92A2FE54BE334EC6A5
97730285,CI6653A4E2E1A14464A0
97730477,CIA5FC2BE411A043DD85
86100035,CIFA04D85CB8D04826A3
97730162,CIE82A5938E87C4EBD9A
86100006,CIC57562BD548A4FF1BE
97730350,CI830679BA402E48FB87
97730063,CI4368E27130EF49659A
97730286,CIF9019C8679694015B0
97730481,CI1CC9074FE8184DC7B8
86100036,CI4E1C5EE96CDF4BDBBA
97730167,CIE88E201BC43D499687
97730353,CI1D0517D6307F4D8F81
86100007,CIE4EDE745DBD64F2A81
97730064,CI62E62C72D09F41FF84
97730287,CIF899EE0D34214D6DB1
97662981,CI23687C72AA6E4E6AA8
97730354,CI09BC5741952747A68B
97730170,CI8092264D07394F8AA4
86100008,CI96F4B9CA0E3F43CFBF
97730482,CI97FF182CBDC04ACCAC
97730067,CI79EB311407B5429AB8
97730290,CI5F4842AAF8744031B8
97730484,CI5E71A4E6E7BA4FB4AC
97643309,CIF2B6185AF96D4FE699
97730172,CIB3E1115C73394D64A4
97730356,CID90517BE3DFB40CE88
86100009,CIAEB6260326664B6AA3
97730067,CIBC7DCA3173D043A7A3
97730294,CI686948410F274ABCAE
97730487,CI9E8067C5D4B14A23AA
97732048,CI575C1D75989C437B93
97730174,CI43C8A9CD0F164E5BB8
97730379,CIF3C45F2AA01B4E20B0
86100010,CI290F4C25714245C783
97730071,CI3238692B32694C3A87
97730295,CI737D8479D7D44D5BA4
97730488,CI86BD97DA966B42D080
97745795,CI257DC98FB56144E181
97730176,CIA45DB3DE36D9459492
97730396,CI2EE5D6A53AC848EC8A
86100011,CIDF95E4542F0746B5B8
97730296,CI047B099B75CD49148F
97730570,CI5A97136D506342BAA3
38832157,CI78878CE536334F979B
97730177,CI7CC9EA68EAE5415BB2
97730075,CI9A17D673D74B41A7B7
97730402,CIB11A30FD5628446886
86100012,CI71447A633C2246B594
97730076,CI5B3ABDAD9F854E578D
97730301,CIC5EE85AC35E64FCABD
97730578,CIA11C906404934865A6
97717286,CI6CF2D6936D5A4E9E9B
97730179,CIFEA3B4D36A8F4D9E81
97730403,CI6EFE532F1BEE42B183
86100013,CIE1758CAE6C5246778F
97730078,CI39E497489647410F97
97730305,CID364B30476864438A7
97730581,CI8D3591B3554C4BE3BC
97736044,CI1A728CE4454647668F
97730187,CI316E425137C347FE84
97730405,CI8CF0E6BD969D4E60BF
86100014,CI802A921FC5C1420B97
97730083,CI377260B574C74E01B5
97730308,CI1998317BFDB943C48E
97730582,CIA7153C0649A0466097
97610919,CIF6D8F993F8814E1EAF
97730187,CI50206030A6644CE8B7
97730406,CI875B08DAF4664862A2
86100015,CI0675A0E55C7C431CB5
97730087,CI9B79D28727F24ED5AF
97730311,CIFDC3DA4FF06E4A9C94
97730583,CI81A18A50CF0E41B6AB
38825966,CI6E79B3D3D893430699
97730193,CI0BEE97D0171E42CFB1
97730411,CI4571B339847A461BBB
86100016,CI3B8EAF30D94C4B4C97
97730088,CIC05E863DE34B47EC96
97730314,CI2EB78AE12FE94059A9
97730584,CI8A3A0A33A2AE44C193
97728628,CIDC4D53B605B54B9291
97730200,CIB08DE1058C0B458F8F
97730412,CIBEC69417B4464DCCB9
86100017,CI30A6B4B008A341B487
97730091,CIF82D736C70C84F488A
97730315,CIE70715514D2E4237AC
97730590,CI1B26074ECDC049C583
97728746,CI5CDD8EDE013B48C789
97730222,CIDA98BDFF76514FB9B7
97730415,CI5C217BE1A48945E690
86100018,CICF5A0ED61AD041CA92
97730101,CI429D4A931039472EBF
97730316,CIDA4240283B6540B68B
97730595,CI0D8F7052F90144F29F
97728637,CI48E7E66DD1954E528C
97730224,CI429A76CACABC48149A
97730416,CI1BE17E05BEF4430B82
86100019,CI6A54A3F050D14CFA87
97730105,CID618ED4F24C2477193
97730321,CI1CFAE2EC4B3148B487
97730602,CIF5134D7703D543509E
97728627,CIA051A2671F364C12A8
97730226,CIAEC7DCB6B1D647B185
97730420,CI669E05075B1F4C869B
86100020,CIDBB9666D6A274BA887
97730323,CIFFD0897118274A129D
97730605,CIA1EDA8088CBB4121BA
97740936,CIEBAFC1D676C745678E
97730228,CI8FFD1EB5FB2B4AEEA5
97730106,CI8FF2919E513C4F53B7
97730437,CIDD4161830BD049FCA0
86100021,CIC28B9FAF734348CBB8
97730107,CI372CA54A3E7C4F1FBE
97730324,CI063498CEC9A645AEB7
97730606,CIBC71CE76A6EC4CB4A0
97729179,CI323680E0F6454E9B86
97730233,CIF83C49BAE66840EB86
97730445,CIF389F361F2A6489FA8
86100022,CI3AD8A45939DF46B181
97730326,CICB0681786D4A4008B4
97730110,CI784AB44378E3414588
97730607,CIA1DD61AB00444AE7A2
97728634,CI6D016950D506424087
97730234,CI09497560E1934C2FA4
97730451,CI5B44ABB4D8C340FE99
86100023,CIE6E964F0ABFE4C13AC
97730111,CI3F873BAEABE24BB7A0
97730331,CI6D12E8DFA1C341FA80
97730608,CI649F49E276874ADBB3
97728638,CIA88F232E94304C1187
97730235,CID71783A96C9E4157AF
86100024,CIA87B135F3E6D4BB7BB
97730452,CI84E20FCF94C74DF3AC
97730112,CI4C0B80687AA34F8488
97730335,CI3A4A67647C84405F8B
97730615,CI8A2AE56DF55A40DEBE
97728629,CI7E9080C2F1544A81AF
97730238,CI4BEE3B9FCFAA48C289
97730460,CI6453C880D9B7461EB1
97730114,CI374035BE4C3942A7B4
97730336,CI5FA6014881C64584A2
97730616,CIF174893AE6A2482B92
86100025,CI93E981F265504CB18D
97730243,CI5DABBB7868B44BACBB
97730461,CI515DD2CFB37340E489
86100026,CI4A88D647B4124B8098
97730002,CI96AED827B55F4805BD
97730124,CI0ACE826D915245AFA2
97730337,CIBFF8B989CC6447CDAC
97730005,CI09055A7D0EEE43958F
97730619,CI97C00D7A093F4C1F96
97730246,CI8B4CFB531F8B4341BA
97730462,CIA98560EC09DA45019F
86100027,CIA02119A7B6F24C8787
97730125,CI178D279B709B4BB7A9
97730339,CICA0E439657FB44B8BA
97730667,CID1A451C16BD74C73AC
97730022,CI3DC6699578164620BE
97730251,CIC4F5B9C4252142A99F
97730463,CIA835AEED82F84857B2
86100028,CIA49F57BA0D704ABC91
97730126,CIBEDF83B2244143F7BC
97730342,CI237456D56BDA4547AA
97730030,CID9CCB7F11A1442EDA1
97730266,CIB6D981C43AC840208A
97730466,CIF81A4BFB94234A778D
97730668,CI901088BDBEFD483FA1
97730088,CI3414B96EDD3145D9B4
97730584,CI45FF6C93131D433FAB
97728628,CI5760D4F1DE7C45289F
97730314,CI95FA1BF81174417A9F
97730200,CIFB1FAA414D0D4D2C92
97730412,CIA4019C0787544A719F
86100017,CID561D797ED424C49A1
97730091,CIAB00567C339A48CDA5
97730315,CI6B07FAA961D440D1B4
97728746,CI398E928339854C5F91
97730222,CI15574B052A764546AD
97730415,CI144BC8A8BDEE4C2397
97730590,CI70FE7CAAFE4249B094
86100018,CIC138F6E08C6548ED8E
97730101,CI226F74690FE64EE1AE
97730316,CIB9843EAF909948CB9D
97730595,CI69F5654732D74D539C
97728637,CIAC7DFCEA05D34F37AE
97730224,CID90611479FFE4697B9
97730416,CI5B7BE8AD82994E4799
86100019,CIBD34BA83A04E460ABF
97730105,CI27E398960B5848BABC
97730321,CI0608119232CC47E0A9
97730602,CI633281E3E5164F3EB1
97728627,CIDA8CA38791D44C82AB
97730226,CI565CBCB59A7E4FF297
97730420,CI09074C37A77C41F080
97730106,CIB7D7F980D0AC4A11B3
97730323,CID012D840287243B492
97730605,CI43543735B1ED41D3A3
86100020,CI9288C0B4B89140C4AD
97740936,CIBD241024B8754CEB91
97730437,CI636C752602FC4CE192
86100021,CI06AEB181A5C44D6C99
97730107,CIE1BA3E21D6744B789A
97730228,CI9E8F687E017541AA82
97730324,CI842DFF4684D849BFB4
97730606,CI5D37ED11CEEF4725A7
97729179,CI0DC901A6E02E44D498
97730233,CI79859B0C0BAF4B819B
97730445,CI8D6F45C9573F4711A2
86100022,CIDBF4BB1269DE41B8A5
97730110,CIFE3D6778376042B3B4
97730326,CI5402D41E128146679A
97730607,CI19B2247218C14194B2
97728634,CI3A49781021DF4DEC86
97730451,CICB4C605990944461A9
86100023,CI1E1F46B924E0469BB4
97730111,CI1F12CFC293AB4C4DAC
97730331,CI0EC186B306D24487B0
97730234,CI9EDE06A1A05C4D0CB1
97730608,CIBD728328728C49668A
97728638,CIF9D5F6E704A740A5A2
97730235,CID88ECD341FA342879E
97730452,CI4BCBDC15A5B7402A8B
86100024,CI2D6FFF88E86240C287
97730112,CIF59654FB33354CA487
97730335,CI11C50C9A4DE944F08A
97730615,CI3BD7594D3E4A486F84
97728629,CI169CF9607A1542A5B6
97730238,CIB87F2BFEF3604955B0
86100025,CI6BB1DB2D36AD405BA6
97730114,CI398FAB777C7D48ECA0
97730336,CI6BC1650804DA49A5B3
97730616,CIB79D14FD84F242478B
97730002,CI0002439363184691A0
97730243,CI6040D1DC250D48DC84
97730461,CIABAAE2C55B7C477395
86100026,CI2C6B18FE294146ABA0
97730460,CI86A9102348F04AF6B6
97730124,CI1E54316906214CC480
97730337,CI72BB5B58AE73497A8A
97730619,CI6233EC6A09F840B3BB
97730005,CIC3BDF374B3B748D488
97730246,CIB610FD8526664281AB
97730462,CID602BDD0D65D4AD6B7
86100027,CI4185397E2D974AEAA7
97730125,CIBD260537876247AABE
97730339,CIA88DBCB52E154127AC
97730667,CID616F6779627428DB5
97730022,CI1BBBC5FAC7E04089B0
97730251,CIEAC5440887404DDB93
97730463,CI42A2C3A2DC744FC5A8
86100028,CIAA4089A35C2E4CF4B0
97730126,CICDDD554B12944B3885
97730342,CIBEEF395D043C4F808C
97730668,CID91593BEAC394E2388
97730266,CI6D451A62DB464DD7A1
97730466,CI2CC63C4BF54C4B9EBB
86100029,CI28AFC0532F824AA099
97730127,CI5D12D7EC0740426282
97730343,CI446D04F6A2304DA78E
97730670,CICB383ADA52184056BF
97730054,CID2BE26CE6DF34F8EA9
97730268,CI839642DE30D040C6A8
97730467,CI16FE4296D68A44CC96
86100030,CIDDBD766CB41343EB9F
97730129,CI3C180FC358194A4394
97730344,CIACAFECB222CC4ACDBC
86100001,CI54BD4B1B7BB14C358B
97730057,CI74F4DC5E3F994228B2
97730271,CI3C4FA65B7E81426A8A
97730468,CI0E70962396EA4E5BA5
86100031,CIC74A880838674303A8
97730143,CI2AF0E7B2847C4113A7
97730345,CI7738BAB3F8064D7BBA
86100002,CI3DBFE6A10F7F482EA1
97730058,CIF177125527D341319C
97730274,CI328F9D53AC114998B0
97730470,CI33572CA761A644D89C
86100032,CI87C4AE15EE9045BD96
97730151,CI31E554C067F74CE289
97730346,CIB83336746AF6419D99
86100003,CIBB23C6D3E7654B28B3
97730030,CI955569346C7C499098
97730059,CI8A32CC10A9004EA3A7
97730277,CIA7A690388230496594
97730475,CI79039FC3844243B5B9
86100033,CI65851E66922C4998BC
97730153,CIA6D159B0CDAF41B293
97730347,CI188373777F72478DBB
86100004,CI182A21E88EA747928B
97730060,CI9DF873E7914A4194AC
97730476,CIB81A391DD9724223B9
97730283,CI878804F16FC74591BA
86100034,CI4585206C24D94BF9A5
97730158,CI8792F52C502243738B
97730348,CI96A38DAC38854E6DBD
86100005,CI22FF253D2C384CCE9E
97730062,CIA6D56909B93844A4AA
97730283,CI8128AB80C1DB4E3E8B
97730477,CIA4D20850C5554AD6AC
86100035,CI96F40B59EAD04EECBA
97730162,CI0773F115CDF14CE98C
97730350,CIE3A3059E150F428788
86100006,CI6404BD4790F5475B82
97730063,CIA263B25CFAD34813B7
97730286,CI83240876594E4912BE
97730481,CI57D364C80E334DB7AB
86100036,CI256977B75F084128BB
97730167,CI494A99C5445744E291
97730353,CIBA9F058C81774FD1BE
86100007,CI1FC4CC467144414DB4
97730064,CI0EEF8897AE2643D4BB
97730287,CI1C9E68DCB05141D996
97730482,CI4C85B61305F44DA093
97662981,CIA5B6B474B2E54A0CA2
97730170,CI243FE64B11714B57A2
86100008,CI46D56E844A3B4CA1B3
97730354,CI768E8B45DFD6496B84
97730067,CIA3E8B49EC79344EA80
97730290,CIDA4B38051AB6481080
97730484,CI5E578298558B4E738B
97643309,CID16F09ADAFDC427D9F
97730172,CI06DC7A8158CB4C0EA7
97730356,CIA5471C0C6C7244E98E
86100009,CI8A8840F7A6C84E68BF
97730069,CI11AE98932EE14436A4
97730294,CIE5951DBDDF8E4982BB
97730487,CIBEA466130A72432EBB
97732048,CI5AAB27B8FB7E412FB8
97730174,CI9369490242DE4BD0B1
97730379,CI1B6AA4D79BC74AA8BD
86100010,CI68EAD3AC0AA149A3BC
97730071,CID198140D24E14281BE
97730295,CIF78AB5FA6D9A4BD5AB
97730488,CIA261476ADC474053B0
97745795,CIBC4AE65989C445FDBB
97730176,CIBFF3F09A65724A2E9E
97730396,CIDF977C1937A441E79A
86100011,CID58ED777659341379B
97730075,CI35C80D60C8354AF4A6
97730296,CIFE3F2321F8D44D35BA
97730570,CIE47950003612481781
38832157,CI73CC3279798A44B991
97730177,CI451AFD4DCA6C41E9B8
97730403,CI461401421C8D4F1787
86100012,CICFDC7B5F25444283BE
97730076,CI42ACA13667714547B8
97730301,CI1975211509EB437B94
97730578,CI3FA9F0E9F4BC4A25B6
97717286,CIFCEA3248E1DB433886
97730179,CIF91AB00908744B53BF
97730403,CI674DC182F8CE4CBCA6
86100013,CIA4F17A29EE8E465182
97730078,CIA53526DF242B4D1F84
97730305,CIA80BB94F612B445B9D
97730581,CI0322F8ADBE704A22A7
97736044,CI11794FE5125D45E48F
97730185,CIE853BD04616244A691
97730403,CI79F5876FCF4B4174BA
86100015,CIB71619CA0ECD4080AB
97730083,CI9573D01F788B49028A
97730308,CIF353176A9F4A4489BE
97730582,CIAC5BF00908654B59A4
97610919,CICA7455CFDE8246C198
97730187,CIF0787DB28DB046C888
97730406,CIFE6EB3D6EA6B4B1D9B
86100015,CIC987874692414D4B81
97730311,CI416C7A52277F479C98
97730087,CI971A858F12AC4930BE
97730583,CI30179C5880D74950A6
38825966,CI58808CFF1D1D445984
97730193,CI079933FB1F5E432797
97730411,CI111ACB3FA9CB4F0F88
86100016,CI66CD48A110754F0CAC
97730088,CIDC889DC7A6F44375B5
97730314,CI4545ED75C86B4898B8
97730584,CI58B578C490F6480199
97730200,CI0AFD63EBAB054E31BF
97730412,CIED53D33DB5644D88AB
97728628,CI9CCC9B64281C408296
86100017,CI2364C198B5A0449B95
97730091,CI5A8A386C25FA4902B4
97730315,CI53AD3EE16BA045B3A8
97730590,CI1C9CF0DFFDF4430492
97728746,CI29220AC072704B58BC
97730222,CIAEEE430A99E546E99B
97730415,CID619CC5CCE4E4C1885
86100018,CIDAEF3D9D61B4498CA8
97730101,CIE9FD0DD742294ECD82
97730316,CI0848406F4218460BB3
97730595,CI7786653692BA49CC8B
97728637,CI97313062BF9B45AAB6
97730224,CIFE6957052AA34BEE88
97730416,CI99A490002BDA4C878C
86100019,CI1C99480325CD41B0B6
97730105,CI6A22124A485845C4AF
97730321,CI4C9A640188F74C8992
97730602,CIA56C88DF39374532A2
97728627,CI17D710A8ED66484E8B
97730226,CI7664FB5FF7DA438283
97730420,CICA1740283A9447229D
86100020,CI3ABE1A6008AB44A884
97730106,CI1B7C35FD0D5648FF8C
97730323,CIC2338488E681470090
97730605,CI833B246A53414FBC81
97740936,CIC3ED5186AE1A43D58A
97730228,CIAF596151772F4E1D89
97730437,CI4EB99A25929F4F4B95
86100021,CID7F6B3C9AC0D47E2A1
97730107,CIEFC78C317E014D1BBA
97730324,CI63635D9ECBCE4643B5
97730606,CIC708EDB34D2940EC95
97729179,CIF92D86056F844129A4
97730233,CI5BF09B5334DC481D9F
97730445,CIAF5C85548E8546368A
86100022,CI7D12E37BE8F44804BC
97730110,CIBAB61F3A07544F5B86
97730326,CI7CCCA1DD6611457990
97730607,CIC638830490CD4C74A4
97728634,CI2331AC0B789C4A15B3
97730234,CI893DADC24C5F44088A
97730451,CIB28AD7B25C2C45AC9D
86100023,CIA8483ECF35AD4DBBA1
97730111,CICCDFCA3AF8664A17B6
97730331,CI9577AFDC1DCB447E92
97730608,CI6EBD569AE98D472982
97728638,CI34E2CB0C76CD473996
97730235,CIA7D8C53EB181406789
97730452,CICB52E375B202462282
86100024,CIDB73CB5AF5BF409185
97730112,CI2DD55F3BAD1B4D66B4
97730335,CI4B63F812BAB248FE89
97730615,CI375728A5CE7E4A8C8A
97728629,CI6DB39CD4F2EB4E3288
97730238,CI414AF964AF3D4344B7
97730460,CI865740D4D8BA4C75A1
97730336,CIC12F50FE8B7A44D787
97730616,CI624D23DBA6D94941B7
97730002,CI8C39C9D2DA7B439297
97730243,CIB289648FAEF64C94A4
97730461,CI0596774CD0D946F087
97730114,CI95414659116A4AC1AE
86100025,CI97AC61EB7F534A1589
86100026,CIDD75ED68848C423795
97730124,CI48C62917C202434A83
97730337,CIF882BCDA9B8640D581
97730005,CI02385E93D3FC41E2A2
97730619,CI773072AD41FB42E5B3
97730246,CI2F9D64EBBEC24DD997
97730462,CI6D9BC24815214096AE
97730125,CIC3A0DB917F584A30B5
86100027,CI80FACD2320E84A7281
97730339,CIE54E6456652B4253A9
97730667,CI30DA80B0AD024148BD
97730022,CIB1735C8739524F50B3
97730251,CI2365258F379E4FB2A1
97730463,CI5D5A222DCFC249BD97
97730126,CIEBCAE7192FAE4CB7A4
97730342,CI209C79031258438FBC
86100028,CI9CBB8C053D78449A94
97730668,CI07CEF90DC5A444559D
97730030,CIF2589F3996A54DABBA
97730266,CI069CD0438EA34B28BD
97730466,CI36D9241C6D374F10AC
86100029,CIA80BEEF4F0E84621B1
97730127,CI8B47CC58A0834B66BD
97730343,CI0FEB114AC8C44AB8BF
97730670,CI6CBD6D665F4D463992
97730054,CI7EF9368DB8CC4DB790
97730268,CIDCEA60751F444B5282
97730467,CI5B2E2DC8B3E04211B0
97730129,CID1279203F2A7493B96
86100030,CI8274760BE3F84A9FAF
97730344,CI99DBE4E5E8044D07B1
86100001,CI1ADF0E1F83FF4A18B9
97730057,CIA7FFD1AE2877495B9E
97730271,CI48BDE0E65E13441EBF
97730468,CIEA7089AAD56146EA90
86100031,CIA8C36196BBAD4DB385
97730151,CI32A9BAD516AB4A5EB0
97730345,CI9CF56F5B028E404A88
86100002,CI0431B8A4B6B948F19B
97730058,CI60271EE1EFEE45E9A3
97730274,CI9ED7E61DD55D489999
97730470,CI8977B365C5EB464784
86100032,CIB71C9D81D6D748FD83
97730151,CI1442464201A848EB8F
97730346,CI0233D669988D43C99C
86100003,CI4E8A11CE5D7C43F6A4
97730059,CIFEF0D10E23DB434784
97730277,CIEDAB137D89D44C9A92
97730475,CIFA7BCFFFE93446DB81
86100033,CI4A1FA5DF1F0449BF99
97730153,CI6D12960B7E094BBCA9
97730347,CI217D6E958EE44C9BAC
86100004,CI0D1C8D42B6A9428E99
97730060,CIB0C09D5DF30F46E5A1
97730283,CIDEB667EF43BD4C8DBB
86100034,CI2CF0FAAAA9914755AF
97730476,CI43909A4034C04FDEB3
97730158,CI32DB4B98117740D5A1
97730348,CI94698209CC89494290
86100005,CIA2C96B81C58F4E19A3
97730062,CI70E9F1A446284D84A2
97730285,CI0A2C85F7286343FB94
97730477,CI952CD28327564F4484
86100035,CIA51B04947CBE40E2AB
97730162,CI6618291880BC40D480
97730348,CIACB44CC8817F43939C
86100006,CIB861EEB000594BEBAE
97730286,CI21FC362B31104F9FB4
97730063,CI7438AB0DE3E84C549C
97730481,CID13FA344209A45C7A4
97730167,CIC4CE3B2515FF4630A5
97730353,CIE3340970D4364D44BC
86100036,CI9EFD99656B3C49FF80
86100007,CIF59B2A90C2834468BC
97730064,CI6603C78AD21647CBB4
97730287,CI2432D5F8102949DA99
97662981,CID254286279DB40CF8F
97730170,CI29F1E8C5AF324F5682
97730482,CI92B6B9C2014B421081
86100008,CI4CE9930FED934B3AA1
97730067,CIA5C90224B65D453882
97730354,CI98DADBE3139C4E4D81
97730290,CI78BB7094F0AE40DAB3
97730484,CI8E192FF9FAA346C481
97643309,CI460FA66127A840B49C
97730172,CI73F43E872A7B41DC95
97730356,CI029E12AF5A4644F298
86100009,CI803B31B189E9462CAD
97730069,CI2DC53D2A71A44D7798
97730294,CIFC3485B51DCC4F168B
97730487,CIB78E92FFA94B46A7B7
97732048,CIFFC3DFA006DC43E6A6
97730174,CIF3723D0DE06C44279B
97730379,CI55CE98A1150F4F1C8D
86100010,CIB16B1B86F756428FB4
97730071,CI32BEB1FE110749119D
97730295,CI67C0CB1806EC46EE83
97730488,CI2914B7B3B6D44CCFBC
97745795,CI8B357F44CF0641C0AE
97730176,CIE84CAA29D64D44DCB7
97730396,CIBCCA69F1E1BB446EA4
86100011,CIFA855B950828407E9C
97730075,CI67BE700BC10E4E20BE
97730296,CI7DBE3CF3974145EA95
97730570,CIF3527217BA234E849E
38832157,CI796AEE44586B4BC1B2
97730177,CIC9EC1D315DA04E5D85
97730402,CI4D3036F0805A456AAE
86100012,CICE5AD024C771488DA2
97730076,CI9FE5F91CB2C44A84A6
97730301,CI68E4E120115B474993
97730578,CI47775B47BBF04A5A9C
97730179,CI09EA46A08D334753A4
97730403,CICA0DFBE8453A4C8D95
86100013,CI59990E0EA3E6418DA5
97730078,CIA6BE71CB09124CDA90
97730305,CIF6AA1974BD5C4AB9B9
97717286,CI9389A492CEE448E197
97730581,CI1F6BA8F2CF5B4E3F8B
97736044,CI68903EFE75F2422EAE
97730185,CID245C084BA8C41F19D
97730405,CIC7BA9B8C4064400FB0
86100014,CI6BBBC67508C84375AE
97730083,CID345692A85F44CB282
97730308,CI7B540C8BF1384448AE
97730582,CIBE21588B3F95418CBD
97730187,CI1082545FB14B4EFC95
38825966,CI9FCDBCF0A3FF4A76AD
97730406,CI2E49F75635F0411286
86100015,CI943F0A163FD14B2096
97730087,CIBC99D43CBFEC4B85BB
97730583,CIAC49659D65D547A88A
38825966,CI0EAEBB04AD6E4937B8
97730193,CI39B0C177B8514C979E
97730411,CI607D5A7ADF3347328E
97730311,CI99E142D9F6D84211A8
97730314,CI64D23B0CF4804FD4B4
86100016,CI8ECDE989BD094EA6B3
97730584,CI4E52D5F5D8094D9C8B
97728628,CIF1A25A1EE13343E0B6
97730222,CI40CB56C02E734B9780
97730088,CI9F4B2E347AF44AF595
97730412,CIED1B31C05CAF4AADB0
86100017,CIBE98199C41E841E1B9
97730091,CID46F382919904C85B4
97730315,CIF0E9BC916F5B44C194
97730590,CIA496A513B36D41BCB6
97728746,CI03B3D54DE54B409D91
97730222,CI2A134A5A5C1D478498
97730415,CI8F70BFC024D640C497
86100018,CI7DC9CC8085B0421B90
97730101,CICC6D8FCF502041C4B4
97730316,CI1B47222C9F4F4AA6A4
97730595,CI95631EDF053F47E290
97728637,CIE0DC95075E724A5186
97730224,CI505741DB76A94B62BC
97730416,CI5151CB81AA1940D6B5
86100019,CIEDE330D983E7404DB1
97730105,CIAA29CC3B1E99422C9F
97730321,CI68A291EDCFDD4D8887
97730602,CIBD7067CF631947FA8E
97730226,CID4F8F64332F74D4193
97728627,CI62DEE5582E644BE2AD
97730420,CI1102F65D7EF54AC6A6
86100020,CI597D888CDAEA4EE39C
97730106,CIE3E3809FEE4A468DB4
97730323,CI6A4951F82A3A4A2C97
97730605,CI0F7142F4F04248B899
97740936,CICAF6EF4EDD2D4C6F95
97730228,CI0D0CA47051B94F7193
97730437,CI0BC18214A03E4DF38F
86100021,CID6F1AD99E8EC4EEBAC
97730107,CI775F0751D0C349AAA1
97730324,CI0B500D8A53C445DEA8
97730606,CIA021F89A25F94CE69C
97729179,CI3B0D8A54224040C2B3
97730233,CI9EE7A047113D4F2B83
97730445,CI90E0CBDB44454C9F92
86100022,CIFADC744A67434FDD88
97730110,CI5F50F0352FC74B2E83
97730326,CI1BE53A7D1728484BB1
97730607,CI1B987A3C2BE04E2D88
97728634,CI528DE16C7D1E470789
97730451,CI868F8E4DBB4F4E14BD
97730234,CI9D9EC76E3D054F75A2
86100023,CIF1F4494E1D02488B82
97730111,CI7BA176A764E74C6B81
97730331,CIC08CF2DB2C684CC4BB
97730608,CIE80E8451CA014B99BF
97728638,CIE2B7C0DCD4344AFC9D
97730235,CI383B244BEFF84450AC
97730452,CIB1558C7114DA4025B1
86100024,CIB754C544F6434E5DA0
97730112,CIDFB9A6F4CC4842C9AE
97730335,CI90629FE0FF874222B9
97730615,CIDB5C3E9B6FE64170A2
97728629,CIED673A7678CA45DE97
97730238,CI8766AF36CC4347EEAF
97730460,CI38374945097F4C6C82
86100025,CI4DDC7FB570304114B9
97730114,CI34041CAF80D844DD84
97730336,CIEB847C3662EE422C86
97730616,CIA9DAD60541224FE2AB
97730002,CIEEE0CA08164548F482
97730243,CI2DFE01389B3C4275AA
97730461,CID544A7BA64D64C1CB5
86100026,CI2696F2360B6844CA84
97730124,CI7E479FF0BBB04950B7
97730337,CID0CE72D0D49149168C
97730619,CI1B126AB7649642259B
97730005,CIE8CDA204FECE4E2D89
97730246,CIBD226FF049204C3D85
97730462,CI3875A10E342846E895
86100027,CIBB063507C9254B5D99
97730125,CI62643BC8DB7B496692
97730339,CI17E725D00BBF484E8D
97730667,CID15A112B67284B1A94
97730022,CI25DA3A7448CA410A8C
97730251,CI8103CB5920264DB6A9
97730463,CI4DF2953AE305428789
86100028,CI8351794EBCE44DE29B
97730126,CI1E6480F5BA2D4B1295
97730342,CI37FC8845DE3144EF9F
97730668,CI55F4C4E01EC74687A8
97730030,CI409463B83D064A6387
97730266,CIBF5C3E5F8FCD435A87
97730466,CI5C2F07D3639E4E828B
86100029,CI293ECED08C304B899A
97730127,CI8C2313A2712B4C4FA8
97730343,CI96CB4F835AE045F39C
97730670,CI546763E13D5746B995
97730054,CI9B4EE9B746FE48B0B0
97730268,CI75BEE7DE1BEA4E5790
97730467,CI00C9A283544D4280B2
86100030,CI1ACFF04738F64E5181
97730129,CID383397A7DEF413A98
97730344,CI2CDD006B67604D6689
86100001,CI1BAD70C609114E9DA7
97730057,CI2DD4B56A4E9B4ACDBA
97730271,CIEF30F071F15D40A7BD
97730468,CI93907B7C68304617A8
86100031,CIDA4A61D20C90476AA9
97730143,CIB062AF3E596B451C9B
97730345,CIC19DBAA22B554E9491
86100002,CIE576ED5BC95B4B5A82
97730058,CI833EA2BAFE69499D9E
97730274,CIE9C65EEB93FB48E3A0
97730470,CIE07DF4955E16416BAD
86100032,CI58F0C5BB7A5D4C4E9D
97730151,CI0E50185272864763BD
97730346,CI0B3A114CD1404CC4B1
86100003,CIF71FB4AA7063489B8D
97730059,CI9217EBF554C9425DB7
97730277,CIDCF7DC7094364B828A
97730475,CIF95B02A894B3432C9D
86100033,CI02198C4F131B47F590
97730153,CI4DAF0BC342CD43E4A5
97730347,CIEFEB902A98594071A3
86100004,CI256DB4A586334B4BA4
97730283,CIC94AAFAD775C416282
97730476,CI8D270D9FD0764D0286
97730060,CI9BBE010FBBFC4C5B99
86100034,CIE5873F5FAAF446B78C
97730158,CICC1BA489BBBC4F6991
97730348,CICCA9705C56644F9C8B
86100005,CIE087EA83E9B5491FB3
97730062,CIEBFEED37B5EF49C88A
97730285,CI5989355B07BD403CA4
97730477,CIC588A4B73E6D4BF999
86100035,CI19B73CF360814CC086
97730162,CI866A2C269C1E40559F
97730350,CI97E723E51D9749F583
86100006,CI96E6A381C1A3417F8F
97730063,CI5762E4551CC146D89F
97730286,CI09521CEC643F4DB5B0
97730477,CI2073CCA3C85C4D2896
86100036,CI702F4BD80A304FFD8F
97730167,CI9A1C35EE179C4C549D
97730353,CI117661F82B494E908F
86100007,CI2F950944758D4ABB98
97730064,CI675D3937EC694BE1B9
97730287,CIA2005237FB774AF38E
97730482,CIFB699AEC9FB940DFB1
97662981,CIC7F06A27E8EA49D188
97730170,CIDCB1DAF2425244B598
97730354,CID4F9A43E0B154A8485
86100008,CI5D9AB55B34154DC798
97730067,CIC47784DAC1F248089C
97730290,CIE18D3949C3A8423BA4
97730484,CICF6325014599419190
97643309,CIDE060ACE8F124A2EB4
97730172,CI0750B19B1335439EBD
97730356,CI96FA69A77469417D88
86100009,CI2624F15BCDDA4F2794
97730069,CIE8878BB2DA964A6AA9
97730294,CIDFCCFF68CF1B440FA6
97730487,CI0FAFAF04D5AF4A7394
97732048,CIC41758A27B5248A0A2
97730174,CI71278D8F4CC4429C9C
97730379,CI3167290EF50146C092
86100010,CIEAC0329C74234C629D
97730071,CI6BBE2314AA6A4C08BA
97730295,CI4D1CF8AF48C74EE799
97730488,CI63B1939D26C047F8A2
97745795,CI9821E2B7355E4400B5
97730176,CIACAAA9137ECA4D0BB2
97730396,CIB060553E5E794B3284
86100011,CI330C4AE1280D4689BD
97730075,CI24EFB1E9FCD147EAB3
97730296,CICBA8267642F74178B1
97730570,CI693220CBFD83448A9C
38832157,CIC8EBA1B3114A430DA3
97730177,CIA215F9B2C8EA44F986
97730402,CI25622FA8C17C485891
86100012,CI6EDC79529BF0440891
97730076,CI908CA9F45439430FBB
97730301,CI0674F05FF63D46BB83
97730578,CI2470FA2091B6436D81
97717286,CI6316AE4651834F26B6
97730403,CI62D50DC0705B4D7EAB
86100013,CI59EDCAE07E1D43F5A4
97730078,CIC83B23910B7E427DB0
97730305,CIBA3F1E3CE82F4AA68C
97730179,CI85DAC72B727D4DA0B0
97730581,CI1211C652C75E49B691
97736044,CIB5704F95EC254ACA8A
97730185,CIDD845ADBB6B44BA885
97730405,CIAA289A2CB430464785
86100014,CI1307590F6D0646BEB4
97730083,CIEBB663CC213E4CD79E
97730308,CIE6309EDE4E0A43709C
97730582,CI1FBF8B9BF29E4EC697
97610919,CIF0DDA5DCD4514C838A
97730187,CI94628012EE404B4789
97730406,CIDBA96E1CC8BB4980A1
86100015,CIC9B79CF4A56441EF85
97730087,CI658F804990854B888A
97730311,CI9030FA10095241CA8A
97730583,CIC1672615D24348D0B1
38825966,CIC234E6F26DF6480FBB
97730193,CI3E7D3162CF5A48C5B1
97730411,CI01CA2267E52E45A4AD
86100016,CI28917B5907AE4C81AC
97730088,CI8CBC70A2D58D4049B9
97730314,CI993E7D891BD448F3B9
97730200,CIA9FF49F045A64D24A1
97730584,CI7020DAE889844A519C
97728628,CI8F2D5EEA839F4CE7A7
97730412,CIF52361864A534C5DBC
86100017,CIAE2F883018484C94B6
97730091,CI1431EA9AB9274BCAA9
97730315,CI123A8160F4284CFB9C
97730590,CIBA6C858DF48E450AB7
97728746,CIA25C53F7C8DE4FCE90
97730222,CI5883ED52EA6040DD81
97730415,CI3B94F546D92C493888
86100018,CIE1D1A9FB2E4F4FB188
97730101,CI1F88F094B6AA416BB2
97730316,CIEBB07694BC7A444998
97730595,CID31FA9D9B4664F51BF
97728637,CI9DE32BE8AAE8444196
97730224,CIF90A26D2C5C94452B9
97730416,CIF26F70ACBC6C48BBBC
86100019,CI68BED2AF6DAD4E55BE
97730105,CIC8F3C863C9E3488C96
97730321,CIE3F84C786C944E75B1
97730602,CI4C078CA0ED824D0B8A
97730226,CI0796BC20017E46B4AC
97728627,CI98C7F3D947FF4E9EA0
97730420,CI2BE4A6A4B8D247C387
86100020,CIBAD90030DBC446BB89
97730106,CI014C0691835D409180
97730323,CI13434AB5A5A84F9CBE
97730605,CI5CDB6772683A4CBEB5
97740936,CI7F720B435A2A4AB5A5
97730228,CIA37A8DA33B5645CD8A
97730437,CI8B5705D9463148DEAF
86100021,CI2A7E6955A23C41888F
97730107,CI2358269F5F8F494AB5
97730324,CIDF3E97B4D24C48CFA6
97730606,CI3C59692F0A784D02BF
97729179,CIB8B51FEE5FFD49B3AA
97730233,CI3640E2F65CF2477A92
97730445,CIC51B8D15998D4898BC
86100022,CI158192C2C5F741F8BB
97730110,CIC85F680C2BAC48B98C
97730326,CID23927230AB640E3AB
97730607,CIEC0B59DD838C47B08F
97728634,CI7FBA254C585C4721B9
97730234,CI7BDB25204DC8443584
97730451,CI4C6F124271CC4B3ABF
86100023,CI20A8BD5D113C4E13AC
97730111,CI58E2374A7BC04D9895
97730331,CI677C5529ACFE41109F
97730608,CIB0FED226E65842B386
97728638,CIDEEF28126D0B4186AA
97730235,CI732153A22F94472E93
97730452,CIADDBF865015A488D92
86100024,CI84D1DEB9C31C4E2A90
97730112,CIB49B3CEF282E4049B8
97730335,CICF0F0C8C28CF4A9DB1
97730615,CI90B2405C1BB440499B
97728629,CI4C2D70DDACD24D58BA
97730238,CIF40E739A2C894AF7B8
97730460,CIABD00653B7EE4CF6B1
86100025,CI5CE85955AE844976AD
97730114,CICB64BF9112CC42ABBA
97730336,CIB49E1D15D3E648FE82
97730616,CIF376E171C7ED4FE08F
97730002,CIAE4465F8F53948E1A9
97730243,CI89DF284ED83D4A03B8
86100026,CIC3BF6390B74B410A85
97730461,CI7EB9E0FED7F448E7B1
97730124,CI35D1EC40D852423AA3
97730337,CI21BCF34009D14163AE
97730619,CI83E6BEF2138346BBBA
97730005,CIE6FFB7A5439B4C23BB
97730246,CI5D62ED944D4E47D0A3
97730462,CI83515C7C85504FAAB6
97730125,CIA9758F6B4F44479EB7
86100027,CI8712BA3734D54CE0A0
97730339,CIE0BE6296533D4193BA
97730667,CI444E014B69634D6C96
97730251,CIAD73B2175DEC4E67A7
97730463,CICE7AFDCB789D40BAB6
97730022,CI922B48A88806497CAC
86100028,CIEEDDFAAF111F49AC80
97730126,CI2069E45E33BB45AAB9
97730342,CIA9E1ADB064D7453CB8
97730030,CID5D23D0988C1499881
97730668,CI899E503B8F994668AA
97730266,CIC667EFFBC391403F9B
97730466,CI8037C53072CB44968F
86100029,CI431AFA470DE44FF893
97730127,CI69311592B88744E7AA
97730343,CIF071CA663EA84EF891
97730670,CI2299997476774EE593
97730268,CIC9A834F5DFA641409E
97730054,CI918B70F952B842B2A9
97730467,CIDD8AD0A0A12140A595
86100029,CIC5145A57D23F403F9C
97730129,CIEE67DBDFB9924B50A8
97730344,CI2DE808F04080498CA6
86100001,CIA4F4AB656B2C4604AA
97730271,CIB4F3BBBD89BE443EA5
97730057,CI694DEF126EAA47A3B6
97730468,CI2D6C4085D331484F95
86100031,CI4DB9469B7B034ADC95
97730143,CI882DDB7F8701457780
97730345,CI80B58F39329E4CF38E
86100002,CI78616C5D5C4B4A0687
97730058,CIA64944041AE94ACD88
97730274,CI95B7AE16144E4DE1A1
97730470,CIFC62A24EF2B7440996
86100032,CI563D11ED00824463A3
97730151,CIEE115AD4CFE04053A8
97730346,CID1F9FD56BB744D978E
86100003,CI33CD1962A2C14A0AAB
97730059,CI51B3C74DC3EE4DD690
97730277,CI5239FC9DF7194DC8A0
97730475,CIA9B84FBA8B9A43B483
86100033,CIF646F2A10F18438491
97730153,CIA2E88111037242AC8F
97730347,CI3F13DAF2833247F3B7
86100004,CI540683B8AAD94BCEBB
97730060,CIA7BFFFD08A464AC89B
97730283,CICA19568085264F80A7
86100034,CI6357A0AF69D140A78E
97730476,CI9A7F23E510CD4BCA84
97730158,CI50949466E693405099
97730348,CI6F0BE6E71EBA45F192
86100005,CIE4D5749AA8ED4A40A0
97730062,CI0A92DBC5F0B045BA8B
97730285,CIC5BB4ADFE17F4AACAF
97730477,CIAAD8FDB99C9449B2A5
86100035,CIA927E5A18CC54AE9A5
97730162,CIE0890192279841C4BA
97730350,CI63714BBB53C4443892
86100006,CID12E60F07E55406498
97730063,CI333F42575F784F8AAC
97730286,CI083DC86D86164BFFB9
97730481,CIBB137601C2264F8291
97730167,CI9C3E3F2405854CFAAC
97730353,CI4F4A65AFA0284EF29C
86100036,CI92FD1188A62F4FDDB7
86100007,CIA1FB0535807A4460A2
97730064,CI056490BFBF374C3984
97730287,CI12A62F9805EC42A1BF
97730482,CI3CF46B97369D4208BD
97662981,CIAB6F716C990E495AA7
97730170,CIC30EBAD70AE645409B
97730354,CI335E314E8C974C988E
86100008,CIE3D1716A909E4E82A9
97730067,CI4BFE2FFE163B4C5694
97730484,CIE4403FA813E64930B7
97730290,CI90932A22517B4F8BB5
97643309,CI0D8D190C7369442CA8
97730172,CI3A77EADFE1DC4DBDB5
97730356,CIFBDAEBF3A3C94E528A
86100009,CI236933F9D07E4C72BD
97730069,CIDF01207A86354BBF92
97730294,CI3C9C5DB7969F45008B
97730487,CI4EC50A8EB22D4C66BD
97732048,CI41F791892E36460587
97730174,CI8518E7FCEE344A8784
97730379,CI430842102CDF4E5BBB
86100010,CI593520974DE14DA4BD
97730071,CI440301F8C15A4F2B86
97730295,CICE746F8074DE40EC97
97730488,CI3CE5EF6C8D9744D9B8
97730176,CI38B7E165D26E469294
97745795,CI788C0EFD21AD4D658B
86100011,CIC06AC7DCB53949A69E
97730396,CI795622029952442BB4
97730075,CID98092CF72B7412580
97730296,CI2559F2ADFC4C457684
97730570,CI83872BC5021A4BEBAC
97730177,CI6A755DD7268F411AA9
97730402,CID3F1C18658D84A9AB7
38832157,CI9EEF0B7768654453BC
86100012,CI077836C036314E2FAF
97730076,CIDFFD57E853C74E1CA9
97730301,CIA00496055BA542BFBC
97730578,CI359CC540F79843B5BC
97717286,CI5914983EDC6F437DA8
97730179,CID45867050B134098B0
97730403,CI75FCFBAEA56A488186
86100013,CI289665420D5B49A785
97730078,CIAAC5DD6096634C8EBA
97730305,CI9830E2378BEA49AF91
97730581,CIE5BF01E3F5E542EABB
97736044,CIA40D7B2A012548369D
97730185,CI322FD3259AD941E894
97730405,CI6AEF3E385093424D9F
86100014,CIE113A102575D4CA886
97730083,CI2C307F4019524FEB92
97730582,CI416FCA10A429444CA8
97610919,CI61F7221C5E2D4D1EA5
97730308,CI9FA8AC06412541CC9A
97730187,CID744C59BBA894BE69B
97730406,CIF52294FB2E5E434D96
86100015,CI9A53C01AD489441C8F
97730087,CI9C3644686EED42618A
97730583,CI16EB8EBC836E42E8B2
97730311,CI77A85E65FA264883A1
38825966,CIE8C48CA2DF53424FBB
86100016,CI780C640C1BF0479BA5
97730193,CI9AACAA0E483448BE84
97730088,CI7A220AAD0E5E4D0D91
97730314,CI4A35CC4FF983430194
97730584,CIE0D54657CB38425392
97728628,CI1EF29D72A4BE4BB5AB
97730200,CI146E673586DE4FC4B3
86100017,CI7775624678D846D990
97730412,CI80D3E674D0A64A2C9A
97730091,CI0314E926CD004F66A6
97730315,CI4D1EFDC5F4224AD9AD
97730590,CI52587530479245AF9D
97728746,CI361EDA4477094546B6
97730222,CI7B74F3107CC44DEEBB
97730415,CI482CDEF836C44ADBA7
86100018,CI6CE6AD8D2E12487392
97730411,CI98260E5566824BEBAB
97730101,CIEB8D67D5C9FA4DCA87
97730316,CI1C0BAA65037A41E295
97730595,CI8118042E6C3944CBBB
97728637,CIB961B7B40130493B90
97730224,CIAB9EC6BDC51C42B48E
97730416,CI061C016112994F7B9C
86100019,CIB987E2DF641849BBA6
97730105,CI01CDF5B3F14D4A0EAD
97730321,CI33091E25931A475AAA
97730602,CI2CACFE1870D542CFAF
97728627,CI38631B4E2DD048DEBB
97730226,CIE6FE565E9BE847738A
97730420,CI644821836F6A4B5096
97730106,CI655055CDE02245C095
86100020,CI91D9B1FB056A436E86
97730323,CIC66A8D7950ED46D6A2
97730605,CIC19C443F5CEF4043B2
97740936,CI7BE343D40D7A4226A6
97730228,CI8F454F78AED442018C
97730437,CIC48482FF2E094B77A3
86100021,CI509E7F6D9B314AFD91
97730107,CIECC948A6245B443381
97730606,CI757827B261844899B5
97729179,CI12E94142AED84CDD81
97730233,CI59F5636900E049529C
97730324,CI92E9F3D58A2E4A0186
86100022,CI093632FD18F44FCAAF
97730110,CIC03C613128AE4F7FAD
97730326,CID298F7062963436D94
97730607,CIB507D4D9FDA645078D
97730445,CI7499ED6301F841B0A3
97728634,CI0FDEF80CFA174EDE8C
97730234,CI592E53BDA33745ED88
97730451,CI1F505F8818194B56A3
86100023,CIAA4A8A1CBFFE41B589
97730111,CI5230934E21E84BD093
97730331,CIDBA4BFDA421E4836A5
97730608,CI07848BA931DF4F52B9
97728638,CIE62285AA5E254DE2A8
97730235,CIC74F99EB267942B296
97730452,CIDBE42CF6C2B64786A3
86100023,CI95E7502A3495425B82
97730112,CI915AB11FFD2242B482
97730335,CIA38FBCB322BD421DA0
97730615,CI2710D868E61C4EA78A
97728629,CI1527CE58D9574EE19E
97730238,CID16FC8A14FB347DBAC
97730460,CI42BF0E7CE24D477BA9
86100025,CI68F4A085B0574FFC81
97730114,CICD5887B53AC74039AC
97730336,CIA98C56B2E3124FB5B7
97730002,CI2AD2F156D346400786
97730243,CI1AFAA5BF9451426BAF
97730461,CI12DC7F54925443599D
86100026,CI6E24B52AFDEA422793
97730124,CI3AFA8C0E09A1482AA3
97730337,CIF30FF0766F0B4EB792
97730619,CI05F73DB2DF4C4CA191
97730616,CI9F934DE520D04033A7
97730005,CI7E552DDA86184BDC94
97730246,CIB6DCC6EFCEA641759D
97730462,CI12295B544FD84690A8
86100027,CIE5EEE2A5EA7745D0BE
97730125,CI42D25112F6E94C198C
97730339,CIAC1ADA4E162A462EB5
97730667,CI594E6EDDFD1E428BA6
97730022,CI3E882CCC51F94A4F99
97730251,CIA07F0CDC6FEE4AE0A0
97730463,CI54558840235F4589A6
86100028,CIADA0BE2E1B234BDCA9
97730126,CI5E78E103EE85447181
97730342,CIC7CD2281DFBB4119B4
97730668,CIC0846FBDE2FE48A6B6
97730030,CI468297E559F2446F9F
97730266,CIE30633E1728D4EEAA9
97730466,CI4C30ADD8112246E8A2
86100029,CIA404B3CE6775453FB7
97730127,CI20513322CBDA40AB9C
97730343,CIDF464E5B06054E00BD
97730670,CICF580A4742F446329A
97730054,CI45A40602CA2E4ED7AE
97730268,CI2CD8FDEACAE64071A4
97730467,CI587A3FEA660648A2B7
86100030,CI596AF5FDA5C847639F
97730129,CI3613D70EDC214E018B
97730344,CIED4BEA8514C64D59BF
86100001,CIF215968E2CB046F780
97730057,CIF0E9B2D35E99432A84
97730271,CI4F5C817457964D518F
97730468,CIB24554418D874B609C
86100031,CI55BB38D5A8684B2295
97730143,CI5B7D9EFAE6564F05BA
97730345,CID5585157655A461FAE
86100002,CI70D522F080454FF1B3
97730058,CIA27E956216394DE7A3
97730274,CIC477C3B7547D45B995
97730470,CI2EF349CE99B94D1BA2
86100032,CI4ECF6343C0C04B8AA2
97730151,CIE1A822DA77CE438EA9
97730346,CI54908F4AB2CD4B6EBA
86100003,CIB707AFC5A2D3455487
97730059,CI20623757F19E4052A7
97730277,CI241AFD0350C041999A
97730475,CI0237DD8F3EB84F03AC
86100033,CI5B9EF17DE2484D42A9
97730153,CI2ED1C51C9001486884
97730347,CI4B162AC25F8A4282BA
86100004,CI637FBCB304604061BA
97730060,CI0A2AD3AF54D541A4B3
97730283,CI0299F51B38DD4B0E8E
97730476,CIA040E2502F984BD69B
86100034,CI761FFE757B3046BBAE
97730158,CIE4D899F1C9D44290AF
86100005,CI109EEACFD7C343318E
97730062,CI66E3D13160C24E55A9
97730285,CI9BDFA6DEEFE14FE792
97730477,CIC650B22559F0477DB2
86100035,CI30FD5E22A319446DA3
97730348,CI9F67982A2D1D4B54A3
97730162,CI2F947797908B46EEB2
97730350,CIAFEE802B6DDF473ABB
86100006,CI3CE4A4BAE4654B1986
97730286,CI73617F7194794311B9
97730063,CI938D6068192B4D50A8
97730481,CI206BFA79F3D346219E
86100036,CI2F4C8C64F1C148BD8D
97730167,CIA216E2D502A34EF8B0
97730353,CI59CFB9AED47847B98D
86100007,CIEF2E11E0DB7C45E685
97730064,CIBACA937FB5D04BDF86
97730287,CI6906F40BA4034DF5BF
97730482,CI4F48A068C09B4E0389
97662981,CIABC40F8ADF0D4C7AB3
97730170,CI509D45D86CE646F9BF
97730354,CI1D8D9AF0FD814BC9B7
86100008,CIBF8C8E1DB700460A8B
97730067,CI5DA9CF6994F04E8F93
97730290,CIDD9BDAA607E74879AB
97730484,CIFD2705B5CEA347C2BE
97730172,CIB6E1F49B20124CB7A1
97730356,CID382034B76B64618BD
86100009,CI27B2A87F48794EB1BF
97643309,CI9BE90A4BD7514A5F8D
97730069,CIA194118D63144CFB81
97730294,CID9E6A9087FB34B70BF
97730487,CI4CB8F1B0978648D7A4
97732048,CI67BB7EBEEF204A9FA7
97730174,CIB555B41AACFD44E6B5
97730379,CI375988D523DA411498
97730071,CI42D717B89E2F422D8D
97730295,CI7C843824917C424BAE
97745795,CID3930A95FB964A489B
97730176,CID61497FDAB8C4E84A8
97730396,CIE4866027F20248799E
86100011,CI365F2E8342A04AFDA0
97730075,CI633FBB58032642A8A8
97730296,CID392BBCD59A842AE93
97730570,CI21D8F0290E674252BB
97730488,CI88E830195C9B48F39C
38832157,CI79999FB585844181B5
97730177,CI7DADDF92306B482990
86100010,CI9293B6A298FD4CCAA8
97730402,CI29C1036FEF304B709F
86100012,CID96B1E408CA8449DB1
97730076,CI225A1F45DF7A4B0EB4
97730301,CI539ABCE7A46B4061BC
97730578,CIE5C3C6388F4D4BB59D
97717286,CIF898688A25524649B7
97730179,CI877E3F3F53E3439D83
97730403,CI25A45C8C2FAE43C89F
86100013,CI3649976E8A174FEFB6
97730078,CI085569109FD24EBCB4
97730305,CI32E3783D4E084D1C9D
97730581,CIE945CEFB7BDB400FAE
97736044,CI3B51E4C8631845F08D
97730405,CI5F45BF68162244E8B6
97730185,CI9EA797E0AE9645159B
86100013,CIB994B091571740D2AA
97730308,CIA0FD95EA967A428581
97610919,CICD3B20E85DA6431A8D
97730083,CI72C66E6F0AD644F4BC
97730187,CI4B0073E951E2494D9B
97730582,CI8A47A41F07E14234BE
97730406,CIF5372CC5D6C54CDE8D
86100015,CIDAA8428005354B8789
97730087,CIA23796D0CA81452988
97730311,CIBFADE4B5FBB34C8895
97730583,CI781B01E017364E0A84
38825966,CIDAE5BB8FD95349D492
97730193,CI54B71314D20F402B91
97730411,CI6026B6E2237F417CB1
86100016,CI1BF7DE7E8DEB426A9D
97730088,CI89964662F2774997BA
97730314,CIFC8F2B0EE07E443FB9
97730584,CI59D0E2EE50BD43DDB1
97728628,CI3313A768A08C454CBA
97730200,CIDD0B8340C11D4D7FB4
97730412,CICDC0D504FEA743F5A0
86100017,CIAA94B5B07220433693
97730091,CI64075DCE65714D6BB0
97730315,CI029864D7FCDF4E1E9F
97730590,CI11F85D4BE19649BCA5
97728746,CI5AC8937FB20841F2BD
97730222,CI2BF6A74526A44C559F
97730415,CI02D951A54A0D4BEDAA
86100018,CIC915F3AF1C274DD788
97730101,CIA3FC24882027446290
97730316,CI800610180E794DAFAC
97728637,CIF7073179628D450B8B
97730224,CI15312FF38DE6418185
86100019,CID184E9402AFD4A0C97
97730105,CI3CAC1791A45E49CDA7
97730321,CIA24898E7147E46FA87
97730602,CIC630C1F8D88046D1BE
97728627,CI57466D74D158456292
97730226,CI6FF67785B255475891
97730420,CIFBBC5EB5549F433185
86100020,CI0224BA62081C48B495
97730323,CI360FF83F61324D4095
97730605,CIB545BBF5C00F453888
97740936,CI52D3F67A0C26489F89
97730106,CI682057F7E7DC49FCA8
97730228,CIBE1E80FF354E4EBDAB
97730437,CI1AE8608ACFE54FAD84
86100021,CIF1175A423F714817B9
97730107,CI078DB283BBCA4D4BBA
97730324,CIC4F49B16D97B427997
97730606,CI7738E9ECCE5740D4B5
97729179,CIF465AB5B2A2A44D490
97730233,CIC3885D817ABA4BA58A
97730445,CI8D9643EF1C284DA1BE
86100022,CIAC66ABE926FE4364B5
97730110,CIB63AF4226F684CF0AF
97730326,CIF0A41C5E0242473791
97730607,CI77B4BAD61D644CF0B7
97728634,CIA6507B1EE14B4F16AF
97730234,CIC11A4D644F95438DA5
97730451,CIFD7FCDCD40814804BD
86100023,CI4ED4C45958E147BCBF
97730111,CIB5183793603E4A2DA1
97730331,CIE4F022B493B44DBCA5
97730608,CIB4E4176510AD482AAD
97728638,CIF996C020F6ED4EC1B4
97730235,CI76EDEC4276C740ED9E
97730452,CI3DA2BC32DC3849D6BF
86100024,CI432F766E9773479B8D
97730112,CIF0AA901604F54576BF
97730335,CI81FE4EE090B24A9387
97730615,CIF1F9DA30A10145388F
97728629,CI6FBE8CB77ACA4DEEA7
97730238,CI8909C63D7073480A89
97730460,CIA57A9E4131484E2F91
86100025,CI14D6D5CA674149D7B8
97730114,CIA427E4DE3FB5465B8C
97730336,CI71E4593F5D744ED0B0
97730616,CICDCA38E677FB4FEBA8
97730595,CI947A26A440784CC19C
97730002,CI5EDD9CDEA1D7405B98
97730243,CI7E2D76D6D5AA4AC2B1
97730461,CI2CF3E7484DBB433CBB
86100025,CI124C9EAA11474F6E9D
97730124,CIBE4650DB46F044A391
97730337,CIF461DED43B1245559C
97730619,CI0DA43A346B224852B5
97730005,CI4A0EEFD4497F46A192
97730246,CI8E371513719A49E09F
97730462,CI7AC2433B02D0421899
86100027,CI8AFFCAB604F8424D95
97730416,CI97727BF09F1E44D798
97730125,CID36579021D5F40AA8E
97730339,CIC8B03F0BB3F14FD882
97730667,CI5E6B450EB46C454091
97730022,CIE4C256B5BCAB425BA6
97730251,CI141271EA91534CC9AE
97730463,CIA6773296EAF34A3DA5
86100028,CIAB4EF4E893374FFC87
97730126,CIBD7F2C095A7440D6B7
97730342,CI0AD82985A05549CAA2
97730668,CIF4525C0AED5D48FEAB
97730266,CIAB397727B50E4EC8A1
97730466,CI51B94CBFD440474292
86100029,CI4ECC756384104F13B8
97730343,CI1667C3EB2B7D4052A5
97730670,CI4A61144E1BA34AD887
97730127,CI7780F39EF90844579A
97730054,CI574E22CF62B54730A4
97730268,CI64ED041E1EBF44188B
97730467,CI5D9C43EFDAD647449E
86100030,CI44EE25AA8B464313A5
97730030,CI9FEB821C6CFC45DC90
97730129,CI74A5109B804844B2B1
97730344,CIEB1A0005C9724F61A2
86100001,CIA834C03378424AF0BB
97730057,CIA73A542315274DFD8C
97730271,CI1AF2E25C4DAD4F6D86
97730468,CI5981A2D3F10F48468C
86100031,CI16D3C035566A498EA3
97730129,CI3ADC3045641F4F1694
97730345,CIC2DBE4A112604064A5
86100002,CI21F4D15CA7E4407285
97730274,CIDE7A4F7663E54A91BA
97730470,CI10379736714A452892
97730058,CI7DB4194F80F64AE8AC
86100032,CI190E41E35AE5455093
97730151,CI709C4F056E234F0B85
97730346,CIFAD350BCFD6C448098
86100003,CI21344322B42D4CF5A7
97730060,CI612904E4D4AC4013A3
97730475,CI53685C0E690C4F9CB1
97730277,CI6E10105A8F024AB088
86100033,CIE7C977D208EB4C72A6
97730153,CI7E3D8D4126E54221B6
97730347,CI04170B298CAD49C0AE
86100004,CI9AEE8938729A493BAF
97730283,CI4BC879E0BB8E47E9B3
97730060,CI84D346FC6CE84BEEA7
97730476,CIC1A010FE6ADB4584A0
86100034,CIF74AA0BE13FA47BABA
97730158,CI3B28F186A21D4ACF9B
97730348,CI452145F0B1C74881B3
86100005,CIEC77216CEFA34AAE82
97730062,CIB60A8282CD30464096
97730285,CID61C09B83D17437DBE
97730477,CI9B38905E45D34FF889
86100035,CIFE1E62EA0FD942B1B2
97730162,CIA27250AE772F4648BD
97730350,CIA296D2939F094EA8B8
86100006,CI37E6614AAD47491DAA
97730063,CI42C829F16262494B9E
97730286,CI633C075580AB43D892
97730481,CI362DAEC6024B4F9AAD
86100036,CI3DABB1AA9EB448AF9A
97730167,CID37DAFBE6F324593AF
97730353,CIF5F6EA2592604563A9
97730064,CIDC09202BFF974A20AB
97730287,CI2CCAB23DEA5F43FE98
97662981,CIC139430001A44059B0
86100007,CI735D1A7C74AF4D89B2
97730170,CI57F6F9AF7C744C9F82
97730482,CI76AD423799224AD78F
97730354,CI6F9857F3B9274E55B3
86100008,CI6575FCEF408547888D
97730067,CI79C661AEE5AA480F89
97730290,CIA4469E2CEDC94B33AF
97730484,CIC0BCF61740FB4854A4
97643309,CI14B3AA26BE794CA8B5
97730356,CIA3ED41D715344CEAAA
86100009,CI372AA059B71E4FB3B3
97730069,CI484D7372C50C40A484
97730294,CI7A97C8DEA6DB41DA87
97730172,CI92A6047E25134242BA
97730487,CI79507789FA2445D18F
97732048,CI5BBE99EF87B74C47A1
97730174,CI046A9F0988374D6CBE
97730379,CI0F63912192CD4A4FA7
86100010,CIBA3DE91842004916BA
97730071,CIBFB23E61EE55458DA1
97730295,CI99A9F612F04B462B8F
97730488,CI2080E736ACDF4BDCBF
97745795,CIA36FFB81E59342D49D
97730176,CI6723651497A54F1397
97730396,CI9BDD3D14C86B4105AA
86100011,CIFA667005A53D408182
97730075,CI0F6E522A411C4451B2
97730296,CI04A1EC039277484186
97730570,CI1547A85D4FEC45E288
38832157,CI2838B610A4584C2B92
97730076,CIAE5B585B7676429BA4
97730301,CICDEF0902EDBA4A70AE
97730177,CI786F26F9B37A442C8D
86100012,CI8220CBF748EE4D3CBF
97730402,CI844F7872EFEE4433A7
97717286,CI8C95EC37E22741F99D
97730179,CIB93A4A1AC577463F86
97730403,CIB1B618A927CF4CA09A
86100013,CI42E1E9BFE0C8477299
97730078,CI03F30CC397604E9488
97730578,CI93416D0005194B6190
97730581,CI101051130CE54D4D81
97730305,CI992DBE0B6F0C45B380
97736044,CIF047BB84FF874B87B1
97730185,CIB65CAE3AD2F640DFBF
97730405,CIDC48DD6B5DE743DAB9
86100014,CI3082B33EC2AE4275A5
97730083,CIB06CC1BCD5204E50AC
97730308,CIBC03AE774E5340B49A
97730582,CICFBE2299CBF5470382
97610919,CI3F7335B1961C4D52B5
97730187,CI80B97AEBC7774817A4
97730406,CI57C73A979D5A4DD08B
86100015,CI224FAEA737584770BD
97730087,CIA13926EDAC464F7CBF
97730311,CI2E06D3A3D07642FEB9
97730583,CIDE45873C0E0D412CAE
38825966,CI936EF598B804478AA9
97730193,CI00A6150077FF4F2EBC
97730411,CIA466EBD9608C444D8D
86100016,CIE8C883B232F9496FA2
97730088,CI23FEAC9A0D2A43038C
97730314,CI24707D7F252F4CC6A5
97730584,CIE28B2302A7EA47B1B5
97728628,CI47D9C2F703E045D4A2
97730200,CI3C884EBE26FD4E0FB0
97730412,CIBAA1F5343D28406391
86100017,CI70D072B9E5114A35A4
97730091,CI4442662CF5DE4D0CB1
97730315,CI5E0F820799D8424389
97730590,CI142DD57F78A24F22B3
97728746,CID33F87E6C45C420394
97730222,CIE107672179BD45B8AF
97730415,CI796174DBC7754EC1B7
86100018,CIDFD0658AAFE44F4692
97730101,CICE82FC6D214B4D19B3
97730316,CIF3F2E7E7E5FB4B0785
97730595,CI3025D88C54AD4D698E
97728637,CI764134C09F4941F499
97730224,CI8E38E5B6ECA64776A8
97730416,CIAF871637BAF34B34A3
86100019,CIE00E9F8E66B84460B5
97730105,CIA13E723C323A4276B4
97730321,CIE268CE9BD94B4D50B7
97730602,CI8A67475F35654FDFA9
97730226,CI52AF55AA552F460781
97730420,CICB2ABA6FA6E64D4388
97730323,CI5400793764E949269E
97730605,CID7DBADF9DA6A407AB4
86100020,CI9A233E2D13534683B6
97740936,CIA77D424C5131485294
97730228,CIA27AFFA841DE4BCE91
97728627,CI9243B1930ACC4FC589
97730106,CI9714E121D1814A66A3
97730437,CIBAB24C3771C44B4E98
86100021,CICEDCE3B8072E47EFAD
97730107,CI0F32A1B385C543908D
97730324,CI78BCB2CFBAB0490FB8
97730606,CI41BE7836247C4A6CA5
97729179,CIFEB7A114E3FA4040A7
97730233,CIDB2F92B23ADB44448B
97730445,CIF457A37C56674AB2AC
86100022,CIC9A6CED9A9C648D49F
97730110,CIC5174E9268EF49BDB2
97730326,CI1306DBC545A3421A95
97730608,CI5B30A967514D4099A3
97728634,CI988F75D94982498196
97730234,CI066DBD2BB430457190
97730451,CIA825291B803844A0A2
86100023,CI71A48A43E5D14D22AC
97730331,CI41CC7F1B9E464D7C89
97730111,CI98805479A78D449ABE
97730608,CI5F8864C5197B4F0992
97728638,CIE0BC676C649D4EF4A7
97730235,CI3B55189970E447A5AC
97730452,CIF453D178951B40C581
86100024,CI50D19CE67B2D4281BF
97730112,CI5E4D8E2D00C1432FA5
97730335,CI7946F9A76F604C6C9E
97730615,CICA00983022A942B9A9
97728629,CI3C845E7A3894406892
97730238,CI52C701EB63294ABC88
97730460,CI8C63D213E9D6470082
86100025,CIB73ABB6ED7FF47C787
97730114,CIF66B2007DA504DA9B7
97730336,CI7B90869E342D4349A8
97730616,CIB16360DBCF174BAA9E
97730002,CI7684F97378694FE680
97730243,CI954FF1311B26409683
97730461,CIDF325138A0AE491684
86100026,CI0A6CF9565A634B2AA3
97730124,CI17DE38F36153474485
97730337,CI238D8EDEA5EE4A3DA7
97730619,CIB07B0EBCFAF74E5D9C
97730022,CIEC1D52F9277F42B183
97730246,CI1CC169AD32C24E46A4
97730462,CI93D7F6D524B14B098F
86100027,CI975356BF2B86485BA3
97730125,CI153C437C11CE4E64AE
97730339,CICAE63C54319B4CF1A5
97730022,CIEFCE58A7B884452092
97730667,CI8DB28737EF8A4C22B4
97730251,CIE412FC7504FB4000AE
97730463,CI06B447E975D24DC6A2
86100028,CIA9D96B45590B425EB3
97730126,CIBB11242213484B7CBB
97730342,CI824136EDA191439C85
97730668,CIB093AAEA25E6494680
97730030,CID203E51C6A5E4D9DB2
97730266,CI77D68F6EFCA74FAB86
97730466,CI8840272B60A14BD099
86100029,CIBFCAFE07B5414546A0
97730127,CI5D98C0036D7F4C66AD
97730343,CID8A19F868C7141F883
97730670,CI6A23C68DF20F43CC8E
97730054,CIB535E3D2C8D6402B82
97730467,CI27714D94685D43D087
86100030,CIFAF186F9EDAB4412B0
97730129,CI6E98B0C62C2244FDB0
97730344,CI19F097443EF24DC196
97730268,CI92C1452944EF41C58A
86100001,CICBA0FC6A37404F148B
97730057,CI34E0497BC2E142719C
97730271,CI14F0C50A076E4C528D
97730468,CIF8EF8F31A4C9439E90
86100031,CIB4CBA2A444EB427FB0
97730143,CI19FAFF54558C47ADB9
97730345,CI7A996E2908F34553BE
97730058,CI77F8203DAF8A4FF5BE
86100002,CI786D2B231E6343FFBB
97730274,CI3B81C5FF2F594DBD81
97730470,CIEECA09F5056746739B
86100032,CI157744F5B20F49E0BF
97730151,CIF6F6FA298E824E0B9E
97730346,CI20E29C3F26034C4FAD
86100003,CIA8793B4D9A4B4776AA
97730059,CI782515E7B9224A3295
97730277,CI799E5423030949E4A0
97730475,CIA5C599B6D0B14F7A85
86100033,CIC1F8D7710B4F498DA8
97730153,CIB5D4B17B42AE476EA8
97730347,CIC6ACC4B19DA64CB1B6
86100004,CIF91D25C8DF31480D83
97730060,CIEF295B7B46EC4F72AC
97730283,CIF225CEBD8D4D4ADD85
97730476,CI1542AA475E6742DBA5
86100034,CIB323F44D182A41FC82
97730158,CI788BCCB7EF4A482984
97730348,CI26953303E5FD45D1BF
86100005,CI7B3503EE2E4749F0A5
97730062,CI98326FE95FC548FCA4
97730285,CIB4A6B6ABA6504F8CA0
97730477,CIFF4D7CD49AD147ECB4
86100035,CI36587A40C2954A2DA0
97730162,CI5378FF03F223448F8A
97730350,CIBD2057667AEC4BADA1
86100006,CIBF1DC77F4C5A47C69B
97730063,CIFD7FB6910722458E8A
97730286,CI2A987593AE9245C185
97730481,CID8205C3DF04842F497
86100036,CIC0E8E248887A4B4DBA
97730167,CID99673D8D773478ABE
97730353,CIDC3B04D62A354DEB87
86100007,CIC2A05D9A467B4CA6A9
97730064,CIF4BC65EC39FE478395
97730287,CIA8B6156D78904EE792
97730482,CIBE68DB17441647068F
97662981,CI41A1B7275E10463D9A
97730170,CI9E12E91A922C42ED9A
97730354,CIB68FFEEF1BE9459387
86100008,CI127E350FEEA64BF2A9
97730064,CID448300A6BB5460CA0
97730290,CIB947A6C30648400C9B
97730484,CIC00DA0C40F7E4AE4B2
97643309,CI628CCAB59328446BBA
97730172,CI1EB623D0B0764C7485
97730356,CIC06639ADD8634AFAB1
86100009,CI993147C347494B02AD
97730069,CI2FD1D8640B59470BA0
97730294,CI32C7A2478BEF4116AF
97730487,CIC69301F52D51422181
97732048,CI2D880833A7874578AD
97730174,CI76A70B57BF7741CEAB
97730379,CI4A5103F25CAF4D089D
97730105,CI7C22F403F1CF43B0A1
97730321,CI20DF453A3E544C98BE
97730226,CI721A592010CE40E891
97730437,CIC5828345E7DE4E2B96
97730602,CI09A63A5170EF41B280
86100020,CI26671A07CC30446482
97728627,CIA00DD9012DF44C29AC
97730106,CI3B9992CAFD514C399B
97730323,CI81B535F412164AED82
97730605,CI63AEE73D761C49DF90
97740936,CI7F5A90C7E1EC4B79B2
97730228,CI77561EA52CE4478D84
97730437,CI2987B443FD9D4A65A9
86100021,CIE7FFDE480A32472C82
97730107,CI675BC303D4FC4C3EB6
97730324,CICF445BA458474462AB
97730606,CIFC141289997A4FEF8C
97729179,CI6EC8E101E0DA48FCA6
97730233,CIC3207B1A1F324E56A9
97730445,CI67374C12FFEB4BD581
86100022,CI5EB114D1334F47B19E
97730326,CI55129AD473DE43E08F
97730110,CI9C07C0B188E940B090
97730607,CIF139B6E776B647A4A3
97728634,CIEC61242AEC374BDF8A
97730445,CIE6D51F1C6A7F48BC85
86100023,CIACC6C8436D524E05BC
97730111,CI7E6953AC82B740AAA8
97730234,CI90AAC1686C03461592
97730331,CI7CA3B0DE53914FE08A
97730608,CI8385C0BB89D34F99BC
97728638,CIB70D7CCC61494FB387
97730235,CI17A7C2E4181E44EA86
97730452,CI1D06A4552B874156A3
86100024,CIAD827E0FDC4C41C289
97730112,CI3795268B71634702B5
97730335,CI485298D088D74BBB97
97730615,CI257DA652DC624558B8
97728629,CIC4216F9B2E594C5A8F
97730238,CI9F84141566574F369A
97730460,CI937E3E7309BF4CC28A
86100025,CIA3A60512B7D04164A1
97730114,CI0C118CBB88974E30B4
97730336,CI2667E5C521654CB987
97730616,CIABB35D5005084EDD97
97730002,CI21F385211522428292
97730243,CI5E05AB20AAD749F096
97730461,CIB6EDF739BD8B47D7BB
86100026,CI39F8E1D1E1E94218BA
97730124,CID28EECA37CD349B4B1
97730337,CIEE7560CF049547319C
97730619,CI169392B101484A1385
97730005,CIF2F284FBF85449FD97
97730246,CI548F182179B947AE9B
97730462,CIBB9810F3E81D45FDA8
86100027,CIE6C37505E98B4F06B3
97730125,CI11D9369AEF9B4E17BC
97730339,CI6F6927D82D3E49ECB9
97730667,CI2F261134DF09408ABA
97730022,CICE00835311824FDF9A
97730251,CI218C1E6B64E14888A5
97730463,CIB4FC1CB09EB14095B4
86100028,CI50F55838FB8B41F7AD
97730126,CI528E55927F7C431B87
97730342,CIB6E86105F2BB4B5082
97730668,CI1CE39546B80C4109B2
97730030,CIE7667326489E43CDA9
97730466,CIBC5F7362E9334FB093
86100029,CIEA4D28CE9782408E80
97730266,CI89647555536840D493
97730127,CIB265ED841BEF48F0B5
97730670,CIA895668F540949278D
97730054,CIB623EEE4B2DA4C92B8
97730268,CI6A723C186C0D43FA86
97730344,CI948B422697AC4FEF9D
97730467,CIA2C864F06FBB4DCCAC
86100030,CI69FD4731C8B74785BE
97730129,CIF67070B8EFD54617B2
97730344,CI28943B66261E4FD2A3
86100001,CI20B5DCF515A84488AB
97730057,CIE9A3F163A5A147BB80
97730271,CID8916A72AF41462884
97730468,CI7E8EDAEBEA4E495BA3
86100031,CI57746E8AD272410E8E
97730143,CI924EABBAED75434195
97730345,CI16EC51DA625B4594B0
86100002,CI36272E905C764DACB4
97730058,CI26CAF1B7823644B2B1
97730274,CIE5B59577E5954BA38B
97730470,CID728421C703240C8A0
86100032,CIB585BEA9FC8A46FC8D
97730151,CI42BC5660652A405AB7
97730346,CI56D26F4707C44BEBB1
86100003,CI9D5707D4E202410AA9
97730059,CI8F64747BA0204E0585
97730277,CIC55AA956FDD043DC91
97730475,CIF5552283ED724CBD97
86100033,CI29CA04DE11FC4DCCB2
97730153,CIB175DA233A764A5CAD
97730347,CIE164217F512A432DA8
86100004,CI95E3ABD385AD4A2C82
97730060,CI83E7170EADA142618F
97730283,CI898AC26E57F94E84B4
97730476,CI7B19AFD728AE4679A4
86100034,CIC93D4C42B1CB455F9E
97730158,CIFD85950920D347CEA4
97730348,CI248BB6F2CDB7432094
86100005,CI0EA128211C49447EA4
97730062,CI574BF846E96D4CE084
97730477,CI192ABE5C35C942E48E
97730285,CI675C5F05918343C29B
97730350,CIE1786AE8E83041C499
97730063,CIF98B555E9EB74985B8
97730285,CIFA65E7BC6BF14404A4
86100006,CI742CC27B74C74F75B0
97730481,CI528D2E3728134A4692
86100035,CI835F05BC82FA4273B7
86100036,CIB410485398504744B9
97730167,CIA02D55CB7D0C487EA7
97730353,CIE1CE3CC20E98433AA2
97730064,CIC668E920DA874260B0
86100007,CI9D48107BE6BF4331B1
97730287,CI1A74A149BAF14983A7
97730482,CI6B3AB8B4A398493299
97662981,CI35CF4B80ADAE44268A
97730162,CI954E6604946D41128A
97730170,CI59479F7CC13340E885
97730354,CI593D39A00E36422FA8
86100008,CIE51CF7D0AA6C41A284
97730067,CI719BA6287FBF4743B4
97730290,CIB543D9F2F40C41F6A1
97730484,CIA9CFDA6BBDCC4972AF
97643309,CIA81C90B0C51C4CAC96
97730172,CIBFB1BFC114A647DF81
97730356,CIF1DE0A5D76FC4762A3
86100009,CIE4EBE421ECC04433AF
97730069,CI9DA602AE0FEB4C46B4
97730294,CI789FEEABA81F44E898
97730487,CIF2EF5FC7AA344A54AC
97732048,CI5824050B490B4085B6
97730174,CI2D55C20B0D004B2B96
97730379,CI540F6A941CFF4E72BF
97730071,CI24A8097262874CBBAC
97730295,CIE5D010EFD58D47F897
86100010,CI72444CF113A84AAFB2
97730488,CI83A147D2F0B3413AA8
97745795,CI2D329083478F45018B
97730176,CIBB1A9DA17F05457E93
97730396,CIE0669251653D4945AF
86100011,CI3A733FF44CD44417A6
97730075,CI94395DA4643F47A7A4
97730296,CI8A979C81768A4AB287
97730570,CI2E1453BAA2C941E296
97730177,CI67D33BC5B86049C1B1
97730402,CI78731C0F184C4893A3
86100012,CIC8D955E4A4A6429E9E
38832157,CI8FC66BF453E94B3D9F
97730076,CIBA254EC5105C46DA90
97730301,CI6B0A19E5167B4F84AA
97730578,CI5A5AB4EB4E004AD5A7
97730179,CIAC99538F0CEA474D92
97717286,CI8926DE6F95B54337BB
97730403,CI875910E3135C4D5E8B
86100013,CI44750DA69E104EBEA7
97730078,CI7C51F79B4DAB45648B
97730305,CIA02E3B2FE351409080
97730581,CI0887F289D5FA461292
97736044,CI1C62B78262FB40238C
97730185,CIDB2ED5A3F594454889
86100014,CI2F6A0EF750394E65B9
97730405,CI9FA205F0EB4442E495
97730308,CI48BE0EECF8454EE18F
97730083,CI53B1935C67D846F28F
97730582,CI4F310E4B7099409AAE
97610919,CI143D0823487740AF81
97730187,CI102D12C151CA4E6497
97730406,CID791AC1B3B5E409B8A
86100015,CIAA5DE63DE4AA4524B7
97730087,CI3F83297EC0044CC38C
97730311,CI6453AEC0C31B4261B4
97730583,CI62ED57E7ACB44DA4B9
38825966,CI35032864CBE142F3BE
97730193,CIED9C834029DE4710A5
97730411,CI130BC72017CA403A9D
86100016,CI3190E10BA155402E91
97730314,CI6C4D66B080C5447CA5
97730088,CI8879F2FDEDA6480F89
97730584,CID015B622E89E4B6BBA
97728628,CI174C41118B584C07AA
97730200,CI7D5E5544C69B4CCFA3
97730412,CI7C034508C004438A8D
86100016,CI52895CBD3F1D4A8383
97730091,CIE8775727A11940C2BB
97730315,CI4E5141BA3CFE488785
97730590,CI1C520EA188C74AD285
97728746,CI8B1BF124A24943C2A9
97730222,CI7A3B9A2CDDAE4CB990
97730415,CI326B065713AE4DE196
86100018,CI7159A5E5698641529D
97730101,CIFDB70DE2E71540E99C
97730316,CI10A03E76A7CF4D1BA4
97730595,CI011258F9C1114E1199
97728637,CIAA26E0034F164AB0B8
97730224,CI9AAD7419DA3243D494
97730416,CIC882ACD153944EC1B5
86100019,CIF9BC96A9778D4E5D89
97730105,CIFE8CB731E43E411287
97730321,CI187402F5A3C74F5898
97730602,CI98BB279D0DD04726B4
97728627,CI86C4F6F3165D4710BD
97730226,CIA081E870F0CF451C9A
97730420,CI6DBF2F12DA3D4390BB
86100020,CIB846B24BF0DF422BAC
97730106,CIA7C409D2568C480D9F
97730323,CI0A57F93D1B47401BAE
97730605,CI5B97A4DC71E04EDA84
97740936,CI89A87E74AF0248028C
97730233,CIDE765D352E4446ECB0
97730437,CIA132CFBB96B444B28C
86100021,CIBA2464F0E8FB4968A6
97730107,CIC2724A81F6434D4D8C
97730324,CI525D8990948E4E439E
97730606,CI3822023DF38F4E3A8E
97729179,CIE7C585853FE74450A5
97730233,CIA5B2C1537C1C4B46B0
97730445,CIB0ACFF0C9BEF4E498E
86100022,CIC978A7ADBB8D4C2A83
97730110,CI597BF4A8E9434FE7AA
97730326,CIB178D1041C744377B7
97730607,CIEEFA46FAEB4E4730BF
97728634,CI71391AB02327443BAC
97730234,CIDFBB5F174E8E418597
97730451,CI2B8F9316C82649539F
86100023,CI7F85151B60D34447B7
97730111,CI0EC64E8453AB4A3995
97730331,CIA5C094E79E8045A8A2
97730608,CI2A9CF33E745C432FB5
97728638,CIEB58D860A7134DF2A4
97730235,CI21617863CA8B4095B2
97730452,CI44AE183609EF4630B3
97730112,CIAECA04E5454848C384
97730335,CI3EDD0E9FE6E54FCB8C
97730615,CIBE2DBD7ACE81413396
97728629,CI7F4F858F3D42413798
86100024,CI9FEFAA2B6A954170B3
97730238,CI567E46C61C8844C2BC
97730460,CI3D79B550CA9249DEA3
86100025,CI9D3CDA3B6D4346B291
97730114,CI5010C11D9F9B41B2AC
97730336,CI2B4E2FF441714DEC82
97730002,CI8BC1D6C6B4E84B08B1
97730616,CI806AFDC3D7884DACA6
97730243,CI407F7799FBAE488D95
97730461,CI327AC5B6FD484A6184
86100026,CI313B96D36B134B2C96
97730124,CI5D14A1A83FC24F8984
97730337,CI4FF13DC83B8A4AB78B
97730619,CI5324FE1CDA4C457884
97730005,CI2FEF3166BDD74F60AF
97730246,CI5BA906F36A4A4DCB93
97730462,CIBE83DDCB22FE434CBD
86100027,CI88E2A6B4234441B88A
97730125,CIDCC59594E86D4618B6
97730339,CI3FFDE7993BC64FD795
97730667,CI9025E428E984426498
97730022,CI48807E58142A4DA988
97730251,CI2E00F8E127314E7A86
97730463,CIB81740E3A63B47498A
86100028,CIF096CB4DC152429DBB
97730126,CIAC9CCDDEC642491BA1
97730342,CIF396567220084FE387
97730668,CI7F591576D8764BD896
97730266,CI76D597E867AC49F6B3
97730466,CIE4A0CD16E93C48D2B6
86100029,CI26C7ABB62AE243D6BD
97730127,CID247F8912DCF44C6BF
97730030,CI963196E2C41948B6B7
97730343,CIECD8425A96B048238C
97730670,CI8DDEE6AF9BD545138F
97730054,CI86C864D3EB2B4692B1
97730268,CI90961559B6B04D55A3
97730467,CI69BBE83D870B4B4CA0
86100030,CIF476962D84424B9D8F
97730129,CI4022AFD3B00E47E1B3
97730344,CIBE1D098D354944E7A5
86100001,CI9E91A4B48DD14866AC
97730057,CIEE654471D720409E9C
97730271,CI5DF0ED5E40384D9FB7
97730468,CIABAF8B4D8662400193
97730143,CI39E0E14B20A648D4B4
86100031,CI8D5B9DECD57F4930AA
97730345,CI1280DF0AC091468DB8
86100002,CIDC1E819A6FB44C1F84
97730470,CID802727B87A1499591
97730274,CI9A06FAAA58F34F888B
97730058,CI9478FBD13AB944ECA7
97730105,CI7C3112C6C2F944BC82
97730321,CI53E2DF9C1CBF4A488C
97730602,CI1EE84601024847E09C
97728627,CI582D4D05A8DE431C9D
97730226,CIE97B82E875B54E05AA
97730420,CIBD0FA4EF8EF245DCBA
86100020,CI4A86D1066F6F4688B8
97730605,CIBD9112D4F42C4A26B3
97740936,CI20387F2A5BE84B289F
97730323,CI64AE2CB1326D405FBD
97730228,CI55BE06E8180D4D7E9D
97730106,CI72D33041C79443C599
97730437,CI75B0F23F1307485CA6
86100021,CID9B415F118484D46B6
97730107,CI6634FD89D6CA484EAA
97730324,CI355DE5A142DF4230AF
97730606,CI4AEC2489A9CC4566B9
97730233,CI79A89C844CB34D5683
97730445,CI7B9513AD0C77401196
86100022,CI292290547B834DEF98
97729179,CI9E83FC86C59E4A19BB
97730110,CIDBE58C9644794A42AA
97730326,CIB9FB08E3117245CE81
97730607,CI7D8F35E1ABDE4E1186
97728634,CI6936B8D2C8244F0C9A
97730234,CI8B8B80E21AD149F696
97730451,CIBB2E7E5BC65E491CB0
86100023,CI016C7A285A1248BD9E
97730111,CI3950E9552360465789
97730331,CID5C332EBAA6749059C
97730608,CI0173955150084423AA
97728638,CI904565FC6A5B46F993
97730235,CI515094B2BB654F8B8B
97730452,CI4667CB3F94FB4DB6A0
86100024,CI3D95DD5602F649FE82
97730112,CI8807BBFD6B7846A78F
97730335,CI189CAB5F82ED46878A
97730615,CICE23A8952DD74FB695
97728629,CID196DDFDD2CB4824AA
97730238,CIDFDE6795633D4E7BA9
97730460,CICEF6DC63B24841C396
86100025,CI0C7ECC1F5FDF4CAA9E
97730114,CIE7BEB16278EB4EDFB9
97730336,CI2ABE6A1C76E44BEABA
97730616,CIB31717B4370A47C083
97730002,CID62CF9B02F754D22B3
97730243,CI61B9AA5E8AFB4FF683
97730461,CIE8F4AC21543946F889
86100026,CIDFD36283E49D442096
97730337,CI5797BE2B09084F25A2
97730124,CI8A4C6E54571C4A41B3
97730619,CI3BAE61862E07469494
97730005,CI55331088C04C46E386
97730246,CI4B55A096CA0B4DEBBC
97730462,CIC2F461383F0047F594
86100027,CI68EF0B705A4E4B399F
97730125,CI68736862F6B14AACBE
97730339,CI8DA8AA19EE7E492595
97730667,CIBA45C8477FD04C6FAD
97730022,CI112FCFCEECA04D9886
97730251,CI6EEE73DDBA2E4A63B1
86100028,CIB16108B58361469FB8
97730668,CI5E0363A007044C6694
97730030,CI0BE372F7BBEB43C0B6
97730266,CID17D93CDBC8341B19F
97730342,CI728C84762C70404C8D
97730466,CIEF37FA3C75B44038BB
86100029,CICF765452C08241D49D
97730127,CIB9324C4A23774C30A4
97730343,CID23999CDCC8C4F6CBD
97730670,CIA9C38C03160E4405BF
97730054,CIFECCDA39BA284B6286
97730268,CIC0FE622D2C574D7D81
97730467,CI7D09BA5CF8744112A7
86100030,CI26A91CEFD2CC4FFB99
97730344,CI5CFF1786C01D4447A3
86100001,CI8F1B81595C4F419885
97730057,CI12D4152EDC0E428C96
97730271,CIC8C1DF42B3174ACBB2
97730468,CI6C070A12DA334F90B5
86100031,CIE8A08CE98A1A4FEDAA
97730143,CICE16C3CC77ED462291
97730345,CIDA3AFAEBBE5C409186
86100002,CI660F3F15E57749A196
97730058,CIFACD66F06BF44C35A8
97730274,CI54972C5C209D494FA2
97730470,CIEBE1A4909AC643F2B4
86100032,CI36129CB69DB8486FBF
97730151,CI0E89D76954484F739B
97730346,CI5CA50F18412C473DBF
86100003,CIEF72BE7D74A547F589
97730129,CI9C8F85644EAC470E82
97730059,CIDCAB013EB4C94A2CA2
97730277,CI201BBEF6F968471FA7
97730463,CI9EFF06A30D954F198B
97730475,CIE36296858C4842C3BC
86100033,CIED2BD9E2C8B1488DAB
97730153,CI3E404E95D4634B81B7
97730347,CI476546C27E954E5880
97730126,CI9FD27F37F23E4F8CB4
86100004,CI59519E374DC846F5A0
97730060,CI6A978BC2A0944F90A8
97730283,CIEF7873AF99374B2494
97730476,CID7D5198037F444BAA1
86100034,CIBFBEFBD40EAF459491
97730158,CIA5725690520E4EC188
97730348,CIECD556411E764D659F
86100005,CI64A5F2AAF2E545CC8C
97730062,CI437989EED23B4F3FA1
97730285,CIDEB31AAE4947421F8C
97730477,CIEA8A02FB7EC64D728B
86100035,CI4F698FC812A44CE5A5
97730162,CI1113AA1DFBBB40F2B2
97730350,CI43E787B4D6684C1697
86100006,CI898778650D4C448085
97730063,CIBCBE7CBB3EAB462DAB
97730286,CIA185B667679F4CF5A9
97730481,CIA18A3027F7544783A3
97730167,CI4618B29A8CAA480490
97730353,CIF2885D213F944A65AF
86100007,CIBAE454E707BD4F23A3
97730064,CI280419DAF358473591
97730287,CI8AD868936C994FFEA2
97730482,CI1EB9ACFDCC154AD0B7
86100036,CI9713D633345E48F7A7
97662981,CI1267DAB2A99243F79E
97730170,CI4803EA3A50984454BB
97730354,CI0446DF7CCAA3423B85
86100008,CIB0D993FA27EA4CEFB5
97730067,CIF3ED835D9D9A42AA90
97730290,CI2053C28690514323B6
97730484,CI6280BC3DD0054EC6BC
97643309,CID06F9A7444644BFC96
97730379,CI32827C3A3C71476A80
97730172,CI83C3CDF35372458983
86100009,CID78E2F0210294C3586
97730294,CIC6237C90760549F6B7
97730069,CI85854EEAB742448998
97730487,CID7D11878B708416B84
97732048,CIDF880166EAC54F5F9E
97730174,CID3075D7953E04710BC
97730379,CI879F6E6110714C719E
86100010,CI043E092F938B491D9C
97730071,CIAD671B5183B4403E9E
97730295,CI617C78147E954ECAB7
97730488,CIF69C6C9922CB4E16B9
97745795,CI493C003E305F475683
97730176,CI206DD589A2E94E3FB2
97730396,CICA43CC13D5D24B80A3
86100012,CI0406C1953D4C4411BF
97730075,CIF31E26003AF647A984
97730296,CIA2FD28EF1A9C4DF999
97730570,CIDB234D4178724C5DBA
38832157,CICA06265B3D774C51B0
97730177,CIEA3734C6B14E4962BE
97730402,CI53BAC6A061F34D1FAA
86100012,CID5C7D17A77C44E20B2
97730076,CIC14B9F4D446D4D8CBF
97730301,CIB7D03281D25849FFA7
97730578,CI2094513932874DE49E
97717286,CI9A67ACB888454832BF
97730179,CI21FA9953AB5541D89E
97730403,CI47B563DE3AEF4976A0
86100013,CI57C2CC6E55FE423ABE
97730078,CI270DD2E5CE434049BC
97730305,CIB496D78976834AA884
97730581,CIBE75AB18464B4852B7
97730187,CICA02A732074641BC96
97736044,CI7A1AE76958744E7E8B
97730405,CID5267EFEC09247829B
86100014,CI9214841777474E08AE
97730083,CI74D58E9C30BA41E487
97730308,CI7D5DA9C1B32A40809E
97610919,CI1B3539C7C7B74E8798
97730582,CI9EC8C1D0AB174ED1A6
97730187,CIBCD23A51780C49AA97
97730406,CI31CC51F9E0234446A7
86100014,CI243B884813884A8CBC
97730087,CIDEBD888EB9C74926AB
97730311,CI98F7F7E381F94D7791
97730583,CI8A6ABE38BF2A44C8AB
38825966,CI43C631B44714431B96
97730193,CI9F0B6D5CFA36433ABD
97730411,CI4F64853708E9487098
86100016,CI5FD5C6EB5B834B399E
97730088,CIF6C8A7225AFA467398
97730314,CI86F4854D95D347E58F
97730584,CI062FF1DD995247AD87
97728628,CI09E11A6283314CD499
97730200,CIE69A106D67E44BCFB7
97730412,CI2B654F2171294787A4
86100017,CI11AF8619807045F098
97730091,CID7248CE1A1C04B3888
97730315,CIE5B193701C0E403694
97730590,CI76E164F8BBC84A83AA
97728746,CIFB97A156FC59402DA2
97730222,CI37934A1B0B4D485F93
97730415,CI15A6560E31F84CBCA8
97730101,CI3A0E573EAE9B49BBAA
97730316,CI5FBD47A9773F4F4E97
97730595,CI58CC2FDFE2EA41BBB3
86100018,CI98ED472D3A69465BA4
97728637,CIE3FA1975E8EA406E98
97730224,CI8B48BCCFA7E94DDA9C
97730416,CIC37780C77F864D8789
86100019,CI33251967AC2C401184
97730105,CI7C9B48564423424096
97730321,CI2CAA66ECC6F745EAA2
97730602,CIBCBF7802E6F3409AAD
97728627,CI5278213648D840EC9C
97730226,CIDA697AB12EAA4523A3
97730420,CI018F484477E9483F91
86100020,CI5BEAF266022D499DB4
97730106,CID13278AC4ED6416799
97730323,CIF6F15D808C084A3B98
97730605,CIBB84392098D9444E9D
97740936,CI37DC7462F38148AC8B
97730228,CIAE809B6AB55C411FAC
97730437,CIB6EFCF4E69E543D9AB
86100021,CI5A5C59E62B694D8EA9
97730107,CI4FB26DDB8E8345418F
97730324,CI0FF780A001FD45DAB7
97730606,CI5E4D1838DD9A4B2E87
97729179,CI4436BB12A7FD4E549D
97730233,CID6B7F8964F4B4CF4BF
97730445,CI94A7ED35B20C434E92
97730110,CI3590D8333D3D473184
97730326,CI077CC3140D274E77BB
86100022,CI937EC8D532054CCAA2
97730607,CI3EB8D2DF17944E0DB8
97728634,CI460912DC09364B4CB9
97730234,CI7C479B1D90844723BD
97730451,CI2255B7598D6A468C92
86100023,CI2386192D810243DD9E
97730111,CIDEB286891F80447DBF
97730331,CI6A9DE56FED51461ABC
97730608,CID78CD2FCA566419F9F
97728638,CI657E03BE56AB45838D
97730235,CI29418B97453E476FB2
97730452,CI2C34373FA72C492B99
86100024,CIA4078C9D67A643D9AB
97730112,CI87E320C2E6CC4EE885
97730335,CIE8C8583577F345E8AA
97730615,CIAAEAF5EBB5924944AF
97728629,CIFBD1F8AD8E034398AE
97730238,CIFF1020F9C3EA480CBD
97730460,CIE16FC43743A143CFBB
86100025,CIDB8D5D6CCAD246ED9A
97730114,CIE23D55B262E24025B7
97730336,CI2497019DA4D84007B9
97730616,CI2F5E1B2F6C8649E294
97730002,CI957DA10628FC4A1CB2
97730243,CI1412180CE462480C80
97730461,CI5F54EF821F234E5F89
86100026,CI06220B325BA44848B5
97730124,CIB3D39059B91A481E87
97730337,CIEB635C3EC1E04F9EBC
97730619,CIA567C381BA0643E48C
97730005,CI55767F977CE94156A0
97730246,CI4881F18E0F474A429B
97730462,CIA3BF26901FB842D288
86100027,CI7E9C0AF22543406B85
97730125,CI0A2FF2D6AFEE48F6AF
97730339,CIEAE6592CA40F4E6E94
97730667,CI028829ED33B1498FA4
97730463,CI4152B757E11846C98A
86100028,CI6A126765025943A891
97730126,CI41BBCAEB0DEE459E89
97730342,CI5B3FCF11F8924F43BB
97730668,CID727F08585CE40BB9E
97730030,CIA654A89E76D9495193
97730266,CI6FB13E9CF1074C2D85
97730022,CI91D8AFAC4F0E4F47B0
97730466,CI4740368E03644AEFBA
97730251,CI966BACA6CA4E42FF8F
86100029,CI6C335E2BEA784C9FB8
97730127,CI4DFF45D4D944465494
97730343,CIE595C1058A62462EAC
97730670,CI4BEF1CCB62054C7390
97730054,CIFDB0EE980C7B4E3A90
97730268,CI5A1BD5E7FFBD4AB1AB
97730467,CIB60413F3EB594E7A84
86100030,CIE2A7D622EEE94AF1AF
97730129,CI37C1D1367F694947B7
97730344,CID842B120DFBF433ABD
97730057,CIAC32B0295FF8456698
86100001,CI912E1F211E4243D99D
97730271,CI1C3B45DDC7E943B1BC
97730468,CIFDEE379E39A04A5EAA
86100031,CIDCC4FBEA30484F6094
97730143,CI2B7F074369C4490088
97730345,CI119CCF974AB748F090
86100002,CI5E7C2086CB0746678D
97730058,CIDED4E09DEDBD435EB6
97730274,CI251C8BC91BCE46A387
97730470,CI55F24083564744D6BB
86100032,CIF0D4921DEAA7471493
97730151,CIA0E8E12623EA4345A4
97730346,CI9F156010682B4EEEB4
86100003,CI1C46C3F2D29B4BA1A9
97730059,CI64BB816CA8B84128A8
97730277,CIFD9713BA8E3940A4AD
86100033,CI5267600E0EAE43529F
97730153,CIF1C8A9E3FBA2475999
97730475,CI85C09DC486A64ED0B3
97730347,CIA9EDFCFC212240A09B
86100004,CI5433004190E643878E
97730060,CI7E3C93751AEA42AD9B
97730283,CI91FAFFF5B31249DD9F
97730476,CIAE7AC412CD1B4B23BB
86100034,CI8E6DD6D8245F4CBDBB
97730158,CIE390EE186ED34B53AC
97730348,CI40B09BA9C9E940EAAA
86100005,CI80D4423CC6BF445A9A
97730062,CI0742A6160E53472884
97730285,CI79C829D725DB42908D
97730477,CIEB94CAE1F0D1453C97
86100035,CI7E352F96D953473B94
97730162,CIE790D5326C234594B9
97730350,CI147962356F5E4285A9
86100006,CI399A58C5FDF94883B9
97730063,CI0C680E62F3F74856A7
97730286,CI46442112BCD34822A1
97730481,CI593EAA8A49E944B7A9
86100036,CI62E73A955B304ADCAA
97730167,CI4490C48EB9AD41DAAF
97730353,CIDDF252C97A994B12B2
86100007,CI36FCCB52D5044929A2
97730064,CID9B316E3BCBA4B6BAA
97730287,CI98EEDD23E3124F6787
97730482,CIF1359121F6D94E7DAB
97662981,CI2F8FFD3F1342493EBC
97730170,CI5398EA3A6E8D4C7195
97730354,CI7305A2C916374C04B5
86100008,CI73238B89A6B842FA81
97730067,CIEE86C9B8CFDE4028A0
97730290,CID5E2FF6FE848423393
97730484,CI8A405F8E8D0143E1B5
97643309,CI3C91189E985B468792
97730172,CI187061C48446473BA7
97730356,CI3C9421CF14C149F09E
86100009,CID9BFE4CEC63B4222BE
97730069,CI589CC8803144427E88
97730294,CIF269941C060846AEBA
97730487,CI51E010EB6689413A96
97732048,CI775FB9E777D64B59B1
97730174,CIEB94F4A873C64F609D
97730379,CICB0ECE3CD5064098A1
86100010,CIA137DB685810403582
97730071,CI2A927949A39A4C11B1
97730488,CI18ECEDB6FCD44B6D9B
97730295,CI6303EEEE19CC411DB3
97745795,CI067BCB73FF7641DC93
97730176,CIFFEDD9AC4D974950B4
97730396,CI197555CA21414FCE80
86100011,CI2E240E6C30EC42C1A3
97730075,CI5E08240FD2BD4879AC
97730296,CIA6C5A7D20CF84EEEBC
97730570,CIF601DB83B48843009E
38832157,CI45B9904483D046FC95
97730177,CI948E4F82DEB74F1FAF
97730402,CI9379D9B6C49D4521BB
86100012,CI60507E717F1B4A3986
97730076,CI36CB492AAAF34AD7AE
97730301,CI4E1858C15B8A4ADD9F
97730578,CI15493BBAC5E749E492
97730179,CID99B103FD2B24EC8B5
97717286,CI48FD428DD97242E3B8
97730403,CIFB33C12A2E5043E895
86100013,CI3A6983CD77AD401C99
97730078,CIDD00F1C73BFE4335A4
97730305,CIC9ED972C7B114B23AA
97730581,CIE4BF5D42DBD04E55B2
97736044,CI156A2E2B11AA465899
97730185,CICDCF3AA126F84F9EAB
97730405,CIC384E066D2D5490BBA
86100014,CI8CD8D83974FA4495AC
97730083,CIA001E9C844FF4EEC8D
97730308,CI3D92EE578A1647458C
97730582,CIA3F88ED48B6E4BB7BA
97610919,CICBD7FE5667AE491DBC
97730187,CI8F5A89E476434FCC9C
97730406,CI313D7651AD94496E8F
86100015,CIBBC9EC92D2F04016AC
97730087,CIEF9926AEE1D449B688
97730311,CI70E5A59FF2904A22A6
97730583,CI64E0A17BA418471DA2
97730187,CICB02CAF4FF3D48068C
97730411,CIA823879B8B0A46D684
86100016,CIF64DC0F9C1D6413286
97730088,CI7AACA038371E4D578C
97730314,CI03F434D79F8B4D2A80
38825966,CI965A6823FF8D427185
97730584,CI6CD0C85353804B9789
97728628,CI39EA88CA525D4F5486
97730200,CI80EC0B931A274DB480
97730412,CIB139C4C88CBF401C8A
86100017,CIF4C323BDEFBF4EAAB4
97730091,CI649707235DD4467988
97730315,CI80DD73D34863467E88
97730590,CIE8785D3186D04E69BD
97728746,CI8098C2BFEFF04680AA
97730222,CI39CF2A97114540D182
97730415,CI3CD66FB664A448B1A3
86100018,CI9BACCD98B0AB4DF592
97730101,CI52C2AE6EA4234334AC
97730316,CI0FC2A377C58A499CB3
97730595,CIDAB0AE3C6AB147D68B
97728637,CI25EFD33A552F48FC80
97730224,CI23095F01FC584E94B7
97730416,CI04DBE72A84644E77B9
86100019,CIE33CB2474DF64D9C8C
97730105,CI2CD07A4A046E45F587
97730321,CI73B2605945B34C46AE
97730602,CIB28CD8C3B7074EF39F
97728627,CI6E098DA9F831429BAD
97730226,CI90D026CE241847DA8F
97730420,CI8FBE3D6E6B234C2F95
86100020,CI4A7ECEBDF0EC4B0D9E
97730107,CI9C48EB070A164537B5
97730323,CI56F29D65F34D4A47AE
97730605,CI453BDA54E7E5403AB4
97740936,CI2DEF518AF6A44F5283
97730228,CI12FA595B91DB4B228E
97730437,CI4765C777D288480B87
86100021,CI2AA8E4D9E1324F26BF
97730107,CI0AB120EC0CD04DF3A2
97730324,CI1B410F3440F74B70BE
97730606,CI42160FE1B50A441A9A
97729179,CI5E406690DC0B40DA92
97730233,CI01F934E5E86448F9B1
97730445,CIA752237A63724F0199
86100022,CI04E826D8713945A18F
97730110,CI9F36F5A0841343A8B0
97730331,CIDC933E79049F47DF90
97730607,CI0AE7AAEA114A482BB5
97730234,CI3BF7D7978D53445486
97728634,CI6EC22F460078470BB4
97730451,CI7D90B5B78E2648489E
86100023,CIC6C595E6C0AF403899
97730111,CI26305C05F37741E1A2
97730331,CI163C85321F994BB9AC
97730608,CI1BE7BF3D5B6E41B7BA
97728638,CI0F6A9508B6DF4EF3AD
97730235,CI1C1A1515911A4191AD
97730452,CIEED80052683D4D639A
86100024,CI42F98E38B9A747C3A9
97730112,CIB12D3B9C933D4C5DAF
97730335,CI11788693F9CD4D299A
97730615,CI7CB23CC4BA24446490
97728629,CI04E02B232FBE4455BC
97730238,CI58B5F12C35624A58A1
97730460,CI7D8744100AD041B7A5
86100025,CIA859102AFDA54E58B0
97730114,CIA79B2BC2F337496993
97730336,CI6398D8576663445087
97730616,CI2C608CED2E384DB18D
97730002,CI13B0F2D2CC274C4AAA
97730243,CI79C976DE41C84CEEB2
97730461,CI28147BEAA31A436881
86100026,CIBDCE60A96766459EA0
97730124,CI84A3049540B2476DB8
97730337,CI79A0D99BDCD34C039E
97730619,CIE6B9A15BECDB4DE582
97730005,CI1948E8F2A5324AA0AF
97730246,CI5C24B8BA660B47C98C
97730462,CI93E430A6E16B4061A0
86100027,CIA47D9C80D8464EE4A7
97730125,CI69508D68AF93486F9D
97730339,CI0D282078026A49949D
97730667,CID510A1B7EC8B428CB4
97730022,CI9F892678018243FCA1
97730251,CIA17841BAC6FC49F69B
97730463,CIB01A5E0062094DDDA0
86100028,CI5AFFB41BF6B04D7BA8
97730126,CIAC3E52FC1C344FF4B7
97730342,CICEEAA05F7922408BB9
97730668,CI7DA4A9360B5645E8A8
97730030,CI360AED92F4C14FF6AD
97730266,CI572949AA27614D4FA4
97730466,CIA185474BD16046A2A1
86100029,CI0670512B8FFF40C198
97730127,CIB78691D6413A46E998
97730343,CIDDA866CF196C498E89
97730670,CI4D8CD6598BFD41729F
97730054,CI2320C5036A6E40659B
97730268,CIB44F6386F81F45F7AE
97730467,CI0EB00411F3F54E169A
86100030,CI70A9EC688F97403393
97730129,CI266FB31A21C64537A8
97730344,CI00C3DADF37674FD0A7
86100001,CIBFE525EDF8AA4B7E86
97730057,CICF5C725C98E94F62BC
97730271,CID80AA327D3B94B8B97
97730468,CIF64FC78A431C4A3CA6
86100031,CIE6994CFD1B754B5986
97730143,CIC0BC30E12C9541BCB7
97730345,CI082AEFF5C6B944EC8A
86100002,CI0D8F431B53F5419097
97730058,CI776A74CD47FA4F5AB9
97730274,CI4B1F969812F946DB8A
97730470,CI749B97C1451E4A0781
86100032,CI929D3CE2C2B0482A84
97730151,CI1847E6B316B64B2AB4
97730346,CI83EAD1EC3E3B4A5789
86100003,CI0C388471C292420498
97730059,CI4A327D5C282A4B26BD
97730277,CI42FA1CD0009842E390
97730475,CI5EF44D2BF92B4D36A5
86100033,CI8BC7A4BEA36E45B786
97730153,CIA8795197F77343EBA9
97730347,CIFF920968A695491987
86100004,CI901E778435FF45A9BE
97730060,CID3ED251011A047FC86
97730283,CI1DBBA7C6408547DFAC
97730476,CI8FE54BA9EAA14F6F98
86100034,CIFA16B2C352804E4DA0
97730158,CI77788BC127C244E58B
97730348,CIDE1BBFDE0E6E427599
86100005,CI78089C27F274488BA6
97730062,CI19DD7C38BA434920AE
97730285,CIE3AE0F4B0D2E4A5C8A
97730477,CIB70A3387986E49859D
86100035,CI0B3C1CC88195453181
97730162,CI79658117C1DA4017BA
97730350,CI76BCE30B0F6B466E80
86100006,CI63B94400DC9040F6A4
97730063,CI84B5DC5AE80443B99F
97730286,CI8319D4BBE71A4A91B0
97730481,CIE0C12D38D0A14E0083
86100036,CIF0EFC9A2261A44E19E
97730167,CI63BE9846040540A694
97730353,CIB5D74ECEEF4249F792
86100007,CIC048B9802E1644EABC
97730064,CI2BB1F4E6AD364252B8
97730287,CIE9EAAE2C655A4A5EBE
97730482,CIABD4ED986B25496C82
97662981,CI0C64AA8D98C647009E
97730170,CI434D52D8B86443A68B
97730354,CIA5F88757D06043DBBD
86100008,CI0D32755E67394907A8
97730067,CIA9CAAEF674DA4FB280
97730290,CI9247674BFB6E4258AE
97730484,CI5F37FBC2CFDA485082
97643309,CIDD35921075AC439B8E
97730172,CIA5FB5195BA24453C9F
97730356,CI5843FF8CD0C241A2BB
86100009,CIA7067EF17ABE4B7896
97730069,CIEA199B62C989409A89
97730294,CI890C44C324BE4413B6
97730487,CI862E311BB5BA468C92
97732048,CI979419FE47B44E0A88
97730174,CI1D552B7D69B6437987
97730379,CI3AAAB897D69D4330BB
86100010,CI4DD2CB8C71C3489AA6
97730071,CI512CA39911E74A689D
97730295,CI12E27A10F7284073B4
97730488,CID977B5E63D074DD7A8
97745795,CI6846981034FB429681
97730176,CI2D55212EAF4F4CE284
97730396,CI8D0079A0240A4CD38E
86100011,CIC28801DC976C47D9A3
97730075,CIAE9DA2BF2FC14B7F95
97730296,CI9B8919D3604F43298A
97730570,CI055CB1B025E34F88A2
38832157,CIBEBB1BBD0B274E67A5
97730177,CI5BEDF9F1552A49A79C
97730402,CI36187CE2732B4D75A0
86100012,CID4394BD3254F46B4A6
97730076,CI4552FE8A087D41E68C
97730301,CIA552A972247F4BEF88
97730578,CI8C2C1F6DE05044BDA1
97717286,CI22BD1C1F6EF748E897
97730179,CIEF8FBCA4AB904F1DA9
97730403,CI6CC4CA28E33A418E8C
97730078,CI4E9CD9ADE8BA4689B5
97730305,CI05A7F49C7DE2479098
86100013,CI87A1C5BC575646AEBC
97730581,CIEC528DCD9E024DA583
97736044,CIFAB0159A3026478CAD
97730185,CI1ACB2943F30C47A6BC
97730405,CI00579F018FAB474486
86100014,CIA936F94BDFC0429CB5
97730083,CI034896EE0CFC4315BA
97730308,CI5E69793AEA4E407783
97730582,CIE74856DCD8A149B4B8
97610919,CIE300C816119644D9AC
97730187,CI7C5B3713DAC648718D
97730406,CI581E1B119E774B6ABC
86100015,CIB3013BAB202947A18F
97730087,CI53209D84A962499296
97730311,CIB757FDBC1B0F437D9B
97730583,CI5471661CF9464F2288
38825966,CIFDCBB6D61A754139B3
97730193,CI0A74DDC3754C4FC0AC
97730411,CI18BA2D67C420449497
86100016,CI7C512DEFAE554372B1
97730088,CI80D93B4C6E0C4375B1
97730314,CI1FC7B35441244507BB
97730584,CIFDDF826CBFC34A848C
97728628,CI096056E16E3A46C989
97730200,CI9FF3DD41FBE5430092
97730412,CI58FB9AA8F7E44042B0
86100017,CI44817DBF043644E5B4
97730091,CI5E48990874CC49A496
97730315,CI90F830A8119A41E2A7
97730590,CI81B40CE79B82421983
97728746,CID574104FA92947FD91
97730222,CIA59E0C1EEF2843539A
97730415,CIBF0105CA094E47B0B5
86100018,CI7B4841F2132E4A4096
97730101,CIEF01367B907047209E
97730316,CI4D30ECE74E8A4E6EA5
97730595,CIC431A61BAC2D4C6D91
97728637,CI649D9D26756B4256A7
97730224,CIE7DB1215CE9A4D699B
97730416,CIA530D7C854874AFAB0
86100019,CI802FC00A777C4718AB
97730105,CI4EC41C0FC4BB41FA9F
97730321,CI9A1F3C6405C64CE8B5
97730602,CIA8A1B0A2369F479F86
97728627,CI05D211F3D4434E918F
97730226,CIE2217E412F1E4B0AAB
97730420,CI2D979D9986884B4EAC
86100020,CI14636A14603742E3AD
97730106,CIF0E74DAD12654EE7AA
97730323,CI7AEF5348051B4E7696
97730605,CIBF3FCD06ABB14606B6
97740936,CI4AFA6BEB40074EEFBD
97730228,CI7DB524F946C940958B
97730437,CI88C582E4537B45FF9A
86100021,CI884052845BF644769D
97730107,CID8112C553BF24D84B5
97730324,CIEAB5C01C877B46CDB0
97729179,CI883F0202F3F54A2BA0
97730233,CI5B392E995B64409BA1
97730606,CI92DC0184FE304012B4
97730445,CI25E69B4628EF44E68B
86100022,CI39A288D33180474C8B
97730110,CIB06D2361284A438D85
97730326,CI45667185DE4D4C819D
97730607,CI8FCE53606BF94937B9
97728634,CI9C082C233D9C4D64B6
97730234,CI7AB989A0CE504FE0B2
97730451,CI4AB549AC809842AE9C
86100023,CI1FC0FFF413774385A2
97730111,CI87FDAB64EBDC46C18C
97730331,CICDC04DA9E0F94D4E96
97730608,CIC4BFCBEE2FE842D59F
97728638,CIF11C101EF5334BFC8E
97730235,CIBD1F31DAD10F49C08A
97730452,CID93FC810F9E0455E90
86100024,CIFAE7E8C76C424233B3
97730112,CI5D37E3F78183432DBC
97730335,CI6AEE6054D1594FECBA
97728629,CI4E5A0FD71FD440B7B6
97730615,CI9FF3A4D47B4D4C9781
97730235,CI16135703EE084F67BB
97730460,CI13CA23683005477EA9
86100025,CI903D9AC82658446293
97730114,CI95AF14C2218047C1BD
97730336,CI64B0F8EED6664F4E81
97730616,CI0EB1284C97B94D68AA
97730002,CI5A396F9781D2457BA0
97730243,CIE455633641EE438CAF
97730461,CIC5EA5535E44940C78B
86100026,CIC51CFD27FB324D6FB7
97730124,CI01F3008AF88743A6BB
97730337,CI2D9737DF1B6C45C4A6
97730619,CI1CEE1EC1F0E04C09AA
97730005,CIA4CDC5F83D9440BDA0
97730246,CI6A55C9F1564C4207BB
97730462,CIEED7562785BC4E66A0
86100027,CI26C44B15A3314C64B9
97730125,CI2348077D9D034617B5
97730339,CI41BBC03950E64BC8AF
97730667,CI62272A15FCD34D41A7
97730022,CI5C8ED82676B44A10AD
97730251,CI9ED43E46ADA34897A8
97730463,CI13FA7EE0F506440091
86100028,CI935D9C211745449DA5
97730126,CI29894DE1F88249A989
97730342,CI88E7A9F61D9540BFBF
97730668,CI2BCE5FD49CC84E9293
97730030,CI28B1C1FA57914A39B2
97730266,CIE186F6B53ECE46D094
97730466,CI2E34BFF9FD664A0999
86100029,CIA1447DE2B8DD4D8CB8
97730127,CI8F4F2B466C8E49D280
97730343,CIC3D687941766430B97
97730670,CI7775910DE43942D0A4
97730054,CI41925D436EDD4A448E
97730268,CIB33210498FD1427289
97730467,CI8AC355ECF80F49AB87
86100030,CIE81EF5C5E9D54E6BA3
97730344,CI5017F21DD3FF4F9888
97730129,CI9D58E6BFF1344A26B5
86100001,CI634A847DBE1C4133AC
97730271,CI753F95E08EF84F6884
97730468,CI5C32B70255504880AD
97730057,CI939BA4054E5D4DFCB1
86100031,CIAE95C549C49C4994AA
97730143,CI7DC6D30DF35D40FE80
97730345,CID480437B520E4415A3
86100003,CIB0ACE0C92CDF4C3BB2
97730058,CI9B84DDD187654166A7
97730274,CIF3A7C2DB5F4443F4BE
97730470,CIE02033FCCF22430EBB
86100032,CI41E72C5A2FFF4AB982
97730151,CI01229553FC564555B2
97730346,CI22C705E988E44F0F97
86100003,CIDA8393D12EBA47ACB0
97730059,CIB9141D57DE0E492BAE
97730277,CI151E379768424DEF90
97730475,CI7B55199EAB0C474996
86100033,CI26818931D42E4A759E
97730153,CIAC5DB90EFA5B45A885
97730347,CID06DD857EF2B41AFBB
86100004,CI139A8F51AA9D4D4EBD
97730060,CI450D9D70DADB493B8E
97730283,CID4F0557E5737457090
97730476,CI3F97C397F1994F09A8
86100034,CI3E55CC60138C4A8C96
97730158,CI1182E8926B464FB1A8
97730348,CI4CACDC68AB7C41029D
86100005,CIA3C99FE6A7624B66B8
97730062,CIB88CEADBBF3F4C0AB0
97730285,CI3CC8C488C398406CBA
97730477,CI42435EBAEB5D4CBAA7
86100035,CI96C528052E4E48099F
97730162,CI22EB2F36249A4F8AB2
97730350,CI6DF75EDCE5A44222A5
86100006,CIE2516E5999D8499DA7
97730063,CIF8DB8C6D2F8E409E9A
97730286,CID6AE31B18BBC4BD0AD
97730481,CIF8646B6B8F1F4C9399
86100036,CIA34D8FAECF62414C96
97730167,CIDF115D541175488AA8
97730353,CI0641E354F5E54FBB9D
86100007,CI4025D95461C14BF5B9
97730064,CI7286BD5E92354C2091
97730287,CI21F34CC8541C4A90AF
97730482,CI0CFEE001F0DE420BB9
97662981,CIC9CDA941BEFD407E8F
97730170,CI07B715D4A46744F9B5
97730354,CIDACA5C0513E94CC2A1
86100008,CID7855833AA1F48809D
97730067,CI35DDE9DAB8FF496482
97730290,CI1FCA3DFF2D5B4B33B7
97730484,CID8C3F06A15F14142B3
97643309,CI846EB1DCBDBF42B78C
97730172,CIF711ED9382F94DE48C
97730356,CI63D10BF44F4B4D5787
86100009,CIE773DDF5CD8448518C
97730069,CIE21EB6D312054B4F98
97730294,CIA37290B1A711438A8E
97730487,CI74EDC220C69B4EBE90
97732048,CIEAD8A0BEF031495A9A
97730174,CI9CF68D4AFE9D4751BD
97730379,CIEBBC0CFAE3884D6185
86100010,CIE7F95B59D84843C486
97730071,CI8895E790F0BB4BF5AF
97730295,CI11463207F0144E7F85
97730488,CIFDE1D2AF54B24DDABC
97745795,CI709CD9C75D0943BE85
97730176,CI93BCC23A22684EA09E
97730396,CIDF2682B79A564A0A8A
86100011,CIA2D6E0FC678F43E783
97730075,CIAEFEB8E055FC472691
97730296,CI1C1BDC7D2745487588
97730570,CI4A862CED019E4E0492
38832157,CIC67FB26B790247BB9B
97730177,CI82AAAA5C7F4143A997
97730402,CI55B014F5FD734CBF80
86100012,CI52F9D29CC8A845E5AE
97730076,CIE51537E3A7F44FAD9B
97730301,CICAE27831FDAE4FF88B
97730578,CI2382848CE90C44A4AF
97717286,CID7BF812D4B8248338B
97730179,CI7B57795604AC4C629B
86100013,CIFB20853118104FB884
97730403,CI7AC05EA62C5D4B478C
97730305,CIE20263A5A2694A26B0
97730078,CI78002E13629348E7B1
97730581,CI262D2DE0809142A5AC
97730185,CI292BB1119B164ACBA0
97730405,CIDA3FE0D541DD48D78B
86100014,CI658CFD8A5D314245B8
97736044,CI8E7395D2FF4740BB95
97730083,CI965282E888834BB0B4
97730308,CI65DDB7E437C54410B9
97730582,CI2C070E68100F415693
97610919,CID8BE4C82538A41A0B1
97730187,CI09603FF53D114B3FB7
97730406,CIA67383E121BF44FE94
97730087,CIE11EA42C5F6047EDB2
97730311,CID3F198413DD24C01B6
86100015,CI89694B6253D24AE7AE
97730583,CI7E7C6774752347D9A8
38825966,CI39D82F4BE49F43D997
97730193,CIFDE732F2079344AF8F
97730411,CI2A33EFB7D0634ADEB4
86100016,CID2D25EF8B142408BB6
97730088,CIE82056FA87F0491BA1
97730314,CI96ED82650AE741F484
97730584,CI4D58BEDF5D4C49ADBD
97728628,CI617E76A1F8E84A118F
97730200,CI4440AC60E6D540EE8A
97730412,CIC99707162ABC48208B
97730091,CIE6EC73314E964046AE
97730315,CI69D075D07FF14A5689
97730590,CIEAA4128010084536A6
97728746,CI8795CD08AD834E9499
86100017,CI89B74EFAD9D2438F97
97730222,CIB126B05B03F647D0B1
97730415,CI2FAFEF78192C4A01B1
86100018,CIE9BD6B55ECE04F5EB1
97730101,CI3102C8557C51475384
97730316,CI6C9ABF3C92084D658A
97730595,CI2FBE00E98B6B41EC8B
97728637,CI4228D7E2623D48BDA6
97730416,CI5654AD904D214718BF
86100019,CI839C05444BA94EE6A0
97730106,CI229C57647BD4433B9A
97730321,CI0F8BF26490334CD9BC
97730602,CID1D443E0EB1044F98B
97728627,CICF41D9201D0A420ABB
97730226,CIED15C0E915CB4E8C98
86100020,CI57BD1FF0783A494E83
97730106,CIC621ADA6105A4211B0
97730323,CI27715C8D83344915AB
97730605,CIC88156B60015490699
97740936,CIDA8B3532FE654B5B9C
97730228,CIB0143B103D35468588
97730437,CIBE7A861DBEDD45199F
97730420,CI96FD9F0F00CD44BAAE
97730224,CI97EE72B2B023413AA9
86100021,CIB1CC928D4061498296
97730107,CIF1E1FE028BA4481CA4
97730324,CI162E25F94AB54D1793
97730606,CI22FB956690A848A6A5
97729179,CIB6D9D686C7D7404583
97730233,CIC020AB9AA4684549BE
97730451,CI3CB25FC926064CBB85
86100022,CICE7E537768E14A0F90
97730110,CI6024093E2956439CB0
97730326,CI5F12BA9A8CAC44C9AD
97730607,CIB0A0824F529D40C5A8
97728634,CIEAD3C46936E74D7C95
97730234,CI4083FB7561B64C05A1
86100023,CI7BC4839B7B7C474CB7
97730451,CI9B824887A5DE4837B4
97730111,CI9F302C21F0EB4C83B5
97730331,CI75B48A6221FE4E6BA3
97730608,CIA287F50380FE4166BD
97728638,CI606C229175934AAB89
97730235,CI146A3F9526CD4E3BB7
97730452,CI5E681382685A4C09A5
86100024,CI6FEA224C040C4B869E
97730112,CIDFB4CB0764F14F8382
97730335,CI63F7D81958C54DA0A6
97730615,CI3C36EA89CDC94F6D8C
97728629,CIAEF82E893DEA41329B
97730238,CI2AB9F8D1F5A24AA39D
97730460,CI11573D3F4C454F239E
86100025,CI01683F6F091047C19A
97730114,CIC64B2EAA1CAA4E28A8
97730336,CI5A222444A99B422CBF
97730616,CI0ECC0B6BACEE455696
97730002,CI6D73E70E63324F7A9A
97730243,CI92933C0A42834240AE
97730461,CI5FB7B8C55259489282
86100026,CI5016D41D1A5D4EDF84
97730124,CI5B8570CCE7EB494E8E
97730337,CI6C84E4879B274DD49F
97730619,CID84A3ED2343542E8AF
97730005,CI38C969FD7C9F4F8FB1
97730246,CIFA9D3932B5584694B8
97730462,CIBA55FBCF6D5E4F58B9
86100027,CI838334802CB243F4B4
97730125,CI954E2F94A3824DC4B7
97730339,CI1C18A6B343B048C9BB
97730667,CI51217BE7232847F288
97730022,CI837401F38BDB4F868A
97730268,CI89EC372D86174D24B9
97730463,CI2F37F473EAB54C338E
86100028,CI7BD375B9288E4C2887
97730126,CI816EF6851A2A49F09E
97730342,CI8D427B56EB134226AF
97730668,CIE50CC3A8192E4BB3AF
97730030,CICCA4EF7D9046436580
97730266,CI5F391E8BDA6E456099
97730466,CI3A9AA5A11F144995B5
86100029,CIFBABF2ED1D7D401995
97730127,CIB635E005F3FF4BB584
97730343,CI25C430CD21C4456692
97730670,CI44C7A30A870C4F1A93
97730054,CI13CAF05319BD485288
97730268,CIDE6D0C82D0EE402BA4
97730467,CID60642C4EC774F10B6
86100030,CIC3AD9C6884BC4756A4
97730129,CI721CC52BC027439B8F
97730344,CI7ED90BD8930A4F4A8F
86100001,CI28C9E287ADF94899BF
97730057,CI135B70B9CDB3427298
97730271,CIDB8848B3358B440F83
97730468,CI7C327D6341744D3698
86100031,CIE1F75B9BE4084276BA
97730143,CICDCF45C4984843F389
97730345,CIE44FA8A2E9DF432382
86100002,CI9EEBF341D9BD4AACAF
97730058,CI038FDBD83DCE4C6DBF
97730470,CI608BD600BC074BF5A0
86100032,CI0F94CE45633947B6BA
97730151,CI099B209CC5A745FCBB
97730346,CI28B5EFF386DC481CBF
86100003,CI24C561164C5B4E72A5
97730059,CI137445840EDF4E3493
97730277,CI5287A095E1904208BB
97730475,CI04A5D46AF8BF47C5A4
86100033,CIF70E0FB3727D4147B2
97730153,CI1227B6DC2DBB4EC0AF
97730274,CI88B1348F07C643E690
97730347,CI70147AA77E1E47DA99
86100004,CIC91C5C3254F74CC7AC
97730060,CIAD7C133BFCDD4E9882
97730476,CIFDB1619B28184269B6
86100034,CI545F1E0149AA45E6BF
97730283,CI8DC508D605C641E78C
97730158,CIDC99B671E54C436C9F
97730348,CI784BCC3D45E443AAB8
97730062,CIE0EC61C0F6284DE39F
86100005,CI8AF508A33D1141EA89
97730285,CIF8223B5B48484CE88C
97730477,CIA8B96D2D27CA4F39AD
86100035,CIB0C5A18AB84143CB97
97730162,CI3E4CC48662AD4CD69B
97730350,CIC975A218B9084723A9
86100006,CI678E036FB1AC4DCD93
97730286,CIA66A2AECB3534D78A8
97730481,CI0B47601BFE3A41A284
97730063,CI85B9FF46BA384BC09B
86100036,CI626095C7D0A64CB291
97730167,CI393DF27951EB456981
97730353,CID55C81C18881423981
86100007,CIE88CDA306C174512B2
97730064,CI244B592D135049809A
97730287,CIA92414751A57417790
97730482,CIFE6060036AAC4016B1
97662981,CIED2A9F2EEAE54DC0B8
97730170,CIBDF06DF27DAA4BDCBB
97730354,CIB4AFDE3D294548519E
86100008,CIF4E39BB3606D40FA8B
97730067,CI5D7F3A59D0704A8E9F
97730290,CI8C203D54321D4498B6
97730484,CI5DA0A0B623784CE1A9
97643309,CID2313334565A45B293
97730172,CI7B5DFC01103C4DA5B9
97730356,CIF533A48B2A6943EB8E
86100010,CI1995DDFAE7CB43E682
97730069,CI7CD8FE5121964A6782
97730294,CI0E75420D02754E2A8E
97730487,CIDE992021711A42E0B9
97732048,CI6A9F79F0F8AF4D0C8B
97730174,CI7B3EF77FD79D4BDAB0
97730379,CIC775E4B503654D998C
86100010,CIE8C016A076384733B9
97730071,CI826DDB53434C426FAB
97730295,CICADDC616200B493EA2
97730488,CI8F121E206F5544B3AC
97745795,CI1BA8CDC294134FB883
97730176,CI00795B5A6FB7488B9E
97730396,CICEC086CD27704FBF8D
86100011,CI63C578B20882430D9B
97730075,CIED9D90B21AD641F3A3
97730296,CIE61CA80CCBC943CDA0
97730570,CI40542E99E8AC4C9DBF
38832157,CI3A8F1D59EC104C13BB
97730177,CI17933F10C6144A5494
97730402,CIB92EE5C91FB84756B5
86100012,CICFD4C230876F4A61A0
97730076,CI1B674A096F02423A89
97730301,CI3A9BC9C48A26472C90
97730578,CI29D2F357FF03467B9D
97717286,CI2626DEB210AB425EA8
97730403,CIABA9979FAF6449DCB2
86100013,CI084F0DE08BFF4E2B90
97730076,CIEF4E884A0A5B4A75B2
97730308,CIF43F9D70307044B5A0
97730581,CI182278CC8415430BAD
97730185,CI303A75455F884059B1
86100014,CIFE3F0D69CE48405EA7
97730405,CI74B1F1E4FC6940D591
97730083,CIB84941D9391C4451A1
97730308,CIFECB439DD22B4986B7
97730582,CI58157E4A114743748B
97736044,CI888C4E827E3048D0BB
97610919,CI4846E63DFFA04A3B9C
97730187,CIDDE20165AE054D68A8
97730406,CI14A8208FA91E45BBA9
97730179,CI95B4F2DA47284467A9
86100015,CI4212B34CF3914FEE9B
97730087,CI50EBCBAAE3E54C8CA3
97730583,CI32440DFDA269452699
97730311,CI8196CE8FE2174ACDA5
38825966,CI18CA501334154D1CB4
97730193,CI897B286C61564C18AF
97730411,CIF49EBE1DCA8849BBBA
86100016,CI1B71304B9CD2498881
97730088,CI5848F16D79D84A09A0
97730314,CI09A644FD221F4646AB
97730584,CI5A602B3C3D364F7584
97728628,CI530DEBE0BEFE4154A1
97730200,CIA103F4A3694D4C4BB8
97730412,CIE671D96BD0FB4240A6
86100017,CI9F9E67E1636549AAA9
97730091,CI3A0729181F9C45129A
97730595,CI54F35A86C7104C709D
97728746,CID1EB736785F9404CB1
97730222,CI6CDE3594A394456BA1
97730415,CI1AC5B192C11E4AE684
86100018,CI052A072DB5824932B3
97730315,CI86B64CA7F38144D59B
97730101,CI13EE8021EE784437AE
97730595,CIEAC77027E8314A70AA
97728637,CI7AD2ED323E7C41EB87
97730224,CI63E1B51D01594FD4AF
97730416,CI79A4087ACA0C48C5B1
86100019,CIE4C694BA174E4011A2
97730105,CI46DB89BBB8704D9EAE
97730321,CICDCF936CCC39494196
97730602,CIF42F703CB24C461A92
97728627,CI878425AAF22C4AC0B3
97730226,CIA396DFE7285741D5A5
97730316,CI9905C4A40DC74472BF
97730420,CID4E7696334E943A1BA
86100020,CI480D230CE940424A9D
97730106,CI5B6248D0E04B450181
97730323,CIE82149C74A0D4F66A9
97730605,CI629A6C40190345FB83
97740936,CIFC10534804594F0DBE
97730228,CID850F92F579749C98F
97730437,CID1C785A6C5F24BFEAA
86100021,CI2A2533DBCEB84AE49B
97730107,CI1EAFB7BF9C4C44F2BB
97730324,CIF2E71284C05B44FC94
97730606,CIAB091638890F47A791
97729179,CI46A4723A3D324881AB
97730233,CI6933146371A14DAE8C
97730445,CI00F6C9CC87264F47B9
86100022,CI5FDD212E1656475FA2
97730110,CI181916DF19864F34B4
97730326,CIA62A5A1AEB244026A4
97730607,CI3B3A2A0E232C49DABF
97728634,CI3D1351ACF85F4388B3
97730234,CICBEDBFB5297D405EB8
97730451,CICFE9BC0050244B2A9E
97730331,CI5421F15F1643452A8A
97730608,CI55B6DDC1B95441ACAF
97728638,CID825A83A6A5740EEBC
97730235,CI3257256803B5446590
97730452,CI6EB1C9F8BFEE44EDA7
86100024,CIB6DF6FAF33D34FD1AE
97730335,CI4D368136552A4C549F
97730112,CI6542A23EA4834AE2B0
97730615,CI01484CE449F245759A
97728629,CI494DC900F9E94E9AB2
97730238,CI0CCE235B4651454C86
97730460,CICF4FC36AABBF476BB2
86100025,CIE822F4041C4A4014B8
97730114,CICC7401DB06124FF3A8
97730336,CICF29E9FA2A79496BB9
97730616,CI864405B397004D54B8
97730002,CI9BFE06B858D6451395
97730243,CI2BF9364E4B944BE387
97730461,CI01C4320437EF469A97
86100026,CIB0AE372DE7CF437DBD
97730124,CI8464377043E048D3AF
97730337,CI6C8A05D27D444A258E
97730005,CI1FD5C1424EA44956BA
97730246,CI73468833B3364E169B
97730462,CIF625C23F44DE488E9A
86100027,CIE3CE5D9754BD4A31AF
97730125,CI7FB76105753D475986
97730339,CI4E60D69D796D4BDFA0
97730667,CIC75E2B7D7EE04573A7
97730022,CIB7C528CDE7774E9BB6
97730251,CI9C1770A4C47F43808C
97730463,CID25690E0446F416FAA
86100028,CI1B19954E21C24B2BB0
97730126,CI35A784D86C4C42CE91
97730342,CI8F5A0A6E5ED8410792
97730030,CI1C66F7583AF64D3F86
97730266,CID4FF4782EE1D47FFA2
97730466,CI605B339F8F5D490E9C
86100029,CIE1D68936272F46339D
97730127,CI7A52BE3822F94A478E
97730343,CI00A4AF0489534A8B81
97730619,CI95EDD2B63641421B85
97730670,CI7472B9A162A7427F92
97730054,CI058ED1BBCF5D4735A4
97730268,CI8D88CD608F0C42AFA9
97730467,CIC2E755B6BB844FAE8C
97730668,CI97DFA0F5EA4F47D2B6
86100030,CIA56F176B684A40E9BF
97730111,CI9722B143B1B14AA2AF
97730129,CI378F84719C9D4F9890
97730344,CI08FBA71E8B2D48D1B1
86100001,CI4B6924087E8F42F2B8
97730057,CIB841DF32765D42BCBB
97730271,CI6516C50A8CCE415192
97730468,CIB6F36D4FE51E4F579F
86100031,CIAF85B3E470EB412DA1
97730143,CIDB5C300F576B44199D
97730345,CI2B4F3B1098554A1EA3
86100002,CI081F06DAFB474C5F97
97730058,CI521F72E5BFD8450E8E
97730274,CI47EDFF964D8A4467AD
97730470,CI4A8675B948BC4C0AB8
86100032,CID1E1E9899C264E85AD
97730151,CIF8B85205571A48F7B1
97730346,CI0F64A4ED509A4B9D85
86100003,CI3E93526F595E4284B3
97730059,CID0E8F1645FA9471D85
97730277,CICB3F54E093E643DDBE
97730475,CI4FAE9381A1D44CF181
86100033,CIFF9ED0E95361454EB0
97730153,CIB5806E9FDCDB409DB5
97730347,CIE59600BB69C9457F84
86100004,CID7C95CDB8C454FCC9B
97730060,CI124D25C576FD47D4B5
97730283,CI44543DAF16434446AA
86100034,CIFE41824DFAA54EC8B0
97730158,CI755D81B2E27F48D888
97730476,CI8604A6E5E61E4DA780
97730348,CI28900DB16FF64C0197
86100005,CIA23D518F73B6462DA9
86100023,CI988A736686364B2B98
97730062,CIFBD80A352B9D453BAF
97730285,CI2948F44DFE6A4F5184
86100035,CI59FB6953FE314687A1
97730477,CI7982393F126D4CCD8E
97730162,CI7E8CC792B2B040E588
97730350,CI1257EDA97F7E4149BD
86100006,CI3E764AB3E88A42A5B5
97730063,CI30624C6C639449A1AF
97730286,CI3AD3B69F50934A82B3
97730481,CI295B7E42593F4DAEAB
86100036,CIAB995D4A73C1490585
97730167,CI46B8564DBF594D89B5
97730353,CIF429886D633D40AA8D
86100007,CIA10E4CBE400B46798B
97730287,CI0972A34D5C4049FFA2
97730482,CI7572C35153B0477885
97662981,CIA0D6AD0440894FC9AC
97730064,CI9B7A83F8100A4EC995
97730170,CIF39F7AF181EF4421B0
97730354,CI77F5573AB6CF40FC8A
86100008,CI9C55743CC8D346C4A3
97730067,CI1154B7A7D8F64DD59F
97730290,CI35407620D8BD4F848D
97730484,CI0099FBABCDF34D6AB0
97643309,CI43AD3D78E27A49E591
97730172,CI2A4CC380850F4A1AB7
97730356,CI084AD69C79AD45DCB5
86100009,CI4FC162B3280547EBA5
97730069,CI8BBBF8B9F254462E99
97730294,CI8BB2C27B5BA44BBB8A
97730487,CID4832D0E5013494DB5
97732048,CI94392BBCE83D46749B
97730174,CIEDF00763A7D8458481
97730379,CIFE5CB364FA314B4F85
86100010,CIEFCBA506567F40DF98
97730295,CI40E8C7C786DC42DCA9
97730488,CIAF8CAEFBBD77425285
97745795,CI204709CEC7834E3380
97730176,CI5C484D71AFB6488189
97730396,CI23CDF7E0DDB7442698
86100011,CI34DC72F56B21485E9A
97730075,CIB64D5477FCEC4E1DA0
97730296,CI8CCA67B9D6474154A9
97730570,CI6B18CA345C36419D8C
38832157,CI3A97634F5CF6435D9C
97730402,CIFE3E304A3F8E44B6A3
86100012,CIF69D0ABEF87E4F8EB9
97730076,CIB24974781396467EA2
97730177,CI9B632B4664FF4A58A8
97730071,CI9C0D6691AFE54913B4
97730301,CI23F058759D2A4EF691
97730578,CI4C7F183CC58F4BBF91
97717286,CI5D570CAF76BD4831B2
97730179,CIBA5E4BF319F64E19BD
97730403,CI316A6B4168444E59AB
86100013,CI8026D38B6A8A46A49D
97730078,CI8E7C333A805E456DB4
97730305,CIFB157FF7041F4A5FA3
97730581,CIAEAAFA33A538448F83
97736044,CI7C9A8D1B5BFD4FDFBD
97730185,CIE9593526F5864CEF84
97730405,CI0DCB2D989EB34CAB86
86100014,CIEAE600CF3FCA42BF85
97730083,CIBBC73B08AA724E8F8F
97730308,CI3BF70ADD44F64D3292
97730582,CIEDA6364E04B74A0B97
97610919,CIB93F38901583436598
97730187,CIF9206617F1744F7B87
97730406,CI39F89C93BB404E918B
97730311,CIAA57186EC988477B84
97730583,CI69D1E75F74274F8E9D
38825966,CI8C219130A0F24CE685
86100015,CI9027FD8AEA304DEBB6
97730193,CI51F4C12E467946C3AF
97730411,CIC586CC98E4E44DD281
86100016,CI298E7FE61F8B4FF1A3
97730088,CI4911E4FE0FD840C2BD
97730314,CI678259C61E6748B8AC
97730087,CI98D581C860FF4C88B5
97730584,CI94839E55BB664A06B8
97728628,CI1E1D344278BD4394BC
97730200,CIC6660FCCE4B64E1984
86100017,CIF87133C4E14D407F9C
97730091,CIF4BE95CA60364781A4
97730315,CIE3C828B530CC46DC97
97730590,CI704BD8B30E49480189
97730412,CI9FD679742F724BE8B6
97728746,CI574A542FDFA541A4A9
97730222,CI100F122701B3442288
97730415,CIE8138C1B491C475B99
86100018,CIE08B98C805614A16BD
97730101,CI83403078FFF84A13A3
97730316,CI9C3A21A9451A42C5AB
97730595,CI41C58DAA194848A2AC
97728637,CI41D167901A5C4D2CAE
97730224,CI1F4B401BD2304DD096
97730416,CI2EF6E0B29D4447169B
86100019,CIC5EDC9A25AD34F0499
97730105,CI475C4E64985144FD94
97730321,CIBB9AF40236B047A186
97730602,CIF568FEA210ED4A1591
97728627,CI977D826A6EE441D98E
97730226,CI023DF1D48B6D4FC4B4
97730420,CI2064984BCFB447D3A4
86100020,CI10846A1BB2D4473BA9
97730106,CIB9792CD86544443D95
97730323,CI55C84BF3710542CDBF
97730605,CI2F8AA9763E4A492092
97740936,CI3529CD1A9891434F9A
97730228,CIF9322A54011446EEAA
86100021,CIFFB8D1C8E83D4403B6
97730437,CI8E456170FB4A4EE59C
97730107,CIF1F48FE2F0134FF4A4
97730324,CI718BB0D874224D44AD
97730606,CIBE17F9257B024143A3
97729179,CI3408C6BEA91D4711BE
97730233,CI6641143B1E084F6282
97730445,CIE9C840486BF3483493
86100022,CIAD1B3E793D224E2AAE
97730110,CI9B84CAAF390548E69A
97730326,CIBED76CE6114742B5AB
97730607,CIDEEE331485BB4DE783
97728634,CIE64ADD3801E944B18F
97730234,CI3FD0E8B5424E4A45A1
97730451,CIA06DEDB6A12E4286A4
86100023,CI04149297FF234D9C80
97730111,CIF9DC660A907A4EC986
97730331,CI102195B64B944E53B3
97730608,CIEB09A92878B84AF1AE
97728638,CIF0B500A5ABF3418E9D
97730235,CIC654271A48FF4FBC80
97730452,CI2A38517F3C974C259E
86100024,CI91BC01FAFC404C1C9A
97730112,CIDFFACEB74055499AB9
97730335,CI3EAB5904B943421693
97730615,CI9ADCC56F933D4576A2
97730238,CI564DEAF1A4FF45E6A7
97728629,CI97A71738069A4359B7
97730460,CI6EC39EA793EF48009D
86100025,CI398F2590DAD747EA81
97730114,CICC649F571C164212BE
97730336,CI3F09890F84A1456CAF
97730616,CIA6C1F643BCF848B982
97730002,CI6C6741282A53494991
97730243,CIAC97459E89BA431B80
97730461,CIA923D0983CA1454A84
86100026,CI33BF6D48BB154F4AB0
97730124,CI6CAC2B7C47D2425B81
97730337,CI66A44B3A5A0147CB9A
97730619,CIB29D95B9EC9A470C90
97730005,CIB3C194AA7131448990
97730251,CI4C7242FF5D794BAAAE
97730462,CI8D8E91B5F9EC4E3B9C
86100027,CIE1DB59D470A441D583
97730125,CI7809A8873B814A2595
97730339,CIE4386ACE4351451E9A
97730667,CIF0EB7D10EED94EB583
97730251,CI195B2150109B4A94A5
97730463,CIA8338A370FEE496585
86100028,CI160F0F80C63440C0B3
97730022,CI95E0BA5E03084A02A6
97730126,CI84D38132DE4A4884B4
97730342,CI88396EA6CBF14BE59B
97730668,CIA11E81BBB43742B686
97730030,CIB3E15AB81BD14735A2
97730266,CIB1FA6507712843BA9C
97730466,CI29ED53935B0F4E28B6
86100029,CIBE77B270E7EC4B3AB1
97730127,CIA1284B973F03465FB2
97730343,CIA74F4219738049B5BA
97730670,CIE728BCA7C4D049B892
97730054,CIF1DE0EAE5D6C4241BE
97730467,CI81A3E2EBD1684D21B4
86100030,CI75055AE9C22C4C0BA0
97730268,CI96BD46CB01DE48158F
97730129,CI6C8050402BD64D3A83
97730344,CIAE515F9A26294C3EBA
86100001,CID249DCE518034C2FBD
97730057,CIF2DE0C5385B2443F9C
97730271,CID923F1B0F970417EBB
97730468,CI317FCBEC94184E1AAB
86100031,CI7FBABF40D2A54D0E81
97730143,CIB4BFF00E919F46E9B0
97730345,CIC0CB22E9A73344B5BF
97730058,CI6DE3B3A6EC0A47E7B5
86100002,CI892A071EF3F243C581
97730274,CICF03C9A176614649BE
97730470,CI6B6C777DFA564A9CAD
86100032,CI72E6403657A4439B86
97730151,CI3D1388988FCD47EC89
97730346,CI9D119539078C471F9B
86100003,CIA3ED2B257FC148ACA9
97730059,CID2CA8BD3BD9D4A0DBF
97730277,CI0A653D6FDDCA42A981
97730475,CI0F4FB86E4F7A4A1BBE
86100033,CI43E33414493F41D297
97730153,CI4399148455644FBE9C
97730347,CIA39856A3AD4F48EFAA
86100004,CIF9AE47F79C644C8C81
97730060,CI20EE8DCC186A4FFC95
97730283,CID31799D4AC164617A9
97730476,CIDC788136AB674C02AE
86100034,CIE669FC07649E494094
97730348,CIC82B684B4A244789BA
86100005,CI1DFCC37DDC384E8D8A
97730062,CIA7DFEFE1AC704036A3
97730285,CI6ED27389A32A49B5AA
97730158,CI9CB5F2B4228841C68A
97730477,CI6BD67C90720E466A81
97730162,CI6A67D97518324E68A9
97730350,CI63010EE5BFC547BC84
86100006,CIFF1DD167C4AC49EDA4
86100035,CI964190C6C3E3454E90
97730063,CI656AF61D65D94D7890
97730286,CI64576CD607D142F8AE
97730481,CI836F8B852860463092
86100036,CI25F16061F56A4C9EB7
97730167,CICB1EF393686245D0A4
97730353,CI4C00CBD8F6684B1180
86100007,CIC62695E00FE948BC9D
97730064,CIAF02AF45801C471C92
97730287,CI4E770AF3B0ED4F15A5
97730482,CI300C205DBA464EABB5
97662981,CI0DF3C716153348FD86
97730170,CID61824399A7243FDA1
97730354,CI37AF145F79154830A1
86100008,CI1ED85819D0A94E9A89
97730067,CI11329F8D89324349AE
97730484,CI68F7E7514B6C4498A3
97730290,CI7620371652EC426886
97643309,CIEC80DD0D4E57424EBC
97730172,CID5AEB56152624D2280
97730356,CIFC579D7652FB46E897
86100009,CI3336032ACDB04EF68F
97730069,CIF4EE29CE2937499896
97730295,CI9CE3F798F8E5400B84
97730487,CIB07FB959D2E24FFA81
97732048,CI05F25974E76D4ABCB8
97730174,CIECE8C86C99FD493892
97730379,CI00CF1B597B424EE79E
86100010,CI5558427F8C834F3299
97730071,CIF10629C826EF4A28A7
97730295,CIB1CD3CFFC6C84CB98D
97730488,CI4841B670234C4E228A
97745795,CIF06C98E1CABE4EEAB1
97730176,CI4B46B234046F4D8892
97730396,CI30A1AEC9C21E4D6F90
97730075,CIC7F2403EC2ED496389
86100011,CI9CA7CB7CC3814FF5BD
97730296,CIEFE080F6BC024214A5
38832157,CI573928C96D294E338F
97730570,CI702E1FE19DF74F7D9A
97730177,CI9B9DDBAE65FD45F4B5
97730402,CI782EA069D2C043A68B
86100012,CI389CA1D4315148A5AF
97730076,CI30CB50213EA348328B
97730301,CIB47CCAA89EDF4906B3
97730578,CIF15C81AD3F274107BE
97717286,CI2F9D4DF6CECE46D78D
97730179,CI43F96E69799C4729B0
97730403,CIF05CDD87ACFD4D1EB4
97730323,CIEBA79A8082064FDE98
97730106,CI3EAD852208C24CA989
97730605,CIBCCDF64839DC45B3A1
97730420,CI37D1BBDB91454EE686
97730228,CI8F0D37E663F4455381
97740936,CI3B37843572F74106A3
86100021,CI35797395D0C2408DAE
97730107,CI24A6714F8AB547089D
97730324,CI41F1DCB6E2434C2887
97730606,CIFB541D7F82184B4795
97729179,CI2DFCB97E2F654C8496
97730233,CI35D32A162BDC40A199
97730445,CIF1AEF843ED904795BE
86100022,CIC6241C04940E4DBEA3
97730110,CI3A8DCB0D25C945BFAF
97730326,CI77A3F4371B6A40F29A
97730607,CI21E48AECA298465DBB
97728634,CIFE7CA3A145804CC48E
97730234,CIDAB6707F82844EB98B
97730451,CIADD5E5B7C4524FF8AD
97730111,CI234E3111349A445EB9
97730331,CICFC7BB72BF0D4370BF
86100023,CI981A77E2E4FF48B7A4
97730608,CI1CBA1D9E6FDD41C9AF
97728638,CI0AC8215AF25844CEBF
97730235,CIB2793395464945659A
97730452,CIA91EEE8E0DFF4802B5
86100024,CI11F86192EE8149E988
97730114,CIF0BC407CCA6D426CAC
97730335,CI3F883B11B5BC42C3A2
97730615,CIF823CD40BD89463DAA
97728629,CI4BB8B4CB16574F7092
97730460,CI5E52C24235B544658B
97730238,CI9DB3A99882FF4EC9B1
86100025,CIFD71F357D6584930BD
97730114,CI64DC334B1B0F4170AA
97730336,CI547EDB01859643FC95
97730616,CIDE9AD89DB5E64C9190
97730002,CIF4BCFA39AB7041A591
97730243,CI3F55B8382ED8472097
97730461,CIAF80B87C81EC4E3892
86100026,CICD99589D45C04E0FB2
97730124,CICD4ABCF4BEFD43BB88
97730337,CI6B425DB8132C4F938D
97730005,CI73094E77FA0F44B199
97730246,CIE3C41E4DDB91443897
97730619,CI9D10E8E9E3E7462AB3
97730462,CI9095BB92619647AA8C
86100027,CI2B150CA9ED2C4800BD
97730125,CI5DC77B48D41E4F018B
97730339,CIEF1BF0E839CD483484
97730667,CI26DA806166BA4A808A
97730022,CI1CBAA9058683433087
97730463,CIFE7E04423CFA4BB1A2
86100028,CI4EBB0BF792D5498986
97730251,CI9619144FF9164B5CB1
97730126,CIED098FB6D40C41CBBB
97730342,CI95188D659C1049CFA6
97730668,CI0E0A265BC7B7445CB5
97730030,CI8350DEAC9D714AA991
97730266,CI6EE206BAAC454CA9BA
97730466,CI2891DB0B28E943B0B2
86100029,CI040546476A924DEF93
97730127,CI381879065CD44EED8D
97730670,CI391A834510E24713A5
97730054,CI724C6241008A44C180
97730467,CI53048BA6AF1E4591B6
86100030,CI4F8A5B0DC0A44FD081
97730268,CI841F85CDD66A4ECFAC
97730129,CIFC1683D16F9F46D1B6
97730343,CIE791DBD20CC64405BE
86100001,CIB39D0C3B36254091BA
97730057,CIE0A6582B1F144B3F83
97730271,CIC1D05E918D8643CA87
97730343,CI962A9582089A4137B6
97730468,CIDBEDAB71D3854C2CB8
97730143,CI836D7BEB364E43F2AC
86100002,CI49037FBD29504B42AA
97730345,CI9C49897A0FD34CE29A
97730058,CI5393EAE5E2254E9489
86100031,CI9428991EEF444D44BA
97730274,CI45C29B4AC33A47C2AF
97730470,CI1B9EF8E21EDB4CF09F
86100032,CIDFFCC1461F2844BEB4
97730151,CIE8F8827E75544E9F94
86100003,CI758FB8A51D3446389A
97730346,CI93764497B8AC460892
97730059,CI24CBE46A4D2346EDAA
97730277,CI186D2CFB508D4EF699
97730475,CIB7220E90C5E84D35B1
86100033,CI8308E22388384C638E
97730153,CI7FD8EB0B1FF9485492
97730347,CI4CB9C2A1A3BF49E6AB
86100004,CID0D3DA6ED6414E4284
97730060,CIAA98738A1EED492C9C
97730283,CI201303DB2320465895
97730476,CI384ED954F62844BB8F
86100034,CICD1BB96E58A945AFB2
97730158,CIEC69C65FF09C49D59E
97730348,CI601AB03CE6A54FBA96
86100005,CI808DD51D63D7462393
97730062,CID3980FFFD8E847ED97
97730285,CID839436501F642778A
97730477,CIBBB082CD20D64624AE
86100035,CI35B2DB1396794AA9BD
97730162,CI778CC77BBE4040BABB
97730350,CICB9746E9DD81466989
86100006,CIDF82F0AD525D4B2D8D
97730063,CI228BAD8B5C6D4D54BD
97730481,CIF89C015795E44E8181
86100036,CIF274AC6E5F51405B84
97730286,CI7C1B5EC4208A4466B1
97730167,CICAFACCB60EF64F2897
97730353,CIA28D432830044DCEAA
86100007,CI5A684715F34649AA81
97730287,CI8B1FA62CD9514C7494
97730482,CIAE1273ED4AA44C6CB3
97730064,CI8248ED5137614385AD
97662981,CI808406AD0FBA4796B7
97730170,CIDBF328CDD63F4B7D8E
97730354,CI5DCA7B12E9404B6F9E
86100008,CIDAD8DF4C1F0549A39D
97730067,CIC0609256FF0C4FCF9D
97730290,CI3F8549D0ECBC4434AD
97730484,CI550D714DDAE24BAE90
97643309,CI74C3A4DA4C0B4EE4B2
97730172,CID7DA41FB7A0648FCAC
97730356,CI91D7FAD4B44B40A888
86100009,CIB355F7C49F9D42D487
97730069,CI7E6BDB30AD264E61A1
97730294,CI2635598E7B314A7B87
97730487,CI40BC3282C5BC4D5AA2
97732048,CI58645593854C4A00BA
97730174,CIE51BCC498E2D4510B0
97730379,CIB328980D1E414D98AA
86100010,CI89018880B9F84A90A5
97730071,CIAA547EF89E2248AF8A
97730488,CIAFAEE8D2FDBB440A8B
97745795,CI0450BCE868094CC09F
97730295,CI95B4024F074D425A9C
97730176,CIF7CCB0B26D9B4E7AB8
97730396,CIB383D5BE5DA74367A6
86100011,CIAACA2E2A006D4CF99E
97730075,CI69992BC8B6454654B1
97730296,CIE438F8ED3986473491
97730570,CIFEE4961981B2424288
38832157,CI1E28F986BDF64E5693
97730177,CI364328E5DD49447590
97730402,CIDAF5BB2852AC4F1E96
86100012,CIC67D1F27C1D546F0A1
97730076,CI4FC9B91359D54631AA
97730301,CI64A2904E68C74C5BA0
97730578,CI4FFD3D56A2404584B2
97717286,CIE8DEE836501D4216B6
97730179,CI4C62AAA9FB9E41A3B3
97730403,CI798F40D73B4043D1A4
86100013,CI9CD1814186CE4E9CAF
97730078,CIFE41E9F1F11C488693
97730305,CIB64400B7EB114F6F86
97730581,CIF549A42D905F47DD94
97736044,CIA14E9FD65431426490
97730185,CIA1749462E73E41B588
97730405,CI86C1BF1735FF4BA188
86100014,CI9E7479B5157E4A5DAB
97730083,CIB0A0ED9E51734EC5A5
97730582,CI3C34EF19AAC34ABC98
97730308,CI8F023C2C0F784C44A1
97610919,CI31B02CE5A904425481
97730187,CIF333D71E9E494C4AA6
97730406,CI73598713B9824BE6AA
86100015,CIE4F469CBFA08408783
97730087,CI2474D208070C46119E
97730311,CI4312CB8EC9A94686AE
38825966,CI73293254F5094AACAE
97730583,CI8CC5AE3289F94D0082
97730193,CIFCD12699BA01431494
97730411,CI667B93DA2B4E4BB081
86100016,CID1123A384F02476E94
97730088,CI6249D703FB154D8FBB
97730314,CID7EC25830C424D4BA1
97730584,CIFDA9BD3C65344B97B8
97728628,CIC5B061B36CF2448A83
97730200,CIF2342E9BEA17404891
97730412,CI4993C20BC40748C38E
86100017,CI5154D352079D4A0A86
97730091,CID3AC08CBADC44DD4AB
97730590,CIC33920690725465CAC
97730222,CIFF3E883B35F5485987
97728746,CI9B357C5C1ADC41D0B9
97730415,CI67B6335BFB4D4D1EA3
86100018,CI4464E46DC26847BF80
97730101,CIBF15FBE26522467FB6
97730321,CI4BA99A649FEC4557B2
97730595,CI4F9F55F9D31741668D
97728637,CI1E24AAFD2A904F16A3
97730224,CIB9E33026761E482286
97730105,CIAFDE486682E948C584
86100019,CI9BC06AFAC2F2418899
97730321,CI8EDACA3FB8E74F2D9B
97730416,CI9E6E337026884F9495
97730602,CIA64840E9622B43D4A3
97728627,CI0463218B63FC435CBB
97730226,CI47A35B6DF5FC4234A6
97730420,CI7A838E717D024AD2B7
97730106,CIF789FD19388849B587
86100020,CI824B7542BE7541F2BE
97730323,CI808E6F3D03E9442CA9
97730605,CI35E8980B227D42498D
97740936,CI807C9F58193F4937BD
97730315,CI981CE4F9D4904D0298
97730228,CI03EB797540024560AA
97730437,CI2AED18FE71F946E580
86100021,CI92CC97BEB61E446DA8
97730107,CIA6263C87F32E4F608B
97730324,CI1F23E80B6A11469DA5
97730606,CI0695A70E6B8A40589A
97729179,CI61EFFC9A856E461F90
97730228,CI1061A3D5AA4547C89B
97730445,CI0A75E07F05A4414292
86100022,CI5E2D292178434E2698
97730110,CIF776F02BB0CE4F3385
97730326,CIC2BD92D0FBD84B2C85
97730607,CI1192D56E30064D1F82
97728634,CI94786E6E1B7846C692
97730234,CID751AACC320D43EDBA
97730451,CIF5B7B4967296483BB2
86100023,CI8FD997BDBD1942E981
97730111,CI031BA795145B423F88
97730331,CIC2CCC10425F7459A98
97730608,CI5B1D4DA5267F434586
97728638,CI1324A26BA10644BE80
97730235,CICDF587930345453F93
97730452,CIE0D96089FB9541D2AA
86100024,CI31F8F53F9EBC47E483
97730112,CIAFF0380934514796A1
97730335,CI24CF2650535441328B
97730615,CIE7FE6C52FFB2456AA9
97728629,CIB078A78E7DA947D094
97730238,CI472270063F6D4A85AF
97730460,CIEE4D057BC4A9491DAE
86100025,CI69CFE36B01344565AC
97730336,CIB5204142BFB742FB85
97730616,CI2BF45B54652E46BD83
97730002,CI5F7A8EA2B60341B682
97730243,CI2EAD14A7951549879A
97730461,CI4ADFF1FB8C6C4A7E81
86100026,CIF80160A6E3654A37BD
97730114,CI97A669E0323B4DABB1
97730124,CI4CE41E93B1A14334A7
97730337,CI3AC31249693B498D8B
97730005,CI4EC7D8B419AE4C36AA
97730619,CI9A25E46A95564610B1
97730246,CID4F33AAB46504F0894
97730462,CICE6FB7DF0FAB421596
86100027,CI1976F5492F2A463FBE
97730125,CI117D9755B11945358F
97730339,CI7B084C7C8FE345FB9D
97730667,CI7A73B51234134935B6
97730022,CIE4C2543E01C14C0EA6
97730251,CIDD01C6B282EC483697
97730463,CID68245CAFE584EEFB2
86100028,CI16F5190E3BDA48C781
97730126,CI32ACBD347D4540DF8F
97730342,CI70174CCEAEF149BA94
97730668,CI77EE925933A849CE91
97730030,CI83480EF0C7A448DBB7
97730466,CI1BDACA66A9D94FE5AD
97730266,CI5D5F5D50822F46F584
97730127,CICC06F16596D14B449D
86100029,CI7E73B115D8CA495792
97730343,CI6DB39959F76646E88B
97730670,CI63CC7AF0B39B42EF98
97730054,CI6987E28AF4F24F75AC
97730268,CIB31D5B9639D64A1584
97730467,CI40CB779483D74B6B8C
86100030,CI6F5290BF2ED741E9BB
97730129,CIBC6E7EDB2A564D73B0
97730344,CI9E8A03E41C694A21B9
86100001,CI8328C3AA60C94D88AF
97730057,CI4E6641EA8CBC4D43BE
97730271,CI38BE9EBF99C44BD690
97730468,CI5AE99F9BAA4447B682
86100031,CIB308B592772E40D19F
97730143,CI70E265DC35424FBC84
97730345,CIE6199ACD6BE24724A0
86100002,CI75D5D7BF156F41FD83
97730058,CI62448EC3251B4814B0
97730274,CIB676965742534975A2
86100032,CIAC5D9E64C8A1446EBD
97730151,CI785A9D431B0D432DA0
97730470,CI796034058D7A4B5FA8
97730346,CI0831BD94A151468383
86100003,CI8BB4A37E55F24BBB99
97730059,CIF04799A63DC14124A8
97730277,CI4340571FC8544089A2
97730475,CI83D5F7726BAE4AA084
97730106,CI3E91985B18DB47F4AE
97730323,CIFEE27C9AA59A4184B1
97730605,CI4825AF442C984DD59D
97740936,CIBEF0663E0CDC49C483
97730228,CI70FD40BA5A0F4C52A0
97730437,CIFA62FA26FD60402F8B
86100021,CI4056C3B928EF4D1A8D
97730324,CIE72103BE926E493C9C
97730606,CID82DFB15B4B9412FAB
97729179,CIF8E647F4EBA747ED81
97730233,CI41EF4801C6B8494EAE
97730107,CI7AE2AAFFFFE4403B95
97730445,CI23E06517DD144C5FBB
86100022,CIB8973DCC505542F6A5
97730110,CI05BDD28AA84F4C1987
97730326,CI6438C64A8CF6484CB2
97730607,CICE201D4438224710A9
97728634,CI2543389B00304DD686
97730234,CI6ED9F6BDD69D4BE39F
97730451,CIE52EB7D76906401592
86100023,CI71826F19B1314738BD
97730111,CI22072B15CC7A41D186
97730331,CI4C73EE204EE94DF8B5
97730608,CI1D2908F8039A4AFB9D
97728638,CI569E31F2B5A74E3F9B
97730235,CI662AFD3792FF4BADB5
97730452,CI303C0BB0B89E4CCA85
86100024,CI117FD72BDB944877A7
97730112,CI8F861AC032C045F096
97730335,CIBD547A4DB75C453080
97730615,CIB690D968FEAC440B8F
97728629,CID50BF42CC4774B46BB
97730238,CI2F20749EE59B419282
97730460,CIF2142B0B5B4448F5A5
86100025,CI6B1175AEE69E4A71BF
97730114,CI01E42E5F55F4492EB2
97730336,CI8B463733C9004FE5A7
97730616,CI40E6469FC9984DABBF
97730002,CIE351D0512DCA43D59A
97730243,CI790F7473BB344519AE
97730461,CI22440238E41C4FE68B
86100026,CI0D60FFD3B0EE47BA91
97730124,CI630D876468E848AE8B
97730337,CIA272E9EB06FA45EE8F
97730619,CI677CA5882D57487ABE
97730005,CI5E3BD726CB8E4756BC
97730246,CIBB609BFB892E443BAA
97730462,CI30DC8CC340544C9EA7
97730125,CIAD82508368ED4875B5
86100027,CI9A69C981E4F2433A9A
97730667,CI7673967F83D74DF8B2
97730339,CI96A7895C0FC24F1582
97730022,CI60E9EFED55EF4589B0
97730251,CIA227FC3CB3FD429CB7
97730463,CI4C7AB6861E864B429E
86100028,CIBEEA41440AC840ED9F
97730126,CI51F64D455DC1454A89
97730342,CI78C132D2D357485F90
97730668,CI3720F9C8DD784CE6B3
97730030,CI19D39D4AB47F4EE78E
97730266,CI61D8B7FDD95D448183
97730466,CIA549754FA2A94460A7
86100029,CI57DD88BF4C8E4FBEB4
97730127,CI25EC935CCC8A4C839F
97730343,CI35CD232983FF41B8A2
97730670,CICA089833258A4E9A9E
97730054,CIB5F464C144B3475EB4
97730268,CI5259E3BC4BD8475995
97730467,CI51F2430CE399447792
86100030,CIC833FD184D1446F3A2
97730129,CI219455E6A50743E1B6
97730344,CI67C1E1E669274A058B
86100001,CIFB06B1D4D5BF49C4B7
97730057,CIBDF949DD974542918B
97730271,CI8BC140759DC74DFEA0
97730468,CI3F1156189B1D4531BF
86100031,CI5A4074C679814629A8
97730143,CI1910F62149E344EBB0
97730345,CIDBF4DEE7E4D941C0BC
86100002,CIFE50950E17414CA2BE
97730058,CI0A50810CE664488CB1
97730274,CIA5092591C18D4E07BC
97730470,CI720BE64C8CF9490CBC
86100032,CI3CB81E75FBC8450991
97730151,CIC364DD3A8FAA452BAA
97730346,CI16BECAE265014C8EAA
86100003,CI168E78689BB24B019B
97730059,CIC08C46B6243C495DAD
97730277,CIE39A371578724A6699
97730475,CI4CCE5654EED2459DBE
86100033,CIB56A7F65E1634AB1B1
97730153,CI5500986682C54CC6A5
97730347,CI14CA73D603A64B41A9
86100004,CIC4EFB27A64664CCBA2
97730060,CI73A9DAD31D614B21BD
97730283,CID946E6A64DED436AA8
97730476,CI2FDF99460419483EB1
86100034,CIDADF0E5CBD3749D3A9
97730158,CIFA079DF824344EB081
97730348,CID8ED09D415484703BE
86100005,CIA59E368679BC49E4A5
97730062,CIE9487BCDE87F41E38E
97730285,CICF5B58EC66D9425B9C
97730477,CI4AF8240BA72F4AA59A
86100035,CI5A26B7940A144EAAA9
97730162,CI7BEF445BCA324127A4
97730350,CI5A3092B4E3B34658BB
86100006,CI637380D406E842B9A9
97730063,CI70D014EDDDC74C9FB5
97730286,CI8B614BCBCD854B328C
97730481,CI879B48F0557E49DD9C
86100036,CICEC44BC1967B435CA8
97730167,CI0CCE9C87E5074EBDBC
97730353,CIF664E7C2EC9E457191
86100007,CI2F93C293463547D6B3
97730064,CI5206B475FCC84323B6
97730287,CIA51AD80538BD49CE83
97730482,CI7F64BB0682C94327BD
97662981,CIB9F7478597AA4172A3
97730170,CIACAA713C3CFC428087
97730354,CI30DF5F0BA4844E63B1
86100008,CI87C8B16F143C40DDB8
97730067,CIA0B566A71BD745D690
97730290,CI76B47B43D0ED40CFA2
97730484,CID3E3CE53A848420DA2
97643309,CIBB58A2B916194F3294
97730172,CIFFCAE8F265484BB584
97730356,CI4C2DDB09EC564A748D
86100009,CIE6A903F8BA8442069F
97730069,CIAE0C4FCA9A2E49FE81
97730294,CI66AE344BEEE5470ABD
97730487,CI3AAC3AA9A29F465E98
97732048,CI0182422D26204CEA8C
97730174,CIF2B93975913B4A588E
97730356,CI4743EE8D57C54188AD
86100010,CI5B1FED4BE17C4863B7
97730071,CIC8F67582DB694F42BA
97730295,CIBCA777253256445B85
97730488,CI39728C1AE6B24D36B3
97745795,CI6CF3C9E949C44263B8
97730176,CI9BF40A3FF9514636AD
97730396,CIEEC3DB7D41824B60A4
86100011,CI2C5EC6BC6C744192A3
97730075,CIC93372F25E8D40B79F
97730296,CIB9B08676E22A4AE48A
97730570,CI2467673F137E4FD4AF
38832157,CIF2A1E0F59C1E499E90
97730177,CID273B656F9B1487D95
97730402,CI44DA331923804C50BB
86100011,CI44069DBC83E64A91A4
97730076,CI308B9A0900694E0189
97730301,CI55819F4CB9B74519AD
97730578,CI84A0F39C459442A480
97717286,CI3E12F89B7E15409783
97730179,CI908D5C35ED2642B5A6
97730403,CIB7A3B702AEB84832B0
86100013,CI8C8BA19DC71E4BF199
97730078,CI2E455FCB9B4C4C398F
97730305,CI1C5DA8EB15EE44A280
97730581,CIC8327E8D659743CC88
97736044,CIE402AF9779B0493EB5
97730185,CI803C1ECC95FF4F429E
97730405,CIB53D9F6322504D9DB1
86100014,CI1482A548CAEA4F6399
97730083,CIB307E0F2F4654212BD
97730308,CI377F83C3911747A8BA
97730582,CIFA519889F88C4B7C85
97610919,CI0BD172D66696411397
97730185,CI5600B228D3CA42129A
97730406,CIF8E86FE7D6B24933AD
86100015,CIDB64E762802847D5AE
97730087,CI30893CF765A8463ABC
97730311,CIC21BD5AC4CA94E548A
97730583,CI3A4A0C31C9BD47DDA4
97730193,CI61075D70AA5B4D4B90
38825966,CI93D0975190FA442E87
97730411,CI76BDB0073F6E41FEB9
86100016,CIBBEFC4D05F884E1FAA
97730088,CI22F6FECFDE594AC0A3
97730314,CI8402357539EE45F08E
97730584,CI97DD543D63B8440D8C
97728628,CIB4A976CD600D4D30A0
97730200,CI7C2D36C516374EDBBE
97730412,CIEC7C2E1A8E2A4B78B6
86100017,CI8DCDF43EDB35456DB3
97730091,CIFDFCA94D04BA49C28A
97730315,CIACC11C5EC2D84499A3
97730590,CI7AFFC017229C4D3AAA
97728746,CI0C816E760DA346D1AC
97730222,CI13825E95C9224E4EB8
97730415,CID1405FAB23C04E939E
86100018,CI4EA760CE5D664ADD9F
97730101,CI8BD99EA7CF504A1BA7
97730316,CID525DCFD8A404DD194
97730595,CI42A96102A2344DC89A
97728627,CI4C0B71F78EE5483183
97730224,CI429D5FEBEB8E457C85
97730416,CI6669707297A8441F89
86100019,CI80E901351D5642DE8E
97730105,CI8AB162B0A78D438789
97730321,CIC06D8A7EAD4F4F40AF
97730602,CID135E6C5F95E44798E
97728627,CIFB15EAD8980B43529D
97730226,CI04150DBECDA8425491
97730420,CI31A13B8D5F4D49ADA7
86100020,CIF6B9DCE9A1224B1387
97730106,CI51106999655E4B08BB
97730323,CIB79D828DD4D44928B6
97730605,CIC155A5E123874834BF
97740936,CI34FE7E5A4DD8446086
97730228,CI1A80CB072FEC408CAF
97730437,CI5A85E2E091774EE491
86100021,CI703EFDEA19D6482B88
97730107,CI7D7FE24A9637499882
97730324,CI87630DEFA0FA45E1BA
97730606,CI4FC1F2DBD8C14CE596
97729179,CI8790327C977F4E25BB
97730233,CID24BB016F1EF4F94AD
97730445,CI015E09224C6042389C
86100022,CI00B390488172429AB7
97730110,CIE2E1B8F474F64CAEAC
97730326,CIF4C1C80DDCCD431D8E
97730607,CI316E000D6E5744D7B6
97728634,CIB9A78C8BFA1F4CC3B8
97730234,CI8C772FFF21194D3487
97730451,CI4A2B34D4FC394C8296
86100023,CI179AE9ED851D4483AD
97730111,CIFF47FAAE2D864E798E
97730331,CI8B313D2168FF433EB2
97730608,CI180DC937DC1F43A3A2
97728638,CI4C2C3A4D343D49BF8F
97730235,CI1F5D362574B94597A8
97730452,CI402BC5C65ECC43EFB9
86100024,CI3476794D919D4FD79F
97730112,CI06DDBF02998E4404AC
97730335,CI78471FC58BAF47C688
97730615,CI766847B2A2314F7485
97728629,CI24AFEE4D7BAF486E8F
97730238,CI571C328825B64C3ABE
97730460,CI5FA130DBF44144E892
86100025,CI5D9F256E422C40C288
97730114,CIBC95A50E807543638E
97730336,CIBF19EBC2F1D641079E
97730616,CI5F8B5671D975473786
97730002,CI30ECB9959E0A43C5A1
97730243,CI2DE5B5BF392944FFA5
97730461,CIF1B0AD299D8E485A87
86100026,CI439B40FC8B064EC4BA
97730124,CIA8ED9C9851E943F4A8
97730337,CI65A7D972F6EB41319F
97730619,CIC47F1E21C47046DD9A
97730005,CID988D49C48714FE098
97730246,CI28FF0E70C2754B5187
97730462,CIB3BA91F82A1F423086
86100027,CIC55D1CE73E24428B9D
97730125,CI9C2B3B43CF744C27BB
97730339,CIB2014137C48949E2A8
97730667,CID4CA45F329C948A092
97730022,CI64334C2529474787BE
97730251,CIA7E1241C594D43CF81
97730463,CICCC0988BE0C74BFE8E
86100028,CI46617BC2318644E883
97730126,CID5CB5462F3CB47D793
97730342,CI600758631AB0447096
97730668,CIF054C99EA75D42DF87
97730030,CI3FED085A8C7F493BBE
97730266,CI51BCBBE08CA8443FB1
97730466,CIF36AE775182A43938E
86100029,CI22D84AD194294BC69D
97730127,CIFF6B08B841C24FC9B4
97730343,CI5BF9CBF10D1846A4A5
97730670,CIBBB8A5F65C334DDBA0
97730054,CI1FD8777B8B464DA5AD
97730268,CI940A705534084DBAB0
97730467,CIB2CBE1FB99CA4E83BA
86100030,CIDF08AA90D76845E59B
97730129,CI01137AF03A4B4B01A0
97730344,CIA8EB7381B34A4A388D
86100001,CI2266378C3EBA442CA3
97730057,CI361B0A8AF8824C649C
97730271,CI6C7ACA19A6E644FC86
97730468,CIF8FCA3FE530D457F99
86100031,CI5DE95DA29C1F450DAC
97730143,CIEA93BE5F8D94466EB9
97730345,CI0E140D9640694F9790
86100002,CI693A74E1D3254A089A
97730058,CIAB949A449D234A6DA1
97730274,CIF8D5D8A9CF304E0C95
86100032,CID67FD0581971470485
97730470,CI635D5A9B20D74D3793
97730151,CIB775C85AAC944062B6
97730346,CIB7F795C8CF364433A7
86100003,CIA197D09CBE9947F6BE
97730059,CIFA3750F0848F49D588
97730277,CI3C262FE94E2B417597
86100033,CI6CCA3CE890D94B9CB1
97730475,CI6EA2575F86D145B89D
97730153,CI1F47400AFF0241E2AF
97730347,CI1871CEE5EA9E49E7A3
86100004,CI49BEDB89C6A54E01BE
97730060,CIF578C4EC9E194B46B3
97730283,CIB706DDA1BF4D423989
97730476,CIDEDB8FB574044D9DAF
86100034,CIC58AC9766F734A49A8
97730158,CI014E0747AEC847ED91
97730348,CIA8DBC2E3FC304C5AAD
86100005,CI7AE15DE092F5419F8C
97730062,CID911BA6E27F1431DB8
97730285,CIC7B25C9D553847B1B7
97730477,CI75F6EA2F2CB74BE3BF
86100035,CIE586BFA31B9D4FCF85
97730162,CICFF0E82E4F154B1CB1
97730350,CICA9D9F00A4414752AD
86100006,CIBD4D4D43E7CE4108A5
97730063,CI2D978420212D45C3B5
97730286,CI4E39DA8E81AB4481BB
97730481,CI956F51D610634E468F
86100036,CI96D69B4BF0D447919C
97730167,CI3462088FC1EF48F9B9
97730353,CI0EFAB7DDCD1D4C13A6
86100007,CI56FED27800B242B5AF
97730064,CI1F80C92ABC374C5487
97730287,CIEC4D8153CA434BC999
97730482,CI852A743589C149C4BD
97662981,CI084D19BC96D7497DA2
97730170,CI400ABB1938414C99BD
97730354,CI3B700C04470F42E5A8
86100008,CI61041736D2364D0D81
97730067,CIEB72A8BE2174424395
97730290,CI550FB45DF30A4EC380
97730484,CIABDDF6B97F29420D87
97643309,CI544882D3B8D04496AA
97730172,CIF2CD9961F85D48ADB6
97730356,CI27CB4AA3E3BE4993AE
86100009,CI169E484CE8F24CE48D
97730069,CI46E4DECA447940F0AE
97730294,CIFA7D21B2BA1C41D691
97730487,CICD7564B9FC9D4539AF
97732048,CI6AE1E76CBD60489F8D
97730174,CI5D336E38719640998E
97730379,CI79D68F5CAB3A4F74A8
86100010,CICFFEDFACE5BE4FD5B5
97730071,CIA0E8A3417BE74186B9
97730295,CI1304262FF02B4DB3BE
97730488,CI3E7797BF406940B99A
97745795,CIE95742825452489187
97730176,CI55DC89D2EBF44752A7
97730396,CIAF8309AD742041418B
86100011,CIE340F52FF8CF4FE589
97730296,CI0E379C1C5CED40E492
97730570,CI5FADE3219F1944889A
38832157,CIE695E2C420F74285B6
97730075,CI8930EBAC242A4518B5
97730177,CI22A66DE9056E46F29B
97730402,CIA60078D5FC0E4C4E90
86100012,CIA1E462A80390497386
97730076,CIEC94D9D16CF14539AB
97730301,CI8543B27E05774546A6
97717286,CI09C92E18198E4C1793
97730578,CI98BB16871B13461DB0
97730179,CIDDEC25D70E364A4FB2
97730403,CIBDBAAA8072E1421783
86100013,CIB138DFA26E8F4255B7
97730078,CIB4E9E2D64A7E4B79BE
97730305,CID0B541C4F9834B5E93
97730581,CIEE642B9420D149B380
97730185,CIF42C2AB9354A4840AB
86100014,CI710BB057FE1043B58B
97730083,CIB15416E7DF1A4D9E85
97736044,CI8A73D5EA2B914357BE
97730308,CI486F04EED2264F9394
97730405,CI95E9B3E1E6084FC1BF
97730582,CIDF1A6073768E482C9F
97610919,CI523343F101F74019B0
97730187,CIC211E65262A3478E90
97730406,CI28EE551CF3134D238F
86100015,CI25E593FF734F44C5BD
97730087,CI9BC1ABC31F8348E382
97730311,CID49FDDE985324D5AAD
97730583,CI859FBF320EB7460BBF
38825966,CIE8F16A04682A40C698
97730193,CI4A61F07AC4FF4421B5
97730411,CIF3F12B44E8B7444FB3
86100016,CIEFD729CB638944CDAF
97730088,CI818CAB2DEC6047E2A4
97730314,CI7D9A40027DF24751B7
97728628,CIA589ABF69853429D9C
97730584,CI677D357AC05E42F6B9
97730412,CI4C6EC7F6B0414434BB
86100017,CIEB23B8568AC4443F80
97730091,CIBFD8F57DC6964E0A9A
97730200,CI8F5D3363482B4EEA97
97730590,CI07D668EB351B430E85
97730222,CIAFF9EB05D61143878C
97728746,CI8A2F285AD0AF49A5B9
97730415,CI2ACE4F5296EC418994
86100018,CI6ECC974605CE4E2384
97730101,CIF9B68CD89AAD4EF5A6
97730316,CIDA395A13BFFB4EC38E
97730595,CIC7AD29E6D6B54FBA82
97728637,CI3FAA7999CBA74B2B90
97730224,CID75ED0F38AA84A0080
97730416,CI798E4834B4AC4632BC
97730315,CI99D35790CDAD4BEBA6
86100019,CI73032DE6F2E14ABAB0
97730105,CIA67F969ACC1D4E0696
97730321,CI58F7335C32DA417685
97730602,CIA5FDFECF7C0C424BBF
97728627,CI01467BB7F53542979C
97730226,CI9E507079A1C342A1AD
97730420,CIDAA6D986C477482EB5
86100020,CID3B6B6116F2A45A1B6
97730106,CI3E0C2B6EA3B54A8798
97730323,CI813ED63BDB584023B7
97730605,CI3797BF5A4907480FBB
97740936,CI7DAB3C1EF08C4CC482
97730228,CI311A139CC26D48B994
97730437,CI6781A12440DC40B5BC
86100021,CIC4D5B90CD56E4C7B9D
97730106,CI6FF5922900724AAAAA
97730324,CI748F5340C8D64D5899
97730606,CI9DE826CCDF004CC193
97729179,CI7E9D7E5F52224901B7
97730233,CI1D3AC86DE4D947EFA2
97730445,CI03A113B9EEBC46AE95
86100022,CI314432537D1D415BAD
97730110,CIA51BED2C46344B84B7
97730326,CIDE8DA89242D34E4C81
97730607,CI064194D49E294E05B8
97728634,CI05D7AB740CCE423E93
97730234,CI27F273069FE44B16AC
97730451,CI9A8B1B9433B44F91A9
97730111,CIF073151E73DE4B7B97
86100023,CI97E6FFAF8F584C6B87
97730326,CI8DB281277E0E4CD78D
97730608,CI3B61F3E15D194039A8
97728638,CI1999845B64774790A6
97730235,CI3DF9565A0D964E05B6
97730452,CI7D468B59757A4ED09B
86100024,CIA0D30F5EFF3C44C598
97730112,CIF007F2D003B249D4AC
97730335,CID7B4E03E94214232A6
97730615,CI007D188FA0B34B9F98
97728629,CI1B3710A181A1480CA1
97730238,CI716EC3E8805D4897B0
97730460,CIA02E805E0EA0489AAB
86100025,CIB42F01B9744E40B994
97730114,CIC0F138C765BA499794
97730336,CIE57641AAC3194C2AAA
97730616,CIB08E424A206A40BFB4
97730002,CI56AFE29879244CD5AB
97730243,CI8AE981E433704DCB89
97730461,CI7C5E32D42EAA41A084
86100026,CI08E81A32C4F94B7AA4
97730124,CI6FE11AB39AF04D66B0
97730337,CI5A584C8F41B34A5185
97730619,CIC9A4C4C943FB475FA8
97730005,CIE39032C3B9894296A8
97730246,CI38C0DE7C81C54AE0B8
97730462,CI2D2E28C240CF42A89B
86100027,CIECBAB26104C54D43A4
97730125,CIFC3AD761CD5B496E8F
97730339,CI4563CC837991450F95
97730667,CIDA5BB5B000FB4BD288
97730022,CIE9CAA1630B064F81B3
97730251,CIAEBCE8F3728446B8BC
97730463,CIF8EF99FF70F14F3F9D
86100028,CI1391A9D2595242FB9D
97730126,CI3DD38A34A00A450A9C
97730342,CI48A8DC1D49DC4ED1B2
97730668,CI5C2EBEACA2104C3DB4
97730030,CI36B9E9D94DF04233A6
97730266,CI9286AE7CC01A4085A7
86100029,CID4121F1FAB894AF3B9
97730127,CIF5C55571F4124D8B88
97730343,CI1D45233CD74E4B6196
97730466,CI77B67207014E4AAC9F
97730670,CIAF5B555D9EF549C3B1
97730054,CI19CCDA23AAE44897B0
97730268,CI5B6D2E97D0FB46C7BE
97730467,CIF4341CB41E414E278C
86100030,CI698DFE1664394D6285
97730129,CI80656950C850482FA3
97730344,CID7DC964CE7934B01A0
86100001,CIAC8CEF1A45D04DFDA2
97730057,CICC4E29CBA2634CD3A3
97730271,CI4E22454E259C4DF38C
97730468,CI0C4D4118374F4745B1
86100031,CIBFDF0B50FE7A41F8B0
97730143,CID163DED03E2B41D9B3
97730345,CI3DAEEBC2343443B89C
86100002,CIBB5574A0CB0E4C1F96
97730058,CI1D81F56B1DFD4115AF
97730274,CI0E692082046F4E1BBD
97730470,CI37F580E104EC48F09E
86100032,CI40003A0B7299497690
97730151,CI333FC72CFB8844A8A8
97730346,CIAC1F2DC581B84C2897
86100003,CI122DECEED40D4F2B81
97730059,CI52933F1FB3184B0B8C
97730277,CI471BC0478D5F45C082
97730475,CIC60CC5FFCE2145139B
86100033,CIFA88549115C94013A3
97730153,CIF805E72044A044498B
97730347,CI50602AF43B024BACBC
86100004,CI2B5EE2214DFE41228D
97730060,CI443D318FF89B4056BB
97730283,CI5F8BE650A2DF49E4B4
97730476,CI02B1638886F04051B0
86100034,CIAA32E7C60B23463BAC
97730158,CIEAFCCC48647D4AFBB8
97730348,CIC4C770E16AB3481480
86100005,CI10BA697A8C10442DA6
97730062,CI1407111C7E72416789
97730285,CI9CFFFE4283B7445785
97730477,CI3F69525CEBFA4058B6
86100035,CIC864EF83B303482AA8
97730162,CI505DD8D5F2EC4A1880
97730350,CI0C883E6D9E87459295
86100006,CI0BE5EDE3B1C045E4A5
97730063,CI8C8061E57141477AB9
97730286,CI3119FABCBF3D4F75B1
97730481,CI7632F49DF5B64517B8
86100036,CI7C43A1B8C88B44C195
97730167,CIB86FDEDF19D94042AD
97730353,CI125EA7959540487384
86100007,CIE8A31281D09A48FE8B
97730064,CI9A8B652166C44FEE99
97730287,CI0587BEF389C2448F8E
97730482,CIA593C11B0E0F419AA0
97662981,CIB2FF0D07C26B4D14B4
97730170,CI366A3667686247C9B4
97730354,CI148735AB1C1F46F69B
86100008,CI8440C42DEA704CDFBF
97730067,CIF2405F98CE4341B085
97730290,CIFA9CD19260984073AE
97730484,CI9C4A5A778E6946F4BB
97643309,CI195835139794477D8F
97730172,CIE0B17583CD324CDEA4
97730356,CI0A04B545782547EB9D
86100009,CI3D93ACD6304C464DA6
97730294,CI14168D6E31E84C54B5
97730069,CI99D3F0337C324B788A
97730487,CID9A7175FFBD04C3082
97732048,CIF4020ADDC21346E0A4
97730174,CI6752B4AA54224E7F88
97730379,CI75764BFE043944009D
86100010,CI791CA86293DA4144A4
97730071,CIBA9E724D783D450D84
97730295,CIBD82366690334CA381
97730488,CI975E859BF5A64FAFBA
97745795,CI4E5D169E2069424380
97730176,CIF522175EBBCA4C1EB2
97730396,CI83B550C93E6C47DC83
86100011,CIBE17FEE386D543AD80
97730296,CIF789E73058A14743B7
97730075,CI75375D2740C7401BB8
97730570,CI27C4AA6273824B3990
38832157,CIDE2AD912B97E431A8D
97730177,CI522A5F01559F4E259B
97730402,CI2D2EEF35507F47FBA3
86100012,CI070F82365C0543E29E
97730076,CIFDF16257BAFB4E0385
97730301,CI58B98D10F87949DEA5
97730578,CI227B4A5458FB4D2BA6
97717286,CI0D91CFC923A247BFA3
97730179,CI7966E8853C464EEEBF
97730403,CI71FD5EDD3FD7456F90
86100013,CI12EE783ED621446585
97730078,CI666B462C5DDF40C5B9
97730305,CIA950E24E21504F1BBF
97730581,CI6016AE8B541C4D77B4
97736044,CIAFE1FA18991841CFB5
97730185,CIC7EFB74726C64DB186
97730405,CIBBD21430C7F14D7190
86100014,CID23060E555E1465A8B
97730083,CIDC72AE451D424937AC
97730308,CIA9F44284D9CD4F4089
97610919,CI6D2CCB59BB5F4AE5A6
97730582,CI949C207F8A8246D28E
97730187,CIEA40D1DB8AAD454AB3
86100015,CI58EDA8A38C4E41D28F
97730406,CI9495527C93EC45E4BF
97730087,CI9ADC2747906B4C12A9
97730311,CI58BFFFE28FAA4FA3B4
97730583,CI4C37D9CAF2A8409DBB
38825966,CI66709C9123044E8B9B
97730193,CI3A59AE751BA140D2A8
97730411,CI912D31FF447B4DF084
86100016,CIC3FC46B852394C749D
97730088,CID7EA199518B24770A8
97730314,CI128ED56724BB4D8495
97730584,CIF21133277A4C40C19E
97728628,CI4BEB268B6D434F1A94
97730200,CI3A8058D1B44A40939A
97730412,CID5160D1A061C4FD8AF
86100017,CI137602D9643D433EA5
97730091,CIEDFBD65BEEC54D69BD
97730315,CI939F46E5A1BB44C484
97730590,CIEC9F6E54308B42B787
97728746,CIEEC65D8DCBF14C5A9E
97730222,CI8A7A4409AFAF400688
97730415,CICD8F4B6617EC4B9BBE
86100018,CIA25E763768384C9FB3
97730101,CI001D0C8CCEFD45E5A7
97730316,CIF26F9C1BBC314B7D92
97730595,CI8928A2C35B134DF4BE
97728637,CI0078F0F3BE404ED2B2
97730224,CID3389E57F207459D89
97730416,CIF0C21F44938E41CF97
86100019,CIC5BF8259466B4449AA
97730105,CI5EE505135C4848E48D
97730321,CID192F170F1D040CFAE
97730602,CI947ED7B911864D35A4
97728627,CI62BBCA1621BA4EFE8B
97730226,CIE49DC209345E4C4AB6
97730420,CI8F9463FA2DB84D4790
86100020,CI822708419BF547DA83
97730106,CI065610221ED3480EBA
97730323,CIB9AAF617CE92439882
97730605,CIB1AD176359BE452281
97740936,CIC036692230B644139E
97730228,CI6877B0710C6A4A5ABF
97730437,CIF08D06D83187460481
86100021,CIE9B2032D132244EE99
97730324,CI52640B227F5E4E7F8C
97730606,CI656B526986B745AD9A
97729179,CI5B398D6A7A3B4DF994
97730233,CI0733EDF2C1B8433C8D
97730451,CI5A5DE452E0EF4A2592
86100022,CIC1B4635712BD42BDAA
97730107,CI982BADDA8ABE41599A
97730110,CI00669695B69E4CC49E
97730326,CID3DFE1D1FDD64E56A8
97730607,CI1909DB9FE2D84AF9AB
97728634,CIA7146F76399E44549B
97730234,CI0785D165D20C4A308B
97730451,CIBB641C9233A84DF989
86100023,CI113E37DF7E814CB789
97730111,CI4366951DC644433E9A
97730331,CIC0E4A3886D194867B8
97730608,CIF6AA0B812EA543289D
97728638,CICC1AB06B64B94386A9
97730235,CIB64B713D1AC54FFBA0
97730452,CID26D3BA2E572414DA3
86100024,CIA3E90A40D60F4EFCB9
97730112,CI291B3C13C05447A682
97730335,CIDA4AECEF059A4B9198
97730615,CI89B83BD5D23147778F
97728629,CI4BD7BCE6D8D2482C9D
97730238,CIDFE63BF16EF9427DB2
97730460,CI515BFAB8DD3F4E5AA7
86100025,CI5243AAB52A4A4F4CA8
97730114,CIDB5D3A61BE61489D96
97730336,CI64D1AF2B86DC4169AB
97730616,CIF5195B160A9B4978BC
97730002,CI498951720300472991
97730246,CIAE57AD35EC8B434D96
86100026,CI5F676E7FFEE9460A89
97730124,CIFCC1BB2369BA4BC3B6
97730337,CI6C0D97CF17684895A1
97730461,CI99672EB902804312B1
97730619,CI01DCB435F0824BCEB2
97730005,CIFAA472B321694D6AB6
97730246,CIF22DEA1C7F85458787
97730462,CI2AD95FC2F7814BBC85
86100027,CID9F641D3361248B09D
97730125,CI373E8EED1545404F9B
97730339,CI670D765818954E0186
97730667,CI2662C0A96A544AA0AD
97730022,CIE5FCB3531649468387
97730251,CIA278893A658F4CC0AD
97730463,CI11A0CF5AF0D44890B1
86100028,CI9AF78C77C6764BBF87
97730126,CI9D878B4B70D0415EB7
97730342,CICDD740DE70834352B2
97730668,CI8C692DB8B1D04C9CB4
97730030,CI1701123AED9447FBAB
97730266,CI432C78F30EC34F00A8
97730466,CI2B3D6D3561C3414EA8
86100029,CI604CB8C491D24A928E
97730127,CID98252DD30184D87AC
97730343,CID680A01CAD234606B7
97730670,CIAD4C46075B924BD198
97730054,CI916C7D25F3264D3D99
97730268,CI8FC74A8457D74BE6BC
97730467,CIA1B501B542D04FFF8F
97730129,CI50E18A1996E0457599
97730344,CI12E21E111EAD42B9A9
86100001,CI5E0B65CDF52A471E99
86100030,CI946382D5ACC444EFA8
97730057,CI0B9DEF87127C48F1A3
97730468,CI234EA47751B24D3AAF
97730271,CI8CA2E4B5AED14F498B
86100031,CI5946036DD8344F86A5
97730143,CIABD2D5E78D2A4128BC
97730345,CIDD3272DD181A46ECA2
97730058,CI3CC3318986E54C4D8D
97730274,CIE94F80CB7E9642DA9C
97730470,CI02A6A02DC6084A948A
86100002,CI88B97D62B76440A4B2
86100032,CI0EBA6B467EDA4F42B9
97730151,CIB697A04F06224401BF
97730346,CIF5A78708913A413AA7
97730059,CI0141681663D64D2CA5
86100002,CI79376D844F2E4E7F98
97730277,CIEE7FDCB90D174B23B9
97730475,CI6959D2DE5D324E17A1
86100033,CI5523825B8E684BECB0
97730153,CI188407B50FA943CCB6
97730347,CI50E63875EECF4B7EA7
86100004,CIB6A86F891C934387B5
97730060,CI4CDA8504E6AB497B9C
97730283,CI137A380B33E8498CA8
97730476,CIF59FA2696D2D436F94
86100034,CI9A0D9A2952FE4CCA99
97730158,CIC380593321E348BEBE
97730348,CIBD6B74968BDD425C91
86100005,CI2E11C4B81E6849B09C
97730285,CI012BC56BAE124DD4B5
97730062,CI72C3A4EED4194844B8
97730477,CIBEA3B1FB8A6B4F908F
86100035,CI759917729DF94854A8
97730162,CI00ADA829681041EEA1
97730350,CI47125A0E78B2459894
86100006,CIDDA9A70ED10340DFBC
97730063,CI6F2074CCBE51431C98
97730286,CIA6FE201ED1A14772AD
97730481,CI8296FD7378CB425F8C
86100036,CIEF94287667C34B02A5
97730167,CIEF0E8B261A44445CBF
97730353,CIBF77E4D400854C10B9
86100007,CI0023926FF7AD46959D
97730064,CI32882CFB8EFB49AA92
97730287,CIDE466E329C394E4F8B
97730482,CI07B549A8E4914839BE
97662981,CI309988E5330A4C3C84
97730170,CI6B4E2AE675B347D8AD
86100008,CI65A2855F9784488496
97730067,CIFC18DBF78A2240B78A
97730484,CI64275240651842A5A1
97643309,CI2D353358BF3D42B1B5
97730172,CIEA33F44507C3438AB9
97730354,CI9F609436C55F4D7D80
97730356,CI17ED8FBA07874ABF99
86100009,CI6DFD192FE2A3445DBB
97730290,CI99EE7CC9FA1349C794
97730069,CI3A91ED0594A243C484
97730294,CI679FF03A576048A193
97730487,CIDB131E7A9422436388
97732048,CI525B17EA56384B6590
97730174,CI02ED9C843DDD448AA9
86100010,CI3C5830DB06804F0394
97730071,CI1CF3068A9CBE44C3B4
97730379,CI8E1C4A7CEAF4429C88
97730295,CI3C086F92033D473298
97745795,CI52AFCACF1F2A46278C
97730176,CI0D4A885164B54B8380
97730396,CIE7ACBF765C9D4A55A2
97730488,CI97CDD12A4E6945D9BA
86100011,CIA13F052BD79545D393
97730075,CI1050A7764CAE4065B1
97730296,CIB31EF67FB9C94A76A9
97730570,CI4D9EB7A6EEE94670AC
38832157,CI40FECB60D2A2433E97
97730177,CI273ADEE205B8417D84
97730402,CI8452D13DB09F47BAB1
86100012,CID811B872420D47BFA7
97730076,CI9800088C6C3A4A3C88
97730301,CI57842499697548F6A3
97730578,CI9F609C641DEB4613B9
97717286,CI45FD05A11916444EB2
97730179,CIF1E1B45007664A37A0
97730403,CI2556C600A11945CE8A
86100013,CI1624042C9B60465481
97730078,CI6575D36053E34314B8
97730305,CID05E224F601B488DA7
97730581,CI3DA9ED8B69A04E7587
97736044,CI183B4870B36A44909B
97730185,CI7E3F95B9060E44F1B4
86100014,CI1ABCC6E318A24C7EA9
97730083,CIA860677473BD44B085
97730308,CIC4E48B951F70416E9A
97730582,CI922913920D33474F94
97730405,CI96585688A81A46DD80
97610919,CI488F5C80BC174242AC
97730187,CID13BD3279B1442EE85
97730406,CI0A6F91A06FDE45B79A
86100015,CI2CA36CDBF4AE4638AC
97730087,CI8EFF5DED2A004DE28D
97730311,CI339A6BAB8F934F599C
38825966,CI623FDB516D5B4D739E
97730583,CI62969E989775472CA6
97730193,CI0304AC58844F4AC69B
97730411,CID81D8BD3BD51416383
86100016,CIACED428F4C024CF49A
97730088,CIEE918E3F62BC43E2A7
97730314,CI0E6F1CA916584D2B86
97728628,CIAE8BA3457337455DA4
97730584,CI864C95F14DC04666AD
97730200,CI43C0D0B651D9485A9F
97730412,CIA9BE18B4D4C449A1AE
86100017,CI042A202A8BB4411FAF
97730091,CI0576652377264D84AE
97730315,CI11046DD70FFB4E9CBA
97730590,CI040D95ED900A458698
97728746,CI20FF3FDBAB5E403B99
97730222,CIBB2EBB5B3EDC43A1A0
97730415,CI4CF0BB6541B145DA9B
86100018,CIDE9D89ECAE01427EB7
97730101,CI7222F0E091C04E55B9
97730316,CIB830985B0DE14DA794
97730595,CI1693510A277D4A14A6
97728637,CICCB13AD4E5234F5B8F
97730224,CI1149B585CF4048C98B
97730416,CI53B8F7FCAB0A4FC68E
86100019,CI47BAF329A6A8467FB6
97730105,CI0F9A187429AE469FA7
97730321,CI35956BF70E474C8C95
97730602,CI8915834F82E149EE86
97728627,CI148B4EDBD3204A9FBB
97730226,CIBE446144CADD451AB0
97730420,CI7815AAFCBE454B288C
86100020,CI22181EEBA7994A2194
97730105,CI06B5BC4E355F43FA9A
97730323,CI552EC9D28DD7472E8C
97730605,CIF2D6AD57591D43F5B8
86100021,CI59779FEDE09647BB9B
97730437,CI813E0D9367D6451386
97730228,CI9FEDB60A459F415EB3
97730107,CICEC95466ABE84E0187
97730324,CIE8C78E94713644BE96
97730606,CI11056A8025154A61BF
97729179,CIAF7A6DE6E0554E30B8
97730233,CIE95EF5AAD47F44E5BE
97730445,CI3E837D2260264AA5AD
86100022,CI2DC8ADBEE89E46A587
97730110,CI5D22AEC9AEAB4FA499
97740936,CI9861B431E05646F4B1
97730326,CI1F67F99A62C446D5AA
97730607,CIE69ADC0B97B0425FB3
97730234,CI4614034FF48A498CBD
97728634,CI8A67E375C64D48F099
97730445,CID1ECE14C2370402F9D
86100023,CI8205D613DD294BFAA4
97730111,CI6737CC4A37BC4C58A9
97730331,CI8FA0AF6D4AF147E5B3
97730608,CI1E4F48373FBA487180
97728638,CIC09A9A41DDB44AA5AE
97730235,CI29B57D61CC5C4619B9
97730452,CIA7F55A0B1AA74FA38F
86100024,CICC0F9837EA9D4605BD
97730112,CIB69247A7470445DB93
97730335,CI42C1145EA8A1486B8A
97728629,CIA59904382D05436CBD
97730615,CI6243E60E3DE440F88A
97730238,CI4FC904781DB3459390
97730460,CIDB09F17C643147C4A1
86100025,CI36AC4242C0AF417191
97730114,CI6EF4434FE9694EF195
97730336,CI473E17A6757B4817B4
97730616,CI13CBC9E10EF5438C88
97730002,CI47F273ECECFA4B0699
97730243,CIF3E3D3FF4D2E404F86
97730461,CICE06CAEA34264CFCA3
86100026,CIF3A92F0A09EC46FE99
97730124,CI63E848E33DDE4361A8
97730337,CI318A9352845C492296
97730619,CIB740EAEB2F8543BFB1
97730005,CI28F1F18340C2432F9C
97730246,CIAE9A3C0CDA0A471699
97730462,CI1C437719980D4DF6A0
86100027,CI5EA9FFACB1D54C2A86
97730125,CI1605EF7294D3402788
97730342,CI37C7B70FBE064A0990
97730667,CI2BFB3CF840BC47F1B2
97730022,CICBCBD56758604103AE
97730251,CI76D58AD5AF4A4ECF9F
86100028,CID7C5B13B901546B0BF
97730463,CI94580A19710A4373A8
97730126,CI7DDCC7E260484C2F81
97730342,CIF6F8A76A26CF4BD28A
97730668,CI4CB2849E1326472D8F
97730030,CI77DBC48341114CB5A7
97730251,CI699428AD42BB455AA3
97730466,CI22424AC13BCA47FC88
86100029,CI3E616E127BCB470DA2
97730127,CI3E2AAA7A764C4DD9A2
97730343,CI6E09A39F434648DBBB
97730670,CIDB61223680F048DAA1
97730054,CI111726E792744EA9A8
97730268,CI745D9E04F8664339B7
97730467,CI70D07A33CA054D6494
86100030,CIB3CD97D754C54DAC8D
97730129,CI1242E0816802401F85
97730344,CIC0380F3A2D5C49E7B4
86100001,CI3C91B2FC11B946BEA7
97730057,CI2FDA6499959E4D6EBC
97730271,CIF3AD29E1230948A7B6
86100031,CI7A7E621D6F2445169E
97730468,CI99D709D5D3904DB085
97730143,CID1D48C0536CF42A8B1
97730345,CI26F1FADB13424904B1
86100002,CIA22685C29E2349DEAD
97730274,CIAB809BA2A3CE4D7F85
97730058,CI99C060C5841B4535AB
97730470,CI55774B62A6A842E7AF
86100032,CIE86D579C5A7D44E381
97730151,CI7E2E3669E67143BA98
97730346,CI134984FCFD2C4998AE
86100003,CI37857BA99E1740769A
97730059,CI806F6D21CC1541FCB3
97730277,CI5D82E05D7BF54C04B5
86100033,CIA98855BA8B004A6294
97730153,CICA8D0C106AA049819D
86100004,CI37D0BC21829049A689
97730476,CIA447523142AA4FD499
97730347,CI8DA01A97A8414E9A81
97730283,CI82B8429B149C477AA2
86100034,CIFB961C1CCAC54FACB3
97730158,CI100A652E73544018A0
97730348,CI0EC179451BEB4052B6
86100005,CI1680FADFDDC54266BC
97730285,CICE1D8E2C101B45E992
97730477,CID56F9E026D2A43B995
97730062,CI7B88D3725DC54D9B88
86100035,CI6DDE7C1C0BC841F3B6
97730162,CI5DE3A11B5CD34288AC
97730350,CI2153DAFFC05F4E5385
86100006,CI15B233CA5853462B95
97730063,CIDE8A5D94BE264E6AB8
97730286,CIBE68AECAB7464DA68B
97730481,CIF74140578B58445C81
86100036,CICC2830DBC0674AA796
97730167,CI5C4246532C254B5EB8
97730353,CID6B77F39D08D49C8A0
97730064,CI8BC8AAA53B79483A9C
97730287,CI36EAEA201C4D47499D
97730482,CI6FD0EEDCA4684B40BA
86100007,CI8527D72AEE8F444C87
97662981,CI0B0EF969CECA4714AD
97730170,CIF9CD260C51A44F8D9B
97730354,CIFFF7FBBACDCC4386A2
86100008,CI714A97ADA82540F7A0
97730067,CI5216A0E6BD974222A8
97730290,CI530663C7A1D2497591
97730484,CI7A885A8443234BC0A7
97643309,CIB2D948D498A741088A
97730172,CI54037444EB044010AB
97730356,CIEDB63F3F90934043AA
86100009,CI1CA41321EC324663AF
97730069,CI3E597D7FFDFF4EB1B0
97730294,CI48B7E0520D164457AB
97730487,CI536862C1B6F44E54A4
97732048,CIFD405D16C6414417BE
97730174,CI23ADCA13E4D84CA486
97730379,CIAC4B9B22B5F54CEC9D
86100009,CI3B7585A846794A1D84
97730071,CI31548B554D0648C9A1
97730295,CI655BB3F7810547A494
97730488,CI15F78DF6ADA649A185
97745795,CI56F95D743891485382
97730176,CI9D635A5576D64A138B
97730060,CI953E78878072497D93
97730396,CI6838C44CD2AC44A281
97730475,CI9634B20396FC4577BA
86100011,CI37BEEAE085E84FF49F
97730075,CI08966888B8D343CCB4
97730296,CIE9A11E143C444444A3
97730570,CIF696B671491448CC89
38832157,CI4643DECC49C74CC48D
97730177,CID0EEDED068534A11A8
97730402,CI9940745630B64EBF96
86100012,CI5BE53094183545C597
97730076,CI1CF5FDCE531D4A979F
97730578,CID963AC8BA32F4ED984
97730301,CI6B07A401C496485F99
97717286,CIEAF28DA839464A3E82
97730179,CIC67C4FC93F2B465B8F
97730403,CI1FB7C68BB0B6443396
86100013,CIBDD6D131F2D540B39E
97730078,CI91C5BE559F6F4AE7B0
97730305,CIEDDAD9C3375F4BFFAF
97730581,CID57AE58545C147C0B8
97736044,CIA3600B2FA0FB4DBA81
97730405,CIDBB89457F55F43E094
97730083,CI33FD40AC7ABE420CB5
97730305,CI1C7C12C68E914190B7
97730582,CI1F33506CBCB94875BA
86100015,CI2499FBBE41CA4EEB9A
97730406,CI7F3BADED4F8E47788D
97730087,CI52C013A8C9194CCDBB
97610919,CI74EF52A3D84F477395
97730311,CID49CD35796DE4C26B3
97730583,CIA34CD6DCC323406491
86100014,CI86807DE9A689496F87
38825966,CI03AC0284781345B59F
97730193,CIE328D7DFB4914FB390
97730185,CI941006F164E440E687
97730411,CIBD0B03CBE8DD4DAC82
97730187,CI9594F521B58F4ED7B5
86100016,CI89F6F9626DA9496090
97730088,CIFCD71B2B7B7A40B19F
97730314,CI4A518A9113D942DFAF
97730584,CI57292C2646FB4C61A1
97728628,CID992548651144C9993
97730200,CI666BCFCE31C9400C92
97730412,CI7E6A1A0E3344427ABA
86100017,CI02A093A885C14B8DB5
97730091,CI709C63D3F66A42EDB7
97730315,CIC897D7595D5A4E8FB7
97730590,CI33B4C1908AD94D5E86
97728746,CI7D753C43A7584A3B89
97730222,CIA7B8571EF2A64B00BC
97730415,CI9F03DFBBE92A40A19F
86100018,CI501047D7A99C447696
97730101,CIE3E0A13A4188425AA0
97730316,CIB7661EDD1C3448459A
97730590,CI2F70A96A3F0B45C8BD
97728637,CI0740BCE3C9624004B4
97730224,CICF4DBA93EFED4CB286
97730416,CI22FD067C5E4A4FB0A2
86100019,CIA9F09A1671DD4E959A
97730105,CIF9E6008CC4B5448186
97730321,CI7FB050FA4A9949889C
97730602,CIF83107F6C8F2461F86
97730226,CI3C2A56922FC94F05AC
97730420,CI8F64C7B23D794D5886
97728627,CI9D4BC8CA0B314B7995
86100020,CIEE46A6FAE1DC4E0DAF
97730106,CI3400A5A55FC94C5EAA
97730323,CI1C6AFFBA6D8C4020B4
97730605,CI31630B9BA52B4F5CAA
97740936,CID0E1EF73AACF41859A
97730228,CI9B15D5474E9043F299
97730437,CIF81BBB56EC6248509D
86100021,CIDB50979DB1764D82A9
97730107,CIAE0BDBBCAE764886AB
97730324,CI04669FB4CA1146E9A9
97730606,CI57BEDC98E382413AB9
97729179,CI23FB48B1E7B848BA80
97730233,CI6961DD9BA6D44EAFA0
97730445,CIFE0CC4EA3580487FB9
86100022,CIDB38B454E43E4F3282
97730110,CID24DD0EC816A4F0E94
97730326,CIA95E8170F0C148B8B6
97730607,CIFE4465B3329D4CDB97
97728634,CIFBCC16DE619A45EA82
97730234,CI23D7E7CF664E433191
97730451,CIF182A34E31A2479686
97730331,CI401B9FC7FCE342C691
97730608,CICD592C1E3D3E4189A9
97728638,CI4EE6AF5064484DE19C
97730235,CIE612E5D8C4C9413594
97730452,CI585C66D4D06E4E01BE
86100024,CI52C2381696F2400D9A
97730335,CIAE6898EE6D9340C3B9
97730615,CI1B8580EDC8E849EC8D
97728629,CI03B45C49D224449393
97730238,CIB5390A66651E46E8B0
97730112,CI7284C6F629EC40E5A2
97730336,CIA08DC292A1184D33A6
97730616,CI32A0BAE7AFA349A29B
97730002,CIE197149EDB0C468DB2
97730243,CI3F7AC9AF802345628C
86100025,CI80782AB590C44566AD
97730461,CIE72DC48F31B0439A81
86100026,CI5B7DBCD47BA045878C
97730337,CI2B3219A7A33B41E481
97730619,CI64CAD53B5C74468BAD
86100023,CI895D0C689B0D47338B
97730005,CIFC2526B70F3B4CBD9A
97730246,CIFDA2A7AB59DF4B1A9B
97730462,CICA4901383E6D4653A9
86100027,CI7114D0BAC7544B2D90
97730125,CID2481B4B41F04B34BD
97730339,CIBA33EDE43EEB4061BA
97730667,CI55CA5DB5067543F1B0
97730022,CI20D51B2AC44246D38C
97730251,CI23719B56185641AD99
97730124,CI9F67DAF36F8D4BE2BB
97730463,CI42184070823A426893
86100028,CIFF81A6B816284F8682
97730126,CICB16E314D64248E380
97730342,CIC1C10DE9978A489FBB
97730668,CI002FADE5C721434F89
97730030,CI1984D95C0F9747C3AC
97730266,CIEA03EB645C6B42339E
97730111,CI926B4BAEF06948E09B
97730466,CI38ABA4D22C25468DB6
86100029,CIEAFD5CED5B874B77A3
97730127,CIA00D84416394490D9A
97730343,CIB3DB0D69CF024943B0
97730114,CI94FDBA4931434BC086
97730670,CI8AAB69DF2FEB4EB38E
97730054,CID045E6293935460FA0
97730268,CID908BE107F3147499D
97730467,CIA32F1114E0A04E6486
86100030,CI0D19A3B8F4EB4295AE
97730129,CI2C9260102B7D41128C
97730344,CI3B71B938AFFF44AFB0
86100001,CI9449EBA31E10491BAA
97730460,CI9540C82A3D954FE49B
97730057,CIA71C9481EC1349C6BE
97730271,CID90B7992860D4ED0A0
97730468,CIDCFCC7DF3DC74FC08D
86100031,CIB4750B97BCC9407992
97730345,CID8CE256D3D214E46AE
86100002,CI01F347A7175B4E7EB8
97730058,CI004FCBDED0324A9ABA
97730143,CI9CD38F43A144491E9C
97730274,CIC30B0B253E674F58A8
97730470,CI81C7484084D944FD88
86100032,CIB82AE306EEF74D6B8B
97730151,CI39F96B2FBF4543BFB0
97730346,CID8CBD8CA6F8D47D39F
86100003,CI91D751F8FC8949D88A
97730059,CI5CBB49946B514AB289
97730277,CID028C2F010634CB382
86100033,CI5DEC271C961E481ABD
97730153,CI1B926F686B154E4E84
86100004,CI3DA00F7832B1414E8E
97730475,CI8BF74D12946444CCAF
97730347,CI8FB1F8C91C2C49C2A3
97730060,CI718A9D423DE84F6E81
97730476,CI5B8FFDBC14D8499EA9
97730283,CI750A0E70BE304AF18C
86100034,CICF34A916024247D28D
97730158,CI8D930D068B4E4F70A7
86100005,CI451BE033C2F241FBB3
97730062,CI4DE1E5122ED74566A8
97730285,CI205140EF60AF4CB5B3
97730477,CI68970760183349AC9E
97730162,CI083F7B774D4E423B80
86100035,CI9B82FB621195421D98
97730350,CI3AE53D246EBE48BDA1
86100006,CIA2D8A5732B024E0FBD
97730063,CI524255218EA74A7692
97730286,CIE364EC076CEF475EB8
97730481,CI65CBA6080FB9430CB1
86100036,CI23E0ADEB5E524704B4
97730353,CI7F07BAD0E325420B90
86100007,CI1E1A66084EEF41EEB6
97730064,CIAF110F0CE2EF468AB5
97730287,CI392383C4AA0540AAA1
97730170,CI856B8D69D179405DA7
97662981,CI9EE6868FDE264D65BC
97730354,CIFEF47A2762F14DA4BB
97730482,CI948ACC69C07A4F5F9D
86100008,CI3A8BC8657765428E9B
97730067,CI1883D4C72A1B446A86
97730290,CIB33EAF5BC5DA482BA8
97730484,CIBD9E49CBB4224426AA
97643309,CI0BB1DA2C1CBA489690
97730172,CID0E4FEB29473413B8F
97730356,CIC11CC9AABF804BC997
97730167,CI99C64169814E4C8E8C
97730348,CI991569267A5845C1A1
86100009,CIC5035F7B842C45108C
97730069,CI3379959A94BE4FE882
97730294,CI9C242E32905548F791
97730487,CI88CC9C5A054D4B3CA5
97732048,CIFB8D5D251B194B83BB
97730174,CI238066B7C0844BC087
97730379,CID87463B21F5B4B1182
86100010,CID6A9CD7567B44D41B3
97730071,CI64813A21C2964200AF
97730295,CIF9D4A2361FCE49D4B4
97730488,CI8BD340DF24ED4E3280
97745795,CI35F3CB5287FD43C494
97730176,CI48B894E8CE0B4136A3
97730396,CI3C6A667C2A1C42EB98
86100011,CID9AEBEF5F2554BF4B1
97730075,CIB587AA28125F48F38D
38832157,CI22DF20AEB13B49DB80
97730177,CI383A6935ABCB40EDBF
97730296,CI75FBCAC571784A8DB3
97730402,CI2EE23A2C99B5488B89
86100012,CI32541E44F63347038F
97730076,CIF8A0CFE2D994400681
97730301,CIBC466DDCF0F94BE2B7
97730578,CIB7FE485D35FD40A59E
97717286,CI5A19E4641D484AA99C
97730179,CIEFC237460482427182
97730403,CIFAB7783E9771472093
86100013,CIF86141AB1CBC41698E
97730078,CIF01B15A4028344EFAE
97730305,CI5C1781AB86EC4FF4B8
97730581,CI9A4915C447EF484EB3
97736044,CIE07701DD83A54195B2
97730185,CIB5888B2DFB1247AF9C
97730405,CIF0F122A45D7B49CDBC
86100014,CID82017F1F7DD4B8E81
97730570,CI94477C27788F4F68B2
97730083,CI79A7556D3D3A418A97
97730308,CI630C35FC3D154996A5
97730582,CID3AF5D74085143E9AF
97610919,CI64F05E28C766407191
97730187,CIBC0292B43A8B40558B
97730406,CICF390DDCA0F0412AA8
86100015,CIBAC5840EB96D498CA9
97730087,CI28F2391AEC7040CAA7
97730311,CIFF8CDE0C2BB642528B
97730583,CI2A00DDE7B8A24881A7
38825966,CI420138F7E2A94B98A2
97730411,CI6DF0493DC73E4207B4
86100016,CIB9C1406EDA604D98BC
97730088,CIE8DD8AA97CE043B489
97730314,CIF71C5050292443EC96
97730193,CI7323DE30104A4A71A2
97730584,CIDDA73534E3DC46C49B
97728628,CI296506C021E34444A4
97730200,CI74D070F19044426CA1
97730412,CIC152627324C54D6D9A
86100017,CI5C15DDD2FAC942F2A7
97730091,CICD5AB460817D4E5A99
97730315,CI7E8C4F12B45D40FBAE
97730590,CIB27E2A53A60748299E
97728746,CI512AB45375C64ED797
97730222,CI7FCF8A3227F54E8D9F
97730415,CI740E242F9D544EBDB0
86100018,CI4F885E5CABFB4EF6BB
97730101,CI0EAD8955518247DC93
97730316,CIA2C1C3CDBC5244678F
97730595,CI202F0A549A5E4EF29A
97728637,CIF79F8D0587684EB1A3
97730224,CI9E982AF459F346839D
97730416,CICCF969527A1847C29A
86100019,CI21A7DD53376B43F0BE
97730105,CI751AB07DBB67401A9A
97730321,CIAC9CB0BA68DE4B638B
97730602,CI8DADEE0A1A72479791
97728627,CI2BE2092C517F47BDBB
97730226,CI4B478213AD804C1592
97730420,CIE4DFDA6FA3734A0483
86100020,CI28EEE14FE60D4C9492
97730106,CI90ACEFB070F64194B8
97730323,CI68878FC440384113B4
97730605,CIEA28953BF2514E9CAD
97740936,CI4A7E604E8F3D448D88
97730228,CI5866857B256041B081
97730437,CI73EB5F619559402A97
86100021,CIA2E156DEC583411EBC
97730107,CI73DFD65DC23A457C9E
97730324,CI5B62F2332DAC4683AA
97730606,CI0A32A8E6A24E4686AE
97729179,CI8B86873E17F742AB94
97730233,CID6A20EFC0EFE49F79F
97730445,CI6A92BDC4370E466D97
86100022,CIDA8F835C19D841219F
97730110,CI24C2422F37FA4E6187
97730326,CIC026C9D46793420993
97730607,CIBEA9DA6F6FAA4DD3B6
97728634,CI53D4E37CBFAA4D9095
97730234,CI4DF54D877A3648A9A8
97730451,CI6393EE3B9A4C4DFB91
86100023,CI1C14B65590B94E5F81
97730111,CIA78BAC3DA96D465191
97730331,CI8BB88BD5D5A6421793
97730608,CIDC28045BC04B4591A7
97728638,CI5B607D90EAB34F5BA7
97730235,CI1B1DE5EE2AB54D3990
97730452,CIB04363C0331F4C5F82
86100024,CIF8DA286AE4234CFE8C
97730112,CI16559AB5FC5047FDA9
97730335,CIDFF821B68A00462BB5
97730615,CI9AE575557804458D99
97728629,CI2E398C18729743C78E
97730238,CI267D163A0D77427293
97730460,CI73B0A00F7A724DCEBE
86100025,CIB26E95EF3B1945D18B
97730114,CICB646545D44F4E16BE
97730336,CIB7BF76FC9A7148ADA4
97730616,CIBD8F58DD34E2402B9A
97730002,CI7D335B29C28244BE8F
97730243,CICBABE7A77C3B402C9D
97730461,CI05A02708B5A34F3C81
86100026,CI2B93E34CE74B4A84B3
97730124,CI44A162D896CD46FC8A
97730619,CI5AA8D4CA83054890AA
97730337,CI8FBC474341904DA0A8
97730005,CIC5A3E3A6FE6B4D959D
97730462,CI35794F038FAE487EA7
97730246,CI9BF705E984B1424F94
86100027,CI41A4B917D2BA4D3B91
97730125,CI21BD45C36C3B4C4B9B
97730339,CI75359FF77FF04C348E
97730667,CI40A7F23EB325485DA0
97730022,CIE968B7A7CAB94A3EA1
97730246,CIA22A8E6C04E046DC8D
86100028,CI7532400438544B44BB
97730463,CI9A7AC04624F748EEB3
97730126,CIFE6054E7D30F4CCFAE
97730342,CI9198A13495244E3597
97730668,CIA5F3DFB136404F2B97
97730030,CIA55F6632B0F64FE7A1
97730266,CI39822753FF054D1698
97730466,CIC1A9F77332CB4FCFAB
86100029,CICAB594DAD876433BB2
97730127,CIE7A3278464FE40208C
97730343,CIAE9E82E3DFFA4326AA
97730670,CI3FD7B8D25F4C41B791
97730054,CI6FDBD20B35124FA1B1
97730268,CI38E1F5F49AE249E6A4
97730467,CI1B8A25CF9E6E437D85
86100030,CIDAF591ACA0AF4662A9
97730129,CIFEA66744DDA2427E81
97730344,CIC80286B9F8594226BA
86100001,CI7EAF792966BB463BBB
97730057,CI71532324B4B14438A3
97730271,CI37C9A0C8623E40B29C
97730468,CIEFAAF3E1F2674D0FA3
86100031,CI709EED8DB39A4555A6
97730143,CI8F797053993C4BD9AB
97730345,CI06BD262E01DB42D181
86100002,CIC1E394885058493E9C
97730058,CI80B357A44858437B9D
97730274,CI1C3DF033478D4F219A
97730470,CI26DA8FBB4EA3476A8C
86100032,CI5158B153010D4949A0
97730151,CI23BA7448125745E284
97730346,CICEF19C5842864F1896
86100003,CI0B7FD21A43374B14A6
97730059,CI1DC716030E294A8AAB
97730277,CI0E5B333F1C1B4F029F
97730475,CI619B5AEF67B441C1B2
86100033,CIA4FB5D46CF23425E8D
97730153,CI7ADAD98798504AF796
97730347,CI8023411637324C10A6
86100004,CI668DEFDDC43F4D7DB5
97730060,CIBE335AB9FE6B44FF9D
97730283,CI69407D29562047EEA9
97730476,CI7A0BAAC4BEF940ACBA
97730158,CI4F9744A856BA466BB6
97730348,CI1D2248B8088F4C308F
86100034,CI914E3A1C9C6848D8AB
86100005,CI7E1C72DC139E4E9191
97730062,CIF6FACF6DF6D74CCFAD
97730285,CI0D14A0A721A34EEFAB
97730477,CIB100AC31A0394F759A
86100035,CI18502D2C05AB4881BD
97730162,CIF3C79314C9954CDD94
97730350,CIE71A1ED5F3564A039F
86100006,CI676494AEB80C447D8C
97730286,CI439926EB5E584A889B
97730063,CI86F90F627E41402F92
97730481,CI6A5EE823437A4B67BB
86100036,CI28A894D725E8488FA8
97730167,CIE34A2EB14B9E4E2184
97730353,CIBB8864EA8E7843EB85
86100007,CI9205902972CF483A97
97730064,CIE0D644E251C64B6480
97730287,CI374E79365FFA426EB3
97730482,CI4833059D51D448CAAA
97662981,CI77C7E0A68B384CF2A7
97730170,CIA98449E419DC4EA482
97730354,CIA827B31C71FA44FF9B
86100008,CI5303FB05CDD84C3E8E
97730067,CI4DF95A1A24A24165B3
97730290,CI1A93D411E2F248B1BB
97730484,CIF03E2D90775A4659BD
97643309,CI76397943BEE14E92BA
97730172,CI35EBDC3483CF44B8A2
97730356,CI1149F131F1094D0A8A
86100009,CI45D6C611B157483698
97730069,CI8A8E77A090BB4CF390
97730294,CID1165E686787416F92
97730487,CIACDE43CB594745429C
97730174,CI02DAC097065A469C8B
97730379,CI72929E0AD68640C7AA
86100010,CIEEAA25F51AD74BC4AF
97730071,CID54F768B708346CA90
97730294,CIBEDB128F28504DE5B1
97730570,CICB37137A446647029C
97745795,CI11AE0EB0D5B64D0A8D
97732048,CI999BAA92F3964EC180
97730176,CIEAA14BBCCA0B4A34AA
97730396,CI9E9A0C1DB8314EAE82
86100011,CI5053C8CD1FEA44DE80
97730075,CIBF18DAC31421499681
97730296,CIFC658B133C734C0095
97730570,CIF8B9A86A950E45ABAD
38832157,CIB3A2C62EC22342A9B0
97730177,CIF801FC1A5910400787
97730402,CI77045FAA4977425FAC
86100012,CIE1905D416D6F46EEAA
97730076,CIA22C287210B24525A4
97730301,CI917CC81634134DF9A6
97730578,CI2A0753E282B441E2B1
97717286,CI3080C1BF0261492A9A
97730179,CI1BE45ECD2F154C9B89
86100013,CI259FB79DD5B4477DB3
97730403,CI931A9159A03A4F8C80
97730078,CIEC87C84A96AE447F96
97730581,CIAFABC3C61BFA43EB98
97730305,CI9F72AD2078DE4FD295
97736044,CIBDDCA38AA6F14BB980
97730185,CI5107D2F1E5EC4E4288
97730112,CI2B9FD62166A9464D86
97730615,CI2CD9B6B57DE547E19B
97728629,CI136B35A54C4B4093B5
97730238,CI7C791FB8FF3E4B1890
97730335,CI71CDCF4A017C42DF8E
97730460,CIE84E92D227C847BC91
86100025,CIDD1FA6C18D304EDAB7
97730114,CIB24FF481A5B5493B91
97730336,CIF05E90C676DE4BD0AE
97730616,CIB6120B4E290C442EBF
97730002,CI1CA67DE4DB3F46ADAE
97730243,CIE647B3F8CCF44E999F
97730461,CI173963F0954F4DA08F
97730124,CI51C8E6AD84EF4E3BB3
86100026,CI8751449BBE62493883
97730337,CI209CFFABDB0F42BC97
97730005,CIB3DB941244C84A6E86
97730619,CI62B26D283FD54F0AA5
97730246,CI03E632ECC0E24FC7A2
97730462,CIA5EA8752179E4F8DB1
86100027,CI9B6A67AFA6904B2BAA
97730125,CIF15E3E182A5045AC90
97730339,CI61A7FEF907DD483690
97730022,CIA595D2BF35464A7983
97730251,CIE12874E8FF31477391
97730667,CI7F39D2B8403E437F8A
97730463,CI71A492544FB647CF9E
86100028,CI3F868869D3394532A1
97730126,CIEF5C865E013049B482
97730342,CI50B3975776E14977AC
97730668,CI3CDB6B2D2F4346F582
97730030,CI52F212B86D094CC990
97730266,CIC0B265E7082347DFAE
97730466,CI64895A99BDE64FAEBA
86100029,CI66C3683EC1184E4B95
97730127,CI2AAED1CAB14346AA91
97730343,CI21D43A1FCFF5412D96
97730670,CI8F33233EDA1A47E6A1
97730054,CI964D8326F3C644A78B
97730268,CIDA16AF3317D540318B
97730467,CI886B895C6FC247F8B5
86100030,CI11898B5236B8480AA8
97730129,CIA9B639AEBD05497E8F
97730344,CID193D41126C04D53A2
86100001,CI2D42B1F9C1FF442797
97730057,CIB2614194B42A4C15BD
97730468,CI2CBF8D21990044E28A
86100031,CICAD23877F0924F8181
97730143,CIE37D49277021437A80
97730345,CI2E68DB7E186A4637AF
86100002,CI0FA1B2F60A1645978A
97730058,CIF71529739F034110BC
97730271,CI99531FEE62EA4B5FB3
97730274,CIC50A2270A98143A8AD
97730470,CI2C00A40516F44861A9
86100032,CI765067AA5F8F4FDD93
97730151,CI24A89D2B7B57405C94
97730346,CI41E3D86610AC4BA2BF
86100003,CI1BD12B33CA2E4A1FBE
97730059,CI45FC7A37F6CC4C87A2
97730277,CI8EFFD8CFA9B84C448E
97730475,CI6D7D848DD7244D26B9
86100033,CI02CFFB49C3504D14BB
97730153,CIF0B577BBC8574D2B96
86100004,CI7DAB8735F6DC47048E
97730060,CID28D03DDD6C646F583
97730283,CI03E58D995D5F48068F
97730476,CI33B9E3078BB44A02B2
86100034,CI88976934FB5F4234A5
97730348,CIC4A9ED62D34145DFB4
86100005,CI7DF7DC14BDD8416F8A
97730062,CI35D4264439584415AF
97730158,CI9FC87D87D3194565B6
97730285,CIE37EFA28BCA0474193
97730347,CI9658F5723219467E85
97730477,CI97407A3714DB41A08A
86100035,CI30F1E3C633F8453F89
97730162,CICD1DBA8891774DBF9E
97730350,CI7ACB1F33DD9741C1AE
97730063,CI2502BF7A2B184DE4AC
86100006,CI93E571CFBBFD48B8B9
97730286,CI605A77CD40AA44CFBB
97730481,CI4675B830BFD84444B5
86100036,CIBF0C556FC36F4650A7
97730167,CIC84806BD54724BFE8C
97730353,CI60F35EF0A31D4ACFAE
86100007,CI3E0969C31D8340F8A1
97730064,CID0F1B7B3AF8E49F3AB
97730287,CIB1EB1545D6C042D7B9
97730482,CI358879F14F7B47C29B
97662981,CI19D33F5417A142C6BA
97730170,CIA6CF3A30C6EA4CB3B0
97730354,CI81C5B616580D40B89C
86100008,CI18B7A98A61FC491DA4
97730067,CIE455DA8ED69B4A9B8A
97730290,CI9773FAECF8DC4443B8
97730484,CI1ED13518CCD94E2396
97643309,CI5D353A35ECE6437FA3
97730172,CI3D12E7AB87974B12B2
97730354,CIE3A967B22098458EA5
86100009,CI3B5C296A97FC4642B6
97730069,CIF3D044CCF67A4A7DA2
97730294,CIF43EFA6A105240A685
97730487,CIC57FCDE16C1347A293
97732048,CID399BBC5BECB41009F
97730174,CI7D67801CF27346208C
86100010,CI159B5A957A634D6B88
97730071,CIAB0CA3C4AE6549E089
97730295,CID39BD7ECAF1045CFAD
97730488,CIC7729A117390465380
97730379,CI7A92063E1A8F4DC88C
97730176,CI12E0B7E06B9E40B580
97745795,CI71416DFF64C84DAA8B
97730396,CIC2A24CD5A35E4843A0
86100011,CIAC1210C023C54D83BE
97730296,CI397E9B1783324454A9
97730570,CIB93B64A0CBDF459582
38832157,CI4EE5E43FF48445F08F
97730075,CI89FEE2F47F9C4A05BE
97730177,CI2E42EC87B15743B39D
97730402,CI562F8BFF00374D93B3
86100012,CIC8B31C306CE74B7783
97730078,CIC2EBEA6247154EA6B2
97730301,CIC07B0B93AA7F41399B
97730578,CI40489BF3E5D9458F9D
97717286,CI0B07291F409D44FF9C
97730179,CID5FF71E5B04446638E
97730403,CIF11F7129A24440E0AD
86100013,CIAC85DCDE0D4545FB93
97730078,CIDCCA6469A55A43928D
97730305,CI91C929C4746A47E9AD
97730581,CIFEBD42063AFC431A9E
97736044,CI53670203F5EE4433A2
97730185,CI57DC532050244D64BC
97730405,CID6347C07B85647DC81
86100014,CI6A631B772E2A44C5B6
97730083,CI87710965D5774034BA
97730308,CI9CF84CEA0496479D8B
97730582,CIBF6F78480C2D409391
97610919,CI52F71465C34343FFB2
97730406,CI48B4CFF1DAF14370A1
97730187,CI7A14BB553E574BFB92
97730087,CI0649DF246E49482C8D
97730311,CI46EA387370564413B5
86100015,CI8BFAB46B90D0419B90
97730583,CI8CE2C54455344259A2
38825966,CIE1E73C0F4234475E9F
97730193,CI035FA14333214E9BB3
97730411,CI543D6E1748B643D683
86100016,CIFBDFAAFD60AE41EC9B
97730088,CI48C45CF6944F499597
97730314,CI17216E9C22BB4D3E8A
97730584,CI2B0E871E8A3C4C238F
97728628,CI2D10453C9AFC4D3EBE
97730200,CI2046871CB051453CB9
97730412,CI6CD25653BD1F4B49A3
86100017,CIA6AC103506A8465EB7
97730091,CI38DD888ED5314A1EB6
97730315,CID045E019EAE34644BA
97730590,CI866D831C667F4BC6B4
97728746,CI560D290FA2924B2DB9
97730222,CIF2B0BF7BEDA841CF94
97730415,CI6FE840264A1848F9BA
86100018,CIEDCA1DF50F2E4BD3A5
97730101,CI531EF06214DC4736B0
97730316,CI5B58614EB3EC407E8F
97730595,CI10A5248AF63E48B0AA
97728637,CI47199BC7293849FEAE
97730224,CI67B94BE4BC364D4A91
97730416,CIA8595452323341C382
86100019,CI947B836FAB5648F1B8
97730105,CIFF566FC7BD4544A480
97730321,CID1B53DF773F34869B2
97730602,CI06C50FE2D16846F580
97728627,CI702DFFDFD22D4A1CBE
97730226,CI82018080C08C4DB5A9
97730420,CIF477386E182C44CB8F
86100020,CI31F325D7CEC84333A4
97730106,CI6BAF0C94362A4C0591
97730323,CIBEFCCFF713514104A4
97730605,CI627A1BD0FD6D4FC5A4
97740936,CI4034E90C8BDB4248B3
97730228,CI3730F257C91149D090
97730437,CI8C99FD6CA0334F009F
86100021,CIEDB5EB849B074F80A6
97730107,CI213C091BC5EF4731B0
97730324,CIDF6A63171FBB448EA0
97730606,CI16FB6CBDC03C4D439A
97729179,CI212F94093B7C4A069F
97730233,CI6CCA2F05F08249499D
97730445,CI6FCF59D718B84F9DB5
86100022,CI0A9B56DE8E8B4D06AD
97730110,CIB08F20FABACD48E3BC
97730326,CIF93E1BFC40694AD08F
97730607,CIC29A5DAD3185404D81
97728634,CI71A175F0950B4EEF8A
97730234,CID358549EAE7C40DC9D
97730451,CI8713A23D7BDA46F980
86100023,CI71F27E720BCA4DC38D
97730111,CID13690492C3B461AA2
97730331,CIE0DBE9E1D6A44D3F8E
97730608,CI1B12F68554204C49BD
97728638,CI79F5546CDFE74986A1
97730235,CID2A22254C92042D1AE
97730452,CIB080A5DAF1774D7487
86100024,CIEF5AA1ABE46E4E5CA8
97730112,CI0B83CD8FBCB7408D98
97730335,CI5898FD8D9A2E478CB0
97730615,CIE32371DBC3AD4C7DB9
97728629,CI25A1C9C582DB48478A
97730238,CI69A2DB31F1EA474CB3
97730460,CI8BF0702968B14E9EAF
86100025,CIBD0232E0A8A6425391
97730336,CI3A10011D97144077BF
97730616,CI0AACB0BCBE2B4BA3A3
97730114,CI7671D0B95EBD45F6AA
97730002,CIA8FCAF0270A441AF95
97730243,CIAE8FC3141EDD4D22AA
97730461,CI1383CDA3BB34454BAE
86100026,CI97E0DC35BFEC40BBBA
97730124,CIFCC167F72F104AE5B5
97730337,CIF755978E9DB94285B4
97730619,CIA21E116560F949FCA5
97730005,CIF17794BB56CF422CB4
97730246,CI88125533E352420D8F
97730462,CI75C1E0A432204D3999
86100027,CI99479945DB954DF080
97730125,CI8B925DAC019C4B4D87
97730339,CI421543F48F4A4D4CA0
97730667,CI52D03B9A7FC04AA48F
97730022,CIB902F12718BC4CC68E
97730251,CICBC79D6A021446F1A0
97730463,CI490715C4A4A44EFB93
86100028,CIA5E9EB7F5109420494
97730126,CI06BE465789D2475EB8
97730342,CIC582B9391C0E42648F
97730668,CICFBF3CEB63A34586BB
97730030,CID0162131213744CB8E
97730266,CIB754146FFFCB4C1A85
97730466,CIBC5F255E77D647D893
86100029,CI7515832E682C498282
97730127,CI854D9C54746749C584
97730343,CI0E302637FBC1465ABD
97730670,CI722127EDA2B84491B6
97730054,CIAF510C8E69E6402ABB
97730268,CI2814EEB1D7C44D2587
97730467,CI9063030C901447F289
86100030,CI6A176C5DD2A04EAEAD
97730129,CI6A2C79114A3A4DE8A5
97730344,CI72C3CEEE396848D196
86100001,CIAD5E41511A764811AF
97730057,CI6EF6370F96BC4C15A2
97730271,CIAAF2157302CC414FA5
97730468,CI32985B3216854B3D81
86100031,CIF16D3F78E5D54CA881
97730151,CI001F610AC44942428F
97730345,CID597890B2CF948B490
86100002,CI375952A2EE49460F84
97730274,CI38C8111C95D8426F8F
97730058,CI9EEA21D027B94391A4
97730470,CIC32BB4ED80E54A5889
86100032,CI9ACE3BD3CFA843999A
97730151,CIACE8DD0A0B5A481EAA
97730346,CIB7A40D6644BE4F84B1
86100003,CI1DCE2FCA1FC44CD29E
97730059,CIE432734FF8B44EF498
97730277,CI004E35C0A5A84B81BB
97730475,CI53E4DEABBBE240EC98
86100033,CI0E4C6BB0B6B34B8E89
97730153,CI50860B271D7E4354B8
97730347,CIE2C4D6B52FD7491093
86100003,CIF64B0741F60A4143A6
97730060,CID0D264156C4E44F999
97730283,CID7CC9779D6A7440CBC
97730476,CI9B555C5F17A84C87B6
86100034,CI934E9D1D2B9446938D
97730158,CI5A826242C2C64669B1
97730348,CIFD719705BC7A421F82
86100005,CI9F06B3F4D67F4C8AB1
97730062,CID789801DEC3649439E
97730285,CID96B102DFA254A5B85
97730477,CIADFB017AB8FA424590
86100035,CI122BC849BE414811A6
97730162,CI13B44CE7F2A94D6BB9
97730350,CIAC3E699599A44B46B8
86100006,CI4818D3FECC7C42CCAA
97730062,CI161AE70402F84227B7
97730286,CID4CA6B0EC2894F4FBE
97730481,CIDCB423D499A04EE390
86100036,CI06398473D7834319A0
97730167,CI177E935A4D464D52A1
97730353,CIA60D7B4E550C4B46A6
86100007,CI50C0914FD5534357A7
97730064,CIB4A8869D22034659BD
97730287,CI75CDE7CB448A442685
97730482,CI4F301C5652EC42DA82
97730112,CI0520D1E0DD1343899E
97730615,CIFDBE99351F4C41E9B5
97730335,CI7A32B6F0EFD044B4B7
97728629,CI6B1F0D4E352B494691
97730238,CIAEFCCD227F8341CA9D
97730460,CIE3B0185E24DB42CD95
86100025,CIFBF7B290ABA04D9CA5
97730336,CI1EE0C9FC00164550B6
97730616,CI3613E71C6F884F6780
97730002,CI4DBDC3E51B504FB1A6
97730114,CI67F07B225B614D1C99
97730461,CI22F6E8C332574B768F
86100026,CIDD3294C4EDD340B59F
97730124,CI38F9FD12557C44458D
97730337,CIC9AEED69C71E4DFE82
97730619,CIBDB165B9F7D64D35B2
97730005,CIE67A2A19A26A48F5B9
97730243,CI83D975B7950D484FAE
97730246,CIE8E0111BB95D400A9A
97730462,CIF82A13DDE7054848B5
86100027,CIC20FE54E7CF445CDB4
97730125,CICA221F2C7F0048C1A5
97730339,CI38EE5D42896743ABB7
97730667,CIBB1B6766F4194092BD
97730022,CI973F576102B6411094
97730251,CIF904EA9C634D474AB2
97730463,CI78527B1686CF4FE399
86100028,CI3C93462B14864028AD
97730126,CI7181DA8AA5D54B329A
97730342,CIC855E5514645497CB1
97730668,CI4F19E1E9ACA0492F8C
97730030,CIE135ED12A59A4A1FA0
97730266,CI4F37DB7CB9B7473CA9
97730466,CIBAF0F218754D4C77B0
86100029,CI2C1968967300493FB2
97730127,CIC4EFFB65A90D40E6AF
97730343,CI1028C0DF37BB4261B2
97730670,CID20D875D46574853A9
97730054,CIF24E9110C646492696
97730268,CI22BED0FEC6D144E6BF
97730467,CI0CC5AC1DE7D94ED0A7
86100030,CI64609804A6E444FDBD
97730129,CI5E39700546F649E985
97730344,CI6697675935EE4D8CB4
97730057,CI5C855F0E67BE41A58B
97730271,CIBFBAC50B2544470397
97730468,CI175A666F0991446591
86100031,CI0F07021246EA4791AE
97730143,CI6828DBB075AB461DB7
86100001,CI9D3081AA82B64668B4
86100002,CI80D95D1D230243D9AF
97730058,CIB2D1E9FFC04D4003B3
97730345,CI990D360A1649497090
97730274,CID987042640104BDBB8
97730470,CI1818E13F9E7E4EF5A3
97730151,CI051B572C7D0146CFB2
86100032,CI77505E6CB545499692
97730346,CI7E13ABA172D443CD97
86100003,CI5B9B59A8E121498E9E
97730475,CI362B81D62A924CBBBC
86100033,CI2C9067E0EB7C465B92
97730151,CIB42161ACD2A84F12BA
97730059,CI811B5254A49942468A
97730277,CI85673F9E7F754C5C98
97730347,CI3161326054CA40A68E
86100004,CI4E5F1AF1394D4C80BB
97730283,CI0F3058F5CA434FDCB1
97730476,CIECAA8355E7DE43F690
97730060,CI8EF5DD85FBC243DB99
86100034,CIEA1991CD00214F9C8C
97730158,CI1A781752F27348348A
97730348,CICDDBCA37283843608D
86100005,CI551FB61F2CF14F4483
97730062,CI79A8AF421FF64C19B0
97730285,CIFCBDE2CD0E5447AE9A
97730477,CI69DE7EC0A5EA4074BA
97730162,CI2845685DD917408A80
86100035,CI5E6A35D2CCD04A7DA8
86100006,CI822D87CE4A774FA294
97730063,CI5742153F98E048B9A2
97730286,CI5378B8C96BAD490DAE
97730481,CI3198B1BCACF14B769D
97730350,CI9A53A89D21D14391AF
86100036,CIFA0DDBB68AC340E9BF
97730167,CIDDD1359AEE3B41B89B
97730353,CIE2BE682370BF4DB1BA
86100007,CID7A191E2506B47028E
97730064,CI48520D4DA7D84F1CA9
97730287,CI50A9C668D7B447BFA7
97730170,CIE3C0EE7EAC4245F497
97730354,CIEB06DA8C18D54A63BA
97662981,CI857FBF610549410991
97730482,CI8942770EE92644EB91
86100008,CI80421110CA0F458FBF
97730067,CIE6B6A8D2ADA84963A6
97730290,CI1F5D6F6DC9E0432EBA
97730484,CIFDDBE3A6F28C432C9D
97643309,CI43278AC08D4C423A82
97730356,CIC8136605EC7E4DE6B2
86100009,CI887E394DD0CC4070A7
97730069,CIBACA2036EE914BA792
97730294,CI3A8891C2C9CB41CFB9
97730487,CIFB5FF0CAE9194EF1A4
97732048,CICCAF96D0031A45D5B1
97730379,CI00C0EE0EBDD941D68A
86100010,CI2E3EC8679F804108AD
97730071,CIADCA3B0D40CD486DA8
97730295,CIA94B3A0FF2274352B0
97730488,CIA209085E94F94C98B9
97745795,CID91E858A046349ED93
97730174,CI938E93A632F14E90BD
97730176,CIDA5812475AFB4E48BA
86100011,CIE0FE72FF5BB7447BAF
97730396,CI95A6765288D348C0BA
97730075,CI21BD38027F3D4FB4BB
97730296,CI41CDE6882CFF4CE2A1
97730570,CIEA45804E6478427DA6
38832157,CI617BED777EAE47F794
97730177,CI8B13FB5B68B84E1CB6
97730402,CIEB79A04A8620420FBA
86100012,CIE3C2289080FF4D2F88
97730076,CIE8A13580E51D4562A7
97730301,CI31BC156D0BD849DC9B
97730578,CIFD34FCCB0CEF46E092
97717286,CIFE9194D715C645C4A0
97730172,CI982A30079FAB41CCB9
97730179,CI667E9652D30A4594AA
97730403,CIFFDB47ACC8204B0BA5
86100013,CI2222848DD7D349CFAA
97730305,CI4C1D2ABBBF1440C19B
97730581,CI6C6629F7511B4BBCA2
97730078,CI9212B580165A4C4185
97736044,CI09AB9C232DEB44CB87
97730185,CIA856A0FD2493454194
97730405,CIDCE147A2C0484AF6BA
86100014,CIE5E882850DE240BEB6
97730083,CIC8F4B28DEF2D43E7AA
97730308,CIC7ECC9782AEB4102B9
97730581,CIFDDABB7878DF472894
97610919,CI7E5CEC38A5834BA483
97730187,CI637739206F724F2883
97730406,CI6EFB4D5296434564B0
86100015,CI0F0048122DF547B1B7
97730087,CI5FD4C5B2D7854EC4B3
97730311,CI84BBDC8EB8074E06BB
97730583,CIDC7BF7F6D4D943B68C
38825966,CI0826969B530C468B83
97730193,CI8C5FBC2E1F4F4275AF
97730411,CI09D5CA4951AF481EB2
97730088,CIEE5AC6FF05044F589C
97730314,CIF7ABB93ED297429BA2
86100016,CI9C6326FB8537484785
97730584,CIAEF84C174D474AE69E
97728628,CI322244BD4D674C4090
97730200,CI33DD42BA6F074C50BA
97730412,CI90E683F213AC4EB0B3
86100017,CI474922F228C54DCC81
97730091,CI722BCF5CED0C4BD79E
97730315,CID85B65C7F74E4867AB
97730590,CIB23F89B32ECF44D285
97728746,CI20A8A2B607F447F791
97730222,CIB1A0F0671B90405CBA
97730415,CIFCA8DE0526C442FD9E
86100018,CID0D67CEB7B7B439E8C
97730101,CID52651ADCB4D41BE9B
97730316,CIAD0F88A5FB0B40EBAF
97730595,CI4BF9F980A780403AAE
97728637,CID5A563A35D434E7A9D
97730224,CI310F0602C34D44FDA3
97730416,CI71D361EFDA3D437EA4
86100019,CIE655C934F2EF44A38A
97730105,CI8C9C261E2E384B2796
97730321,CI845A8D6F105D4244A3
97728627,CIAB0707B8CAD944CB82
97730602,CI74F8E4B1279F4A3CA6
97730226,CI7B1C90069576410AB9
97730420,CIA4BA68B21E7C47CEAA
86100020,CIE8082AA1BDE24AD891
97730106,CIC4B1B196DDF54F2992
97730323,CI9420B299E9764C409A
97730605,CI6671087935C74F6491
97740936,CIA6D7DA7F362E441288
97730228,CIEA19309F907F47DCB8
97730437,CI60A0F3747C1249BB8C
86100021,CI5D297368AFFF4CB081
97730107,CI06ECC189028941078E
97730324,CI9CC11D835C374DC18F
97730606,CID91479D1BB8E4C1096
97729179,CI7A4B99EF75E84E558D
97730233,CI0FB762B12CDC461582
97730445,CI298BE2CEEF324DA9BC
86100022,CI98E307388B764D4AAB
97730110,CIB4D546DC553F4D2E9A
97730326,CI736A734CF56048C3AA
97730607,CIBF83E5D21C6E4B2CBB
97728634,CIE0EDB01258EF4944B8
97730234,CIECA7ADB2728C437592
97730451,CI9A1B258892A64A0D83
86100022,CI8B7262DD540F462983
97730111,CI85A7C72CA4EE464889
97730331,CI4DA4FFD29A5D4F9E83
97730608,CIA8F54A921E614205BF
97728638,CI23DF12916C314A689A
97730235,CICAC260F0174449C6A2
97730452,CI87ED90390685480F8E
86100024,CI8C10C81D010F44B58C
97730112,CI4F259C1BFBD543B1A9
97730335,CID8AABBE56E5049AEA2
97730615,CIDC2DF2DFB9D44B36A7
97728629,CI8E75B846B38745FB85
97730238,CIC9ABBCA2C1904FF693
97730460,CI55A82909127A45BE80
86100025,CI41FFC7A6235C4DBE85
97730114,CI9973ECEE06614FA5B9
97730336,CI65D2805E9AA24E1FAF
97730616,CI79841D01163B4B16BA
97730002,CI3536FB7C700849E99C
97730243,CI7AD0D26201A24C15AB
97730461,CI7D968277E68040B6B7
86100026,CIA9CF9A1535EC4D4AAE
97730337,CI51E798B3224C4DDF87
97730619,CI7F0B7E99657F40DDBC
97730005,CIBFCC4AE6BF3E4D628A
97730246,CI463B037AC1E14F24B2
97730124,CI9839774F701949C78C
97730462,CI9824218558A2483999
86100027,CI2543D27BBCF74E49AB
97730125,CI59C5D206F236499D9E
97730339,CIEC997FC4415A40DC96
97730667,CICE24665F0C0A472390
97730022,CI4841B5894ED4436195
97730251,CI8049ADF83FBE46A288
97730463,CIB3A8D726492D4F4D8C
86100028,CI1D457F147070401489
97730126,CI3B9E332AE26741658D
97730342,CIC1A8B66678194B5491
97730668,CI28D903D0F9AF438BA7
97730030,CI5A378093727D418FBE
97730266,CI0DB24AE975E04B209C
97730466,CI57A6C5551C414E3A8F
86100029,CI51F4AACED93F40A489
97730127,CIA15530E87CF642BB8F
97730343,CI3BC789A134EC458BAD
97730670,CIB45B462D61004EDAA5
97730054,CI215D4DCDD3604AF99F
97730268,CI35133B9335654FD58A
97730467,CIF13C2DFC3BC9475FA8
86100030,CI508F22429FCB4A4B89
97730129,CIC2728237876F45EB99
97730344,CI14803644BA1F440AB4
86100001,CI335672294F284932BE
97730057,CI9544E987C9884020A2
97730271,CI3C90CB664A024DA7A2
97730468,CI06959287C90D4982A2
86100031,CI8AE425D58A35495FB1
97730143,CI3390B70737B4482395
97730345,CIFA29EB01D41B49CAA6
86100002,CI017EEEBAB7EC4EB080
97730058,CI470882B6551C448B8A
97730274,CI10B33058B486488EBB
97730470,CIE1CDF0E030B04ACB8B
86100032,CI14267946BA484D67B0
97730151,CI3449197608C74A3081
97730346,CIB5B561F81BF24C39A6
86100003,CIA88D86F85AB54FD3A6
97730059,CI8AE8A46414164D329C
97730277,CIE57EFAE278EC4F61B4
97730475,CI3A66302382B946DD9C
86100033,CI36F50290637A431FBC
97730153,CI9B480E8F87BC45E39F
97730347,CI3233A85527AC43D4B4
86100004,CI06ABE5753B6D45FB93
97730060,CI823B7BB55F3143F59E
97730283,CI705C9F7179E2440C8E
97730476,CI216B1707492E4710B2
86100034,CI723B4863D28B411E8E
97730158,CIB2CB9C945C6A48D79E
97730348,CIFF6B043095F6484E91
86100005,CI381AED1510A7490EA4
97730062,CI588ACD5556364FA1B9
97730285,CI8185B32AB0CB4BF7B0
97730477,CI5C26624CFF334B21A7
86100035,CIC4A12C35E2214B17BE
97730162,CI81BA85C2706C4F8B81
97730350,CI4469E1C99D4545608E
86100006,CI62FFE00961474C17B8
97730063,CI204B7A1B007042F68B
97730286,CIF464A3FA00E145ACB5
86100036,CI557399AD508645EF83
97730167,CI18837CA1590B414185
86100007,CIC6D0422888BC49A880
97730481,CI9E865A8C529C414DA8
97730064,CIFF5F358A9F4243CEA8
97730353,CI967F442C01FB4D8A88
97730287,CI4389D2AB997A4B7995
97662981,CIF42FDB6C038C44D188
97730482,CI78B616BCA6D24B58A5
97730354,CI0E536453FFCE4D35B2
97730170,CI9AAF572F465547C28B
86100008,CI72BF34AB08624C0BB8
97730067,CICCFB1BD6EFDD40D68C
97730487,CIBEF7DCA8045C4E5DA1
97643309,CIDEA5BD784BC241DDAB
97730290,CI83C8C2DCFA394FF0A4
97730172,CIF69554F2DA3046A3BD
97730356,CI46544D7BAAC146D0B8
86100009,CI02BBFC72B1054B64A2
97730069,CI8EB95EC17172492D99
97730294,CI276C8E2640044DFD85
97730487,CI76C18608639749F790
97732048,CI8866E83C496F446487
97730174,CIAAC7428B8EC749AD9C
97730379,CID05EFB7E65B04A3883
86100010,CID7FE3B5F1E4D4B9DBE
97730071,CI9EB9BEEC9E5F45E883
97730295,CI4050252A47864EFF96
97730488,CI20979EDF0CD44C6884
97745795,CI0C13CBA3BEBD41FFB5
97730174,CI3819FFC2971F41EEBD
97730396,CIE9BA642F596B43809D
86100011,CI0398629F889945F081
97730296,CI49DCB3316BA645D39A
97730075,CI905706E8BFB0427ABE
97730570,CI9D752C7F4D894F2585
38832157,CIECB66E809CD54E7EB6
97730402,CIC309660FFE8048EBBA
86100012,CI2FE4CDB06D0940EB83
97730177,CI91CC0DCBF759481CBD
97730076,CI561810D92D4D4961AE
97730301,CI51433D5065AD4BF78C
97730578,CIBF56D2293DB64BA78E
97717286,CID83859521F964DC1A2
97730179,CICD037881A2CD461DAC
97730403,CIB43B739FDEDF41DFBF
86100013,CI988F996B17514FA3A3
97730078,CI777621165E144121A9
97730305,CIFDC956BF0E5B4EF083
97730581,CI04E945CE7CCD4B8A8E
97736044,CI16ACBB2708F4435A97
97730185,CICD14B655A6974D3F83
97730405,CI70380EB21A9C40C392
86100014,CI9FF0F89A642A4098B9
97730083,CI216C67E89F0A41E384
97730308,CIC9B0C83655354309B6
97730582,CI72CCFF525DDE4FEB9D
97610919,CIC427EC0E15CD4D7B9C
97730187,CI0D211E56C2344FCB90
97730406,CI09E9788558504E468B
86100015,CI873C2BD01B7D44EC81
97730087,CI67CD8731136044E991
97730311,CI52BEF1B611B1423F9D
97730583,CIB7A6E2D6BD5245B1A7
38825966,CI7C6DBD46479C4F33B4
97730193,CI23230B33415D463B94
97730411,CI0F8B0D6A236F45F48E
86100016,CI366121F93D6D4546BC
97730088,CI0EE76D869BB649898C
97730314,CIB0499510B52947AB8D
97730584,CI0F825FADDF6849FCA9
97728628,CIBCE0C76FE76046F692
97730200,CIC254B1ED179046DA81
97730412,CIC8A5265B95BA4865AD
86100017,CI055F45B1BFC144A3A8
97730091,CI3CC87A8943DA4F289B
97730315,CI3CBBAA05521545B1A6
97730590,CI6DE5BB14D33941E886
97728746,CIB2BFDA4211E44ABABA
97730222,CI3DE33185E0F849ED9B
97730415,CI349A85B355FA4F48B9
97730101,CIBC08A3C8A662415CA6
86100018,CI84EDEA047725433DA9
97730316,CI43E3369B4ACB4B02A2
97730595,CI6D1DC6D4CB564221AD
97728637,CI9E5EF2E658FC498397
97730224,CI536834343D4541BFB4
97730416,CI37BF1AC73E954BDCA7
86100019,CI4EF139A3C98E472FBE
97730105,CI4A0FCFCA2C6D42839F
97730321,CIF473D3E0FFE0492EA2
97730602,CI5311396D9D3F4C95B5
97728627,CIA7E30B8FC1AA426B83
97730226,CIFA4096D742E14D3F92
97730420,CI590A16DBC5E242C699
86100020,CIAAFDC0FFFEB94719AE
97730106,CIDD4856CDD5AF4E39A9
97730323,CI6136EBF5E01F4AFA88
97730605,CI10B494E00F4B4CFB8A
97730228,CIE827974805D747E48B
97730437,CI1CF6E5D9CF414753B8
86100021,CIB762F6269F274F2496
97730107,CI7E54AA626EC648A4A7
97740936,CI9CB10FEF53F54700AD
97730324,CI61FAA90E510B4EAA84
97730606,CIEBB2E61F001C4AE797
97729179,CIF562CF595AB74B79B4
97730445,CI219A8840228842D097
97730233,CI93AD15C7E5F444DBA6
86100022,CIE5A2C58241A5415BBF
97730110,CI70003F4484114900AE
97730326,CIAD779C6C1CBD42D186
97730607,CI4ED59663C22049C794
97728634,CI40770D89A25C4F4899
97730234,CI8D1674A3AB0449228F
97730451,CI268F0A613D21436E84
86100023,CIC20341A81094456385
97730111,CIA425805DC4334580AE
97730331,CIB1642006BB754C9484
97728638,CIF040055B6D4C4BA39E
97730608,CI93E7BF7235C4478191
97730235,CIE6635604E43E4720A1
97730452,CI48D3F71B29994A0D80
97730112,CI30DCBEDEFB1246EC96
97730335,CI8E5F1C7F0513426B83
86100024,CI80894DA13EBB4DEA9A
97730615,CIBB62C1ED245A4310A8
97728629,CI8096970E07E64D99AD
97730238,CIAE8D9628A8C24D04BF
97730460,CI40A5EC9919754B1D8C
86100025,CIB9EC9750A75A47FB89
97730114,CID33D8DC4992B4BBEB4
97730336,CI0CEB3E5F0BE24EC18C
97730616,CI8292E9295E14426BB2
97730002,CI0320EFA826FE495CB6
97730243,CID960BA8CC165430688
97730461,CI4A60D5FDFFF74806B8
86100026,CIAA102FB226F246D89C
97730124,CIC093D1BBA1FF4387A8
97730337,CIF5613A5D67F2455A85
97730667,CIC7D69081F2884086AD
97730005,CI60CC18A54D7E407D9B
97730246,CI1BC5444B9B8B4382B7
97730462,CIFF9E9BAAD1824936B4
86100027,CIE1F750064BEB4993A0
97730125,CI8AE45E5593BA487AA3
97730339,CI9568BFD1CE7E49A780
97730667,CIEC985C2EC80A458199
97730022,CI3F89A2BA5A4743E1B4
97730463,CIAC35E67BD2D34C20BB
86100028,CIAEE9B6CC59174D7C8C
97730126,CI58BAFFAFAD36491DB5
97730251,CI9BC68F078F7A4AC8B8
97730668,CIC2253CEF9E6547AC95
97730030,CIF5666BA79C0A4695B2
97730266,CI4F3944103322419680
97730466,CI0BC1130B0220462AA6
86100029,CIA388A0C4F7E44C72A3
97730127,CI60A8F80C190D40B99D
97730342,CI965EBCDB65814FBFB8
97730343,CIB3CE50F134BB4E92A9
97730670,CID98C168493B4472CBD
97730054,CIC157100850EF47E38B
97730268,CIAA16822F3FEC4A18B2
97730467,CI9A5EABA8E19F473195
86100030,CIB4CFD3E67C65448F99
97730129,CI3C8AF05B98154BF98A
97730344,CIB3DF6163C1C24D7E80
86100001,CIA7D240B5523545DAA3
97730054,CIADEF0A64C74D49A99A
97730271,CI5EA8FB12CD554A4ABE
86100031,CI427D80CB25074E4886
97730143,CI106E61905093459FAF
97730345,CI0A6178090780462D8C
86100002,CIAF5A8B0B549644B7A3
97730058,CI0421BC0D1E534755A9
97730274,CIBAAEDF90FE294464AF
97730470,CI77DA348949DF4E1BB2
97730468,CI936BDA1EA6C14DE989
86100032,CI8ED5C81CEC8745BA81
97730151,CIB154FDB12B5A45DBB6
97730346,CI1644A1EE5133485E8A
86100003,CIC45033048C1049188B
97730059,CIFE3183BDD4C64BAC90
97730277,CI4F00D4B2D9EF43D49B
97730475,CIF10524D4FD0C4305B1
86100033,CI283F486C15704CB6AD
97730153,CI0BD38E77860C454A82
97730347,CI8ECA141F54644B89A7
86100004,CI4149CEC4780340C5BA
97730060,CI24469EED8EF840A09F
97730283,CI071E5DC0F1B74ED296
97730476,CIE20E5910174542BC94
86100034,CIB271C97268294E5B96
97730158,CIB46961085F524FFE80
97730348,CI649B4FE8C8A847D986
86100005,CI0190F181543344F2B8
97730285,CICF79E425A9154C21AD
97730062,CI30983EA6F3614E48BB
97730477,CIB23ECDD0BB7D4C6EA3
86100035,CI4168D899BC144051BA
97730162,CI56B559850B0F430CBF
97730350,CIEF53E9C11E6F4199A5
86100006,CIF55A512EFBBB48E397
97730063,CI5538D6DD3A4F4C92AE
97730286,CI4FEBE96FB28A40AFA3
97730481,CI69B2CFE3A5474F5B97
86100036,CI80723C7FABF14DC6BE
97730167,CI1AC1A73CF363489FA1
86100007,CI4F3BE030FC694D39AE
97730353,CI94DD02302C9B477684
97730064,CIA46E54C2B0044FDFB5
97730287,CI35696D5815584564B7
97730482,CI27F8A9EC09444BF8B2
97662981,CIE34C52CCCF844A6087
97730170,CID3D5521BEBFA434CB4
97730354,CI13E518C2EAB04F069B
86100008,CIE0D6C6C4013F48E793
97730067,CI4591FCA8749C4576B0
97730290,CI33E08CCF052A45BD91
97730484,CI3B7179807D5546AEB2
97643309,CI20B18AAF7BCC4F4FAC
97730172,CI216BC83E32814749A6
97730356,CI9B6C6A0001E8471A93
86100009,CI626C1F1D2FA44E06B7
97730069,CI372C3DEDDE8E4384A0
97730294,CI275FE341D7BF468E80
97730487,CI563AC38BCAF04BA998
97732048,CIE5001A57E8AA4D7E9F
97730174,CI8438CB1084934A95B8
97730379,CIF9A92C7E602E4B6D8E
86100010,CI0E889F9BA9A54BC6B1
97730071,CI44C471B07A4B4B629C
97730295,CI6FF71FAA699B47528E
97730488,CICDF6AD47113C4B0CA4
97745795,CIB446B2E196E7499EB5
97730176,CI213013C2B1AB4A18AC
97730396,CIFEA4DEE7A1754ADDB6
86100011,CI174F8C84901B4AE5A7
97730075,CI9FF347FE1D124D3D87
97730296,CI6ADB21A4EEEA4B55A9
97730570,CI6DED680AB1204FCA82
38832157,CIAA6E7235FA81481AB9
97730177,CI0627C6874C51450388
97730402,CI5C38EFA3E18F4A438D
86100012,CID9A87C38D6C84750B8
97730076,CI2ACE8ED3964B40F4B8
97730301,CIF679095BFF0D4E669D
97730578,CI7FF66296BF064A3B84
97717286,CI36F638AAF465430284
97730179,CIDFBA52E7CBD04501B8
97730403,CI298C32E6B0234E1AB5
86100013,CIF1094D9F830E476190
97730078,CICC1118BF03AA4E089F
97730305,CI830D7E71028A459A97
97730578,CIE658008878FD4DCF91
97610919,CID0B09A915ED2445B83
97730185,CI8E620B26547B4B64A6
97730405,CI46306D33E8CD47DF88
86100014,CI6B92BCC83449410F9A
97730083,CI0EBB06DC18DB4B4DA8
97730308,CI94942170DCCC434399
97730582,CI969E4FACD2CD4AFBAF
97610919,CI0D574E534FDA4FC5B3
97730187,CI9E34AA040E0C497197
97730406,CIE74F965129714A09A9
86100015,CI54A409B79E2246C199
97730087,CIBF4EEB035B754E95B1
97730311,CIE10319AA6A4840289E
97730583,CI45E56C0AA76C4D478F
38825966,CIB74A924157214E5CAF
97730193,CID02D9F61CD52471F9F
97730411,CI7FA49B8F2B9C42C493
86100016,CI1F85598D302846489A
97730088,CICD1E69A73E014811B8
97730314,CI2EEFDDBCBF4B40A6A4
97730584,CIA96D7DA6C5234B76B1
97728628,CI12E5D301F00A4D0FBA
97730200,CI1E5F5EF4A08E4AFAAA
97730412,CI10FB346748B44CB0B0
86100017,CI5E799A805F60467386
97730091,CI4371BF4C000240048D
97730315,CI671345945DE24498B7
97730590,CID6799FBA5877436DA1
97728746,CI15A40FED11B54F1C9E
97730222,CIC8B4E8AA828F4CF9B5
97730415,CI36B35BD689DE477997
86100018,CI0CC485CC7FF948B5AC
97730101,CI5F67B355832240698E
97730316,CI0C1DEF6DF388486B8E
97730595,CI3CA70872E2D44E0B92
97728637,CIC2D4C142495B422AB5
97730224,CI2025DCBCD87340CB87
97730416,CI6A11F14D231A4022A5
86100019,CI0587314DF7B34681BC
97730105,CI0B22E39EE0734318AA
97730321,CI83553289DEBD467EAC
97730602,CIA6E276F900674D1698
97728627,CI89923D0C8E9D496E93
97730226,CI387EBEFDCE264A83AA
97730420,CI10E0580C96704EE484
86100020,CI59709F38DC7B47AAA6
97730106,CI320F39ADC3AF48AFB4
97730323,CI523A1F86F43E40A295
97730605,CIADA6BA86EAD3418299
97740936,CIAFB64C5D6908422EA3
97730228,CIAC5CCD3A0D4A4D6CB8
97730107,CI115D1B0AF5ED4270A4
86100021,CI7D1FE6BE3D5F49C0AF
97730324,CI12B8415DA6924943AD
97730437,CI88EC12922FA240B3A1
97729179,CI6D54916F5DB440A380
97730233,CI6E5D7BE1C61343EF92
97730606,CI90F03B02F48249E6AB